// Generated from: background.png by tools/png2rle565.py
// Format: RGB565_LE, run length encoded, draw with pushImageRLE()
// Original size: 128x128 = 32768 bytes, encoded: 22007 bytes

const uint16_t default_background_width = 128;
const uint16_t default_background_height = 128;

const uint8_t default_background_rle[] PLATFORM_PROGMEM = {
    0x02, 0x7A, 0xBE, 0xBA, 0xC6, 0xDA, 0xC6, 0x82, 0xBA, 0xC6, 0x81, 0xBA, 0xBE, 0x81, 0xBA, 0xC6,
    0x81, 0xDA, 0xC6, 0x83, 0xBA, 0xC6, 0x81, 0xDA, 0xC6, 0x01, 0xBA, 0xC6, 0xDA, 0xC6, 0x82, 0xBA,
    0xC6, 0x0A, 0xBA, 0xBE, 0x9A, 0xBE, 0x7A, 0xBE, 0xBA, 0xBE, 0xBA, 0xC6, 0x9A, 0xBE, 0x7B, 0xB6,
    0x9A, 0xBE, 0xBA, 0xC6, 0xBA, 0xBE, 0x9A, 0xBE, 0x81, 0x7A, 0xBE, 0x81, 0x7B, 0xB6, 0x00, 0xBA,
    0xBE, 0x81, 0xDA, 0xC6, 0x81, 0xBA, 0xC6, 0x82, 0xBA, 0xBE, 0x81, 0xBA, 0xC6, 0x00, 0xDA, 0xC6,
    0x83, 0xBA, 0xC6, 0x82, 0xDA, 0xC6, 0x84, 0xBA, 0xC6, 0x06, 0x9A, 0xBE, 0x7A, 0xBE, 0x9A, 0xBE,
    0xBA, 0xC6, 0x9A, 0xBE, 0x7B, 0xB6, 0x9A, 0xBE, 0x81, 0xBA, 0xC6, 0x00, 0x9A, 0xBE, 0x81, 0x7A,
    0xBE, 0x81, 0x7B, 0xB6, 0x00, 0x9A, 0xBE, 0x81, 0xDA, 0xC6, 0x81, 0xBA, 0xC6, 0x82, 0xBA, 0xBE,
    0x81, 0xBA, 0xC6, 0x81, 0xDA, 0xC6, 0x82, 0xBA, 0xC6, 0x82, 0xDA, 0xC6, 0x84, 0xBA, 0xC6, 0x04,
    0x9A, 0xBE, 0x7A, 0xBE, 0x9A, 0xBE, 0xBA, 0xC6, 0x9A, 0xBE, 0x81, 0x7A, 0xBE, 0x02, 0xBA, 0xBE,
    0xBA, 0xC6, 0x9A, 0xBE, 0x81, 0x7A, 0xBE, 0x04, 0x7A, 0xB6, 0x5B, 0xB6, 0x9A, 0xBE, 0xBA, 0xC6,
    0xDA, 0xC6, 0x82, 0xBA, 0xC6, 0x81, 0xBA, 0xBE, 0x81, 0xBA, 0xC6, 0x81, 0xDA, 0xC6, 0x83, 0xBA,
    0xC6, 0x01, 0x9A, 0xBE, 0xBA, 0xC6, 0x81, 0xDA, 0xC6, 0x81, 0xBA, 0xC6, 0x81, 0x9A, 0xBE, 0x81,
    0xBA, 0xC6, 0x81, 0xDA, 0xC6, 0x01, 0xBA, 0xC6, 0xBA, 0xBE, 0x81, 0xBA, 0xC6, 0x04, 0xDA, 0xC6,
    0xBA, 0xC6, 0x9A, 0xBE, 0xBA, 0xC6, 0xDA, 0xC6, 0x82, 0xBA, 0xC6, 0x82, 0x9A, 0xBE, 0x81, 0xBA,
    0xBE, 0x01, 0x9A, 0xBE, 0xBA, 0xBE, 0x81, 0x9A, 0xBE, 0x81, 0x7B, 0xB6, 0x03, 0x7A, 0xB6, 0x7A,
    0xBE, 0x9A, 0xBE, 0xBA, 0xC6, 0x81, 0xDA, 0xC6, 0x00, 0xBA, 0xC6, 0x81, 0xBA, 0xBE, 0x00, 0x9A,
    0xBE, 0x81, 0xBA, 0xBE, 0x82, 0xDA, 0xC6, 0x02, 0xBA, 0xC6, 0xBA, 0xBE, 0xBA, 0xC6, 0x81, 0xDA,
    0xC6, 0x01, 0x9A, 0xBE, 0xBA, 0xBE, 0x83, 0xBA, 0xC6, 0x82, 0x9A, 0xBE, 0x81, 0xBA, 0xBE, 0x00,
    0x9A, 0xBE, 0x81, 0xBA, 0xBE, 0x01, 0x9A, 0xBE, 0x7A, 0xBE, 0x81, 0x7B, 0xB6, 0x02, 0x7A, 0xBE,
    0x9A, 0xBE, 0xBA, 0xBE, 0x81, 0xDA, 0xC6, 0x81, 0xBA, 0xC6, 0x03, 0xBA, 0xBE, 0x9A, 0xBE, 0xBA,
    0xBE, 0xBA, 0xC6, 0x82, 0xDA, 0xC6, 0x01, 0xBA, 0xC6, 0xBA, 0xBE, 0x81, 0xBA, 0xC6, 0x00, 0xDA,
    0xC6, 0x81, 0xBA, 0xBE, 0x01, 0xBA, 0xC6, 0xDA, 0xC6, 0x81, 0xBA, 0xC6, 0x00, 0xBA, 0xBE, 0x81,
    0x9A, 0xBE, 0x81, 0xBA, 0xBE, 0x00, 0x9A, 0xBE, 0x81, 0xBA, 0xBE, 0x01, 0x9A, 0xBE, 0x7A, 0xBE,
    0x81, 0x7B, 0xB6, 0x00, 0x7A, 0xBE, 0x81, 0x9A, 0xBE, 0x00, 0xBA, 0xC6, 0x81, 0xDA, 0xC6, 0x81,
    0xBA, 0xC6, 0x81, 0x9A, 0xBE, 0x81, 0xBA, 0xC6, 0x81, 0xDA, 0xC6, 0x01, 0xBA, 0xC6, 0xBA, 0xBE,
    0x83, 0xBA, 0xC6, 0x81, 0xDA, 0xC6, 0x00, 0xBA, 0xC6, 0x83, 0xBA, 0xBE, 0x81, 0x9A, 0xBE, 0x00,
    0xBA, 0xBE, 0x81, 0xBA, 0xC6, 0x00, 0xBA, 0xBE, 0x82, 0xBA, 0xC6, 0x01, 0x9A, 0xBE, 0xBA, 0xBE,
    0x81, 0xDA, 0xC6, 0x81, 0xBA, 0xC6, 0x83, 0xBA, 0xBE, 0x02, 0xBA, 0xC6, 0xBA, 0xBE, 0x9A, 0xBE,
    0x81, 0x7A, 0xBE, 0x81, 0x5B, 0xB6, 0x02, 0x7B, 0xB6, 0x9A, 0xBE, 0xBA, 0xBE, 0x81, 0xBA, 0xC6,
    0x01, 0xDA, 0xC6, 0xBA, 0xC6, 0x83, 0xBA, 0xBE, 0x82, 0x9A, 0xBE, 0x81, 0xBA, 0xC6, 0x81, 0xBA,
    0xBE, 0x81, 0xBA, 0xC6, 0x81, 0x9A, 0xBE, 0x82, 0xDA, 0xC6, 0x00, 0xBA, 0xC6, 0x83, 0xBA, 0xBE,
    0x81, 0xBA, 0xC6, 0x81, 0x9A, 0xBE, 0x05, 0x7A, 0xBE, 0x7B, 0xB6, 0x5B, 0xB6, 0x7B, 0xB6, 0x9A,
    0xBE, 0xBA, 0xBE, 0x81, 0xBA, 0xC6, 0x01, 0xDA, 0xC6, 0xBA, 0xC6, 0x82, 0xBA, 0xBE, 0x83, 0x9A,
    0xBE, 0x81, 0xBA, 0xC6, 0x81, 0xBA, 0xBE, 0x01, 0xBA, 0xC6, 0xDA, 0xC6, 0x81, 0x9A, 0xBE, 0x00,
    0xBA, 0xC6, 0x81, 0xDA, 0xC6, 0x00, 0xBA, 0xC6, 0x83, 0xBA, 0xBE, 0x81, 0xBA, 0xC6, 0x81, 0x9A,
    0xBE, 0x01, 0x7A, 0xBE, 0x7A, 0xB6, 0x81, 0x5B, 0xB6, 0x81, 0x9A, 0xBE, 0x81, 0xBA, 0xC6, 0x81,
    0xDA, 0xC6, 0x00, 0xBA, 0xC6, 0x81, 0xBA, 0xBE, 0x01, 0x9A, 0xBE, 0xBA, 0xBE, 0x81, 0x9A, 0xBE,
    0x82, 0xBA, 0xC6, 0x01, 0xBA, 0xBE, 0xBA, 0xC6, 0x81, 0xBA, 0xBE, 0x81, 0xBA, 0xC6, 0x81, 0xBA,
    0xBE, 0x82, 0xBA, 0xC6, 0x02, 0x7A, 0xB6, 0x7B, 0xB6, 0x9A, 0xBE, 0x81, 0xBA, 0xC6, 0x81, 0xBA,
    0xBE, 0x03, 0xBA, 0xC6, 0xBA, 0xBE, 0x9A, 0xBE, 0xBA, 0xC6, 0x81, 0xDA, 0xC6, 0x81, 0xBA, 0xC6,
    0x00, 0xBA, 0xBE, 0x83, 0xBA, 0xC6, 0x07, 0x9A, 0xBE, 0x7A, 0xBE, 0x7A, 0xB6, 0x7A, 0xBE, 0x7A,
    0xB6, 0x5B, 0xB6, 0x7A, 0xBE, 0x9A, 0xBE, 0x81, 0xBA, 0xBE, 0x82, 0xBA, 0xC6, 0x00, 0xBA, 0xBE,
    0x81, 0xBA, 0xC6, 0x04, 0xDA, 0xC6, 0x7A, 0xBE, 0x7B, 0xB6, 0x7A, 0xBE, 0xBA, 0xBE, 0x81, 0xBA,
    0xC6, 0x00, 0x9A, 0xBE, 0x81, 0xBA, 0xC6, 0x01, 0x9A, 0xBE, 0xBA, 0xC6, 0x82, 0xDA, 0xC6, 0x01,
    0xBA, 0xC6, 0xBA, 0xBE, 0x83, 0xBA, 0xC6, 0x81, 0x9A, 0xBE, 0x00, 0x7A, 0xB6, 0x81, 0x7A, 0xBE,
    0x02, 0x5B, 0xB6, 0x7A, 0xB6, 0x9A, 0xBE, 0x81, 0xBA, 0xBE, 0x82, 0xBA, 0xC6, 0x81, 0xBA, 0xBE,
    0x05, 0xBA, 0xC6, 0xDA, 0xC6, 0x9A, 0xBE, 0x7B, 0xB6, 0x7A, 0xBE, 0xBA, 0xBE, 0x81, 0xBA, 0xC6,
    0x04, 0x9A, 0xBE, 0xBA, 0xBE, 0xBA, 0xC6, 0x9A, 0xBE, 0xBA, 0xBE, 0x82, 0xDA, 0xC6, 0x01, 0xBA,
    0xC6, 0xBA, 0xBE, 0x83, 0xBA, 0xC6, 0x07, 0xBA, 0xBE, 0x9A, 0xBE, 0x7A, 0xBE, 0x7A, 0xB6, 0x7A,
    0xBE, 0x5B, 0xB6, 0x7B, 0xB6, 0x9A, 0xBE, 0x82, 0xBA, 0xBE, 0x81, 0xBA, 0xC6, 0x81, 0xBA, 0xBE,
    0x02, 0xBA, 0xC6, 0xDA, 0xC6, 0xBA, 0xBE, 0x81, 0x7B, 0xB6, 0x00, 0x9A, 0xBE, 0x81, 0xBA, 0xC6,
    0x01, 0x9A, 0xBE, 0xBA, 0xBE, 0x81, 0x9A, 0xBE, 0x01, 0xBA, 0xBE, 0xBA, 0xC6, 0x81, 0x9A, 0xBE,
    0x81, 0xBA, 0xC6, 0x03, 0x9A, 0xBE, 0x7A, 0xB6, 0x7B, 0xB6, 0x9A, 0xBE, 0x82, 0xBA, 0xC6, 0x00,
    0xBA, 0xBE, 0x81, 0xBA, 0xC6, 0x01, 0xBA, 0xBE, 0xBA, 0xC6, 0x82, 0xDA, 0xC6, 0x00, 0xBA, 0xC6,
    0x81, 0xBA, 0xBE, 0x82, 0xBA, 0xC6, 0x83, 0x9A, 0xBE, 0x03, 0x7A, 0xBE, 0x7A, 0xB6, 0x9A, 0xBE,
    0xBA, 0xBE, 0x82, 0x9A, 0xBE, 0x08, 0xBA, 0xC6, 0xBA, 0xBE, 0x9A, 0xBE, 0xBA, 0xBE, 0xBA, 0xC6,
    0xBA, 0xBE, 0x7A, 0xBE, 0x7B, 0xB6, 0x9A, 0xBE, 0x82, 0xBA, 0xC6, 0x81, 0xBA, 0xBE, 0x02, 0xBA,
    0xC6, 0xBA, 0xBE, 0xBA, 0xC6, 0x82, 0xDA, 0xC6, 0x00, 0xBA, 0xC6, 0x81, 0xBA, 0xBE, 0x82, 0xBA,
    0xC6, 0x84, 0x9A, 0xBE, 0x03, 0x7A, 0xB6, 0x7A, 0xBE, 0x9A, 0xBE, 0xBA, 0xBE, 0x81, 0x9A, 0xBE,
    0x81, 0xBA, 0xC6, 0x81, 0x9A, 0xBE, 0x81, 0xBA, 0xC6, 0x02, 0x9A, 0xBE, 0x7B, 0xB6, 0x7A, 0xBE,
    0x82, 0xBA, 0xC6, 0x81, 0xBA, 0xBE, 0x02, 0xBA, 0xC6, 0xBA, 0xBE, 0xBA, 0xC6, 0x82, 0xDA, 0xC6,
    0x81, 0xBA, 0xC6, 0x00, 0xBA, 0xBE, 0x82, 0xBA, 0xC6, 0x00, 0xBA, 0xBE, 0x83, 0x9A, 0xBE, 0x81,
    0x7A, 0xBE, 0x01, 0x9A, 0xBE, 0xBA, 0xBE, 0x81, 0x9A, 0xBE, 0x01, 0xBA, 0xBE, 0xBA, 0xC6, 0x81,
    0x9A, 0xBE, 0x81, 0xBA, 0xC6, 0x03, 0x9A, 0xBE, 0x7B, 0xB6, 0x7A, 0xB6, 0x9A, 0xBE, 0x82, 0xBA,
    0xC6, 0x02, 0xBA, 0xBE, 0x9A, 0xBE, 0xBA, 0xBE, 0x81, 0x9A, 0xBE, 0x07, 0x7A, 0xBE, 0x9A, 0xBE,
    0xBA, 0xBE, 0xBA, 0xC6, 0xBA, 0xBE, 0x7A, 0xBE, 0x7A, 0xB6, 0x9A, 0xBE, 0x86, 0xBA, 0xC6, 0x00,
    0xDA, 0xC6, 0x83, 0xBA, 0xC6, 0x00, 0xBA, 0xBE, 0x8A, 0x9A, 0xBE, 0x01, 0xBA, 0xBE, 0x9A, 0xBE,
    0x82, 0xBA, 0xBE, 0x02, 0x9A, 0xBE, 0x7A, 0xBE, 0x9A, 0xBE, 0x81, 0xBA, 0xC6, 0x03, 0x9A, 0xBE,
    0x7A, 0xB6, 0x9A, 0xBE, 0xBA, 0xBE, 0x85, 0xBA, 0xC6, 0x81, 0xDA, 0xC6, 0x82, 0xBA, 0xC6, 0x00,
    0xBA, 0xBE, 0x8A, 0x9A, 0xBE, 0x82, 0xBA, 0xBE, 0x00, 0xBA, 0xC6, 0x81, 0x9A, 0xBE, 0x01, 0x7A,
    0xBE, 0x9A, 0xBE, 0x81, 0xBA, 0xC6, 0x00, 0x9A, 0xBE, 0x81, 0x7A, 0xBE, 0x00, 0x9A, 0xBE, 0x85,
    0xBA, 0xC6, 0x81, 0xDA, 0xC6, 0x83, 0xBA, 0xC6, 0x8A, 0x9A, 0xBE, 0x81, 0xBA, 0xBE, 0x01, 0x9A,
    0xBE, 0xBA, 0xC6, 0x81, 0x9A, 0xBE, 0x01, 0x7A, 0xBE, 0x9A, 0xBE, 0x81, 0xBA, 0xC6, 0x00, 0xBA,
    0xBE, 0x81, 0x7A, 0xBE, 0x00, 0x9A, 0xBE, 0x83, 0xBA, 0xC6, 0x00, 0xBA, 0xBE, 0x82, 0x9A, 0xBE,
    0x00, 0x7A, 0xBE, 0x81, 0x9A, 0xBE, 0x03, 0xBA, 0xC6, 0xBA, 0xBE, 0x9A, 0xBE, 0x7A, 0xBE, 0x81,
    0x9A, 0xBE, 0x84, 0xBA, 0xC6, 0x81, 0xDA, 0xC6, 0x00, 0xBA, 0xC6, 0x81, 0xBA, 0xBE, 0x81, 0xBA,
    0xC6, 0x01, 0xBA, 0xBE, 0x9A, 0xBE, 0x81, 0x7A, 0xBE, 0x02, 0x7B, 0xB6, 0x7A, 0xBE, 0x9A, 0xBE,
    0x81, 0xBA, 0xBE, 0x03, 0x9A, 0xBE, 0xBA, 0xBE, 0xBA, 0xC6, 0xBA, 0xBE, 0x85, 0x9A, 0xBE, 0x81,
    0xBA, 0xC6, 0x00, 0x9A, 0xBE, 0x81, 0x7A, 0xBE, 0x01, 0x9A, 0xBE, 0xBA, 0xBE, 0x84, 0xBA, 0xC6,
    0x00, 0xDA, 0xC6, 0x81, 0xBA, 0xC6, 0x04, 0xBA, 0xBE, 0xBA, 0xC6, 0xDA, 0xC6, 0xBA, 0xBE, 0x9A,
    0xBE, 0x81, 0x7A, 0xBE, 0x81, 0x7A, 0xB6, 0x02, 0x9A, 0xBE, 0xBA, 0xBE, 0xBA, 0xC6, 0x81, 0x9A,
    0xBE, 0x00, 0xBA, 0xC6, 0x81, 0xBA, 0xBE, 0x82, 0x9A, 0xBE, 0x04, 0x7A, 0xBE, 0x9A, 0xBE, 0xBA,
    0xBE, 0xBA, 0xC6, 0x9A, 0xBE, 0x81, 0x7A, 0xBE, 0x01, 0x9A, 0xBE, 0xBA, 0xBE, 0x84, 0xBA, 0xC6,
    0x00, 0xDA, 0xC6, 0x81, 0xBA, 0xC6, 0x03, 0xBA, 0xBE, 0xBA, 0xC6, 0xDA, 0xC6, 0xBA, 0xC6, 0x81,
    0x9A, 0xBE, 0x81, 0x7A, 0xBE, 0x00, 0x7A, 0xB6, 0x81, 0x9A, 0xBE, 0x00, 0xBA, 0xC6, 0x81, 0x9A,
    0xBE, 0x00, 0xBA, 0xC6, 0x81, 0xBA, 0xBE, 0x82, 0x9A, 0xBE, 0x04, 0x7A, 0xBE, 0x9A, 0xBE, 0xBA,
    0xBE, 0xBA, 0xC6, 0xBA, 0xBE, 0x81, 0x7A, 0xBE, 0x81, 0x9A, 0xBE, 0x85, 0xBA, 0xC6, 0x00, 0xBA,
    0xBE, 0x82, 0x9A, 0xBE, 0x00, 0xBA, 0xBE, 0x83, 0x9A, 0xBE, 0x00, 0xBA, 0xBE, 0x82, 0xBA, 0xC6,
    0x81, 0xBA, 0xBE, 0x82, 0xBA, 0xC6, 0x81, 0xBA, 0xBE, 0x81, 0xDA, 0xC6, 0x01, 0xBA, 0xC6, 0x9A,
    0xBE, 0x81, 0x7B, 0xB6, 0x05, 0x7A, 0xB6, 0x9A, 0xBE, 0xBA, 0xBE, 0xBA, 0xC6, 0xBA, 0xBE, 0x9A,
    0xBE, 0x81, 0xBA, 0xBE, 0x83, 0xBA, 0xC6, 0x83, 0x9A, 0xBE, 0x00, 0xBA, 0xBE, 0x82, 0x9A, 0xBE,
    0x00, 0xBA, 0xBE, 0x82, 0xBA, 0xC6, 0x81, 0xBA, 0xBE, 0x82, 0xBA, 0xC6, 0x81, 0xBA, 0xBE, 0x03,
    0xBA, 0xC6, 0xDA, 0xC6, 0xBA, 0xC6, 0x9A, 0xBE, 0x81, 0x7B, 0xB6, 0x06, 0x7A, 0xB6, 0x9A, 0xBE,
    0xBA, 0xBE, 0xBA, 0xC6, 0xBA, 0xBE, 0x9A, 0xBE, 0xBA, 0xBE, 0x84, 0xBA, 0xC6, 0x83, 0x9A, 0xBE,
    0x00, 0xBA, 0xBE, 0x82, 0x9A, 0xBE, 0x00, 0xBA, 0xBE, 0x83, 0xBA, 0xC6, 0x81, 0xBA, 0xBE, 0x81,
    0xBA, 0xC6, 0x81, 0xBA, 0xBE, 0x04, 0xBA, 0xC6, 0xDA, 0xC6, 0xBA, 0xC6, 0xBA, 0xBE, 0x7A, 0xBE,
    0x81, 0x7B, 0xB6, 0x07, 0x7A, 0xBE, 0x9A, 0xBE, 0xBA, 0xC6, 0xBA, 0xBE, 0x9A, 0xBE, 0xBA, 0xBE,
    0xBA, 0xC6, 0xBA, 0xBE, 0x82, 0xBA, 0xC6, 0x00, 0xBA, 0xBE, 0x82, 0x9A, 0xBE, 0x00, 0xBA, 0xBE,
    0x83, 0x9A, 0xBE, 0x00, 0xBA, 0xBE, 0x84, 0xBA, 0xC6, 0x01, 0xDA, 0xC6, 0xBA, 0xC6, 0x85, 0x9A,
    0xBE, 0x81, 0xBA, 0xBE, 0x81, 0xBA, 0xC6, 0x83, 0xBA, 0xBE, 0x86, 0xBA, 0xC6, 0x01, 0xBA, 0xBE,
    0x9A, 0xBE, 0x81, 0x7B, 0xB6, 0x83, 0x9A, 0xBE, 0x83, 0xBA, 0xBE, 0x81, 0xBA, 0xC6, 0x81, 0xDA,
    0xC6, 0x85, 0x9A, 0xBE, 0x81, 0xBA, 0xBE, 0x81, 0xBA, 0xC6, 0x83, 0xBA, 0xBE, 0x86, 0xBA, 0xC6,
    0x01, 0xBA, 0xBE, 0x9A, 0xBE, 0x81, 0x7B, 0xB6, 0x00, 0x7A, 0xBE, 0x83, 0x9A, 0xBE, 0x82, 0xBA,
    0xBE, 0x81, 0xBA, 0xC6, 0x81, 0xDA, 0xC6, 0x00, 0xBA, 0xBE, 0x84, 0x9A, 0xBE, 0x81, 0xBA, 0xBE,
    0x81, 0xBA, 0xC6, 0x83, 0xBA, 0xBE, 0x86, 0xBA, 0xC6, 0x06, 0xBA, 0xBE, 0x9A, 0xBE, 0x7A, 0xB6,
    0x7B, 0xB6, 0x7A, 0xB6, 0x9A, 0xBE, 0xBA, 0xBE, 0x81, 0x9A, 0xBE, 0x82, 0xBA, 0xBE, 0x82, 0xBA,
    0xC6, 0x01, 0xDA, 0xC6, 0xBA, 0xC6, 0x84, 0x9A, 0xBE, 0x81, 0xBA, 0xBE, 0x82, 0xBA, 0xC6, 0x81,
    0xBA, 0xBE, 0x81, 0xBA, 0xC6, 0x02, 0xDA, 0xC6, 0xBA, 0xBE, 0x9A, 0xBE, 0x81, 0x7A, 0xBE, 0x82,
    0x9A, 0xBE, 0x00, 0xBA, 0xBE, 0x82, 0xBA, 0xC6, 0x82, 0x9A, 0xBE, 0x00, 0xBA, 0xBE, 0x85, 0xBA,
    0xC6, 0x02, 0xBA, 0xBE, 0x9A, 0xBE, 0x7A, 0xBE, 0x81, 0x7B, 0xB6, 0x83, 0x9A, 0xBE, 0x01, 0xBA,
    0xBE, 0xBA, 0xC6, 0x81, 0xBA, 0xBE, 0x81, 0xBA, 0xC6, 0x02, 0xDA, 0xC6, 0xBA, 0xC6, 0x9A, 0xBE,
    0x81, 0x7A, 0xBE, 0x82, 0x9A, 0xBE, 0x00, 0xBA, 0xBE, 0x82, 0xBA, 0xC6, 0x00, 0xBA, 0xBE, 0x81,
    0x9A, 0xBE, 0x00, 0xBA, 0xBE, 0x85, 0xBA, 0xC6, 0x01, 0xBA, 0xBE, 0x9A, 0xBE, 0x81, 0x7A, 0xBE,
    0x01, 0x7B, 0xB6, 0x7A, 0xBE, 0x82, 0x9A, 0xBE, 0x01, 0xBA, 0xBE, 0xBA, 0xC6, 0x81, 0xBA, 0xBE,
    0x81, 0xBA, 0xC6, 0x02, 0xDA, 0xC6, 0xBA, 0xC6, 0x9A, 0xBE, 0x81, 0x7A, 0xBE, 0x82, 0x9A, 0xBE,
    0x00, 0xBA, 0xBE, 0x83, 0xBA, 0xC6, 0x82, 0x9A, 0xBE, 0x85, 0xBA, 0xC6, 0x01, 0xBA, 0xBE, 0x9A,
    0xBE, 0x81, 0x7A, 0xBE, 0x01, 0x7B, 0xB6, 0x7A, 0xB6, 0x83, 0x9A, 0xBE, 0x81, 0xBA, 0xC6, 0x81,
    0xBA, 0xBE, 0x82, 0xBA, 0xC6, 0x02, 0xBA, 0xBE, 0x9A, 0xBE, 0x7A, 0xBE, 0x83, 0x9A, 0xBE, 0x00,
    0xBA, 0xBE, 0x82, 0xBA, 0xC6, 0x81, 0x9A, 0xBE, 0x82, 0xBA, 0xBE, 0x89, 0x9A, 0xBE, 0x00, 0xBA,
    0xC6, 0x81, 0x9A, 0xBE, 0x85, 0xBA, 0xBE, 0x87, 0x9A, 0xBE, 0x00, 0xBA, 0xBE, 0x81, 0x9A, 0xBE,
    0x86, 0xBA, 0xBE, 0x89, 0x9A, 0xBE, 0x00, 0xBA, 0xC6, 0x82, 0x9A, 0xBE, 0x84, 0xBA, 0xBE, 0x87,
    0x9A, 0xBE, 0x00, 0xBA, 0xBE, 0x81, 0x9A, 0xBE, 0x87, 0xBA, 0xBE, 0x88, 0x9A, 0xBE, 0x81, 0xBA,
    0xBE, 0x81, 0x9A, 0xBE, 0x84, 0xBA, 0xBE, 0x88, 0x9A, 0xBE, 0x00, 0xBA, 0xBE, 0x81, 0x9A, 0xBE,
    0x86, 0xBA, 0xBE, 0x88, 0x9A, 0xBE, 0x01, 0xBA, 0xBE, 0xBA, 0xC6, 0x85, 0x9A, 0xBE, 0x82, 0xBA,
    0xBE, 0x04, 0x9A, 0xBE, 0xBA, 0xBE, 0xBA, 0xC6, 0xBA, 0xBE, 0x9A, 0xBE, 0x82, 0xBA, 0xBE, 0x81,
    0xBA, 0xC6, 0x00, 0xBA, 0xBE, 0x83, 0x9A, 0xBE, 0x81, 0x7A, 0xBE, 0x00, 0x9A, 0xBE, 0x81, 0xBA,
    0xBE, 0x81, 0x9A, 0xBE, 0x81, 0xBA, 0xBE, 0x81, 0x9A, 0xBE, 0x81, 0xBA, 0xBE, 0x81, 0xBA, 0xC6,
    0x84, 0x9A, 0xBE, 0x81, 0xBA, 0xBE, 0x02, 0x9A, 0xBE, 0xBA, 0xBE, 0xBA, 0xC6, 0x81, 0xBA, 0xBE,
    0x00, 0x9A, 0xBE, 0x81, 0xBA, 0xBE, 0x82, 0xBA, 0xC6, 0x83, 0x9A, 0xBE, 0x01, 0x7A, 0xBE, 0x7A,
    0xB6, 0x81, 0x9A, 0xBE, 0x00, 0xBA, 0xBE, 0x81, 0x9A, 0xBE, 0x01, 0xBA, 0xBE, 0xBA, 0xC6, 0x81,
    0x9A, 0xBE, 0x81, 0xBA, 0xBE, 0x81, 0xBA, 0xC6, 0x84, 0x9A, 0xBE, 0x82, 0xBA, 0xBE, 0x01, 0x9A,
    0xBE, 0xBA, 0xC6, 0x81, 0xBA, 0xBE, 0x00, 0x9A, 0xBE, 0x82, 0xBA, 0xBE, 0x81, 0xBA, 0xC6, 0x00,
    0xBA, 0xBE, 0x83, 0x9A, 0xBE, 0x81, 0x7A, 0xBE, 0x00, 0x9A, 0xBE, 0x81, 0xBA, 0xBE, 0x81, 0x9A,
    0xBE, 0x00, 0xBA, 0xC6, 0x81, 0x9A, 0xBE, 0x81, 0xBA, 0xBE, 0x81, 0xBA, 0xC6, 0x00, 0xBA, 0xBE,
    0x83, 0x9A, 0xBE, 0x82, 0xBA, 0xBE, 0x00, 0x9A, 0xBE, 0x81, 0xBA, 0xC6, 0x01, 0xBA, 0xBE, 0x9A,
    0xBE, 0x82, 0xBA, 0xBE, 0x02, 0xBA, 0xC6, 0x7A, 0xBE, 0x7A, 0xB6, 0x8A, 0x9A, 0xBE, 0x83, 0xBA,
    0xC6, 0x00, 0xBA, 0xBE, 0x83, 0x9A, 0xBE, 0x81, 0x7A, 0xBE, 0x81, 0x9A, 0xBE, 0x81, 0xBA, 0xBE,
    0x01, 0x9A, 0xBE, 0xBA, 0xC6, 0x81, 0x9A, 0xBE, 0x82, 0xBA, 0xBE, 0x04, 0xBA, 0xC6, 0xBA, 0xBE,
    0x9A, 0xBE, 0x7A, 0xB6, 0x7A, 0xBE, 0x88, 0x9A, 0xBE, 0x00, 0xBA, 0xBE, 0x83, 0xBA, 0xC6, 0x00,
    0xBA, 0xBE, 0x83, 0x9A, 0xBE, 0x82, 0x7A, 0xBE, 0x00, 0x9A, 0xBE, 0x84, 0xBA, 0xBE, 0x00, 0x9A,
    0xBE, 0x82, 0xBA, 0xBE, 0x81, 0xBA, 0xC6, 0x00, 0x9A, 0xBE, 0x81, 0x7A, 0xBE, 0x88, 0x9A, 0xBE,
    0x81, 0xBA, 0xBE, 0x82, 0xBA, 0xC6, 0x00, 0xBA, 0xBE, 0x83, 0x9A, 0xBE, 0x82, 0x7A, 0xBE, 0x00,
    0x9A, 0xBE, 0x83, 0xBA, 0xBE, 0x00, 0xBA, 0xC6, 0x81, 0x9A, 0xBE, 0x81, 0xBA, 0xBE, 0x81, 0xBA,
    0xC6, 0x00, 0x9A, 0xBE, 0x81, 0x7A, 0xBE, 0x89, 0x9A, 0xBE, 0x00, 0xBA, 0xBE, 0x82, 0xBA, 0xC6,
    0x82, 0x9A, 0xBE, 0x00, 0x7A, 0xBE, 0x83, 0x9A, 0xBE, 0x82, 0xBA, 0xBE, 0x81, 0xBA, 0xC6, 0x82,
    0xBA, 0xBE, 0x89, 0x9A, 0xBE, 0x83, 0xBA, 0xBE, 0x02, 0x9A, 0xBE, 0xBA, 0xBE, 0xBA, 0xC6, 0x81,
    0x9A, 0xBE, 0x00, 0xBA, 0xBE, 0x83, 0x9A, 0xBE, 0x00, 0x7A, 0xBE, 0x83, 0x9A, 0xBE, 0x82, 0xBA,
    0xBE, 0x81, 0xBA, 0xC6, 0x82, 0xBA, 0xBE, 0x89, 0x9A, 0xBE, 0x01, 0xBA, 0xBE, 0xBA, 0xC6, 0x82,
    0xBA, 0xBE, 0x01, 0x9A, 0xBE, 0xBA, 0xC6, 0x81, 0x9A, 0xBE, 0x81, 0xBA, 0xBE, 0x87, 0x9A, 0xBE,
    0x82, 0xBA, 0xBE, 0x81, 0xBA, 0xC6, 0x83, 0xBA, 0xBE, 0x89, 0x9A, 0xBE, 0x00, 0xBA, 0xC6, 0x82,
    0xBA, 0xBE, 0x03, 0x9A, 0xBE, 0xBA, 0xC6, 0xBA, 0xBE, 0x9A, 0xBE, 0x81, 0xBA, 0xBE, 0x83, 0x9A,
    0xBE, 0x00, 0x7A, 0xBE, 0x82, 0x9A, 0xBE, 0x82, 0xBA, 0xBE, 0x82, 0xBA, 0xC6, 0x82, 0xBA, 0xBE,
    0x84, 0x9A, 0xBE, 0x00, 0xBA, 0xBE, 0x81, 0x9A, 0xBE, 0x82, 0xBA, 0xC6, 0x82, 0xBA, 0xBE, 0x84,
    0x9A, 0xBE, 0x01, 0xBA, 0xBE, 0x9A, 0xBE, 0x81, 0xBA, 0xBE, 0x82, 0x9A, 0xBE, 0x07, 0xBA, 0xBE,
    0x9A, 0xBE, 0xBA, 0xBE, 0xBA, 0xC6, 0xBA, 0xBE, 0x9A, 0xBE, 0xBA, 0xBE, 0x9A, 0xBE, 0x81, 0xBA,
    0xBE, 0x85, 0x9A, 0xBE, 0x00, 0xBA, 0xBE, 0x81, 0x9A, 0xBE, 0x84, 0xBA, 0xC6, 0x00, 0xBA, 0xBE,
    0x84, 0x9A, 0xBE, 0x01, 0xBA, 0xBE, 0x9A, 0xBE, 0x81, 0xBA, 0xBE, 0x82, 0x9A, 0xBE, 0x03, 0xBA,
    0xBE, 0x9A, 0xBE, 0xBA, 0xBE, 0xBA, 0xC6, 0x81, 0xBA, 0xBE, 0x00, 0x9A, 0xBE, 0x82, 0xBA, 0xBE,
    0x88, 0x9A, 0xBE, 0x00, 0xBA, 0xBE, 0x83, 0xBA, 0xC6, 0x00, 0xBA, 0xBE, 0x84, 0x9A, 0xBE, 0x81,
    0xBA, 0xBE, 0x00, 0x9A, 0xBE, 0x81, 0xBA, 0xBE, 0x81, 0x9A, 0xBE, 0x81, 0xBA, 0xBE, 0x00, 0x9A,
    0xBE, 0x82, 0xBA, 0xBE, 0x03, 0x9A, 0xBE, 0xBA, 0xBE, 0x9A, 0xBE, 0xBA, 0xBE, 0x86, 0x9A, 0xBE,
    0x02, 0xBA, 0xBE, 0x9A, 0xBE, 0xBA, 0xBE, 0x82, 0xBA, 0xC6, 0x81, 0xBA, 0xBE, 0x83, 0x9A, 0xBE,
    0x81, 0xBA, 0xBE, 0x00, 0x9A, 0xBE, 0x81, 0xBA, 0xBE, 0x01, 0x9A, 0xBE, 0xBA, 0xBE, 0x81, 0xBA,
    0xC6, 0x82, 0xBA, 0xBE, 0x81, 0x9A, 0xBE, 0x00, 0x7A, 0xBE, 0x81, 0x9A, 0xBE, 0x00, 0xBA, 0xBE,
    0x83, 0xBA, 0xC6, 0x01, 0xBA, 0xBE, 0x9A, 0xBE, 0x81, 0xBA, 0xBE, 0x01, 0x9A, 0xBE, 0xBA, 0xBE,
    0x83, 0xBA, 0xC6, 0x81, 0xBA, 0xBE, 0x82, 0x9A, 0xBE, 0x81, 0xBA, 0xBE, 0x81, 0x9A, 0xBE, 0x00,
    0xBA, 0xBE, 0x81, 0x9A, 0xBE, 0x81, 0xBA, 0xC6, 0x82, 0xBA, 0xBE, 0x81, 0x9A, 0xBE, 0x00, 0x7A,
    0xBE, 0x82, 0x9A, 0xBE, 0x84, 0xBA, 0xC6, 0x04, 0x9A, 0xBE, 0xBA, 0xBE, 0xBA, 0xC6, 0xBA, 0xBE,
    0x9A, 0xBE, 0x83, 0xBA, 0xC6, 0x81, 0xBA, 0xBE, 0x82, 0x9A, 0xBE, 0x81, 0xBA, 0xBE, 0x81, 0x9A,
    0xBE, 0x81, 0xBA, 0xBE, 0x00, 0x9A, 0xBE, 0x81, 0xBA, 0xC6, 0x82, 0xBA, 0xBE, 0x81, 0x9A, 0xBE,
    0x00, 0x7A, 0xBE, 0x82, 0x9A, 0xBE, 0x84, 0xBA, 0xC6, 0x05, 0x9A, 0xBE, 0xBA, 0xBE, 0xBA, 0xC6,
    0xBA, 0xBE, 0x9A, 0xBE, 0xBA, 0xBE, 0x82, 0xBA, 0xC6, 0x81, 0xBA, 0xBE, 0x83, 0x9A, 0xBE, 0x00,
    0xBA, 0xBE, 0x81, 0x9A, 0xBE, 0x81, 0xBA, 0xBE, 0x02, 0x9A, 0xBE, 0xBA, 0xBE, 0xBA, 0xC6, 0x83,
    0xBA, 0xBE, 0x81, 0x9A, 0xBE, 0x00, 0x7A, 0xBE, 0x86, 0xBA, 0xBE, 0x01, 0xBA, 0xC6, 0xBA, 0xBE,
    0x81, 0x9A, 0xBE, 0x02, 0xBA, 0xC6, 0xBA, 0xBE, 0x9A, 0xBE, 0x81, 0x7A, 0xBE, 0x81, 0x9A, 0xBE,
    0x84, 0xBA, 0xC6, 0x81, 0xBA, 0xBE, 0x87, 0xBA, 0xC6, 0x00, 0xBA, 0xBE, 0x82, 0x9A, 0xBE, 0x87,
    0xBA, 0xBE, 0x00, 0xBA, 0xC6, 0x81, 0x9A, 0xBE, 0x81, 0xBA, 0xBE, 0x81, 0x9A, 0xBE, 0x81, 0x7A,
    0xBE, 0x00, 0x9A, 0xBE, 0x85, 0xBA, 0xC6, 0x00, 0xBA, 0xBE, 0x87, 0xBA, 0xC6, 0x00, 0xBA, 0xBE,
    0x83, 0x9A, 0xBE, 0x86, 0xBA, 0xBE, 0x01, 0xBA, 0xC6, 0xBA, 0xBE, 0x81, 0x9A, 0xBE, 0x00, 0xBA,
    0xBE, 0x81, 0x9A, 0xBE, 0x81, 0x7A, 0xBE, 0x01, 0x9A, 0xBE, 0xBA, 0xBE, 0x84, 0xBA, 0xC6, 0x00,
    0xBA, 0xBE, 0x88, 0xBA, 0xC6, 0x83, 0x9A, 0xBE, 0x86, 0xBA, 0xBE, 0x01, 0xBA, 0xC6, 0xBA, 0xBE,
    0x81, 0x9A, 0xBE, 0x00, 0xBA, 0xC6, 0x81, 0x9A, 0xBE, 0x81, 0x7A, 0xBE, 0x88, 0xBA, 0xBE, 0x81,
    0x9A, 0xBE, 0x01, 0xBA, 0xC6, 0xBA, 0xBE, 0x81, 0x9A, 0xBE, 0x00, 0x7A, 0xBE, 0x81, 0x9A, 0xBE,
    0x01, 0xBA, 0xC6, 0xDA, 0xC6, 0x81, 0xBA, 0xC6, 0x82, 0xBA, 0xBE, 0x84, 0xBA, 0xC6, 0x02, 0xBA,
    0xBE, 0x9A, 0xBE, 0xBA, 0xBE, 0x81, 0x9A, 0xBE, 0x01, 0x7A, 0xBE, 0x9A, 0xBE, 0x88, 0xBA, 0xBE,
    0x81, 0x9A, 0xBE, 0x81, 0xBA, 0xBE, 0x81, 0x9A, 0xBE, 0x81, 0x7A, 0xBE, 0x00, 0x9A, 0xBE, 0x84,
    0xBA, 0xC6, 0x81, 0xBA, 0xBE, 0x85, 0xBA, 0xC6, 0x01, 0x9A, 0xBE, 0xBA, 0xBE, 0x84, 0x9A, 0xBE,
    0x87, 0xBA, 0xBE, 0x81, 0x9A, 0xBE, 0x81, 0xBA, 0xBE, 0x82, 0x9A, 0xBE, 0x02, 0x7A, 0xBE, 0x9A,
    0xBE, 0xBA, 0xBE, 0x83, 0xBA, 0xC6, 0x82, 0xBA, 0xBE, 0x84, 0xBA, 0xC6, 0x81, 0x9A, 0xBE, 0x00,
    0xBA, 0xBE, 0x83, 0x9A, 0xBE, 0x88, 0xBA, 0xBE, 0x02, 0x9A, 0xBE, 0xBA, 0xBE, 0xBA, 0xC6, 0x82,
    0x9A, 0xBE, 0x00, 0x7A, 0xBE, 0x83, 0xBA, 0xBE, 0x83, 0x9A, 0xBE, 0x81, 0xBA, 0xBE, 0x82, 0xBA,
    0xC6, 0x84, 0x9A, 0xBE, 0x00, 0xBA, 0xBE, 0x83, 0xBA, 0xC6, 0x81, 0xBA, 0xBE, 0x81, 0xBA, 0xC6,
    0x82, 0xBA, 0xBE, 0x81, 0x9A, 0xBE, 0x02, 0xBA, 0xBE, 0x9A, 0xBE, 0x7A, 0xBE, 0x81, 0x9A, 0xBE,
    0x84, 0xBA, 0xBE, 0x82, 0x9A, 0xBE, 0x81, 0xBA, 0xBE, 0x82, 0xBA, 0xC6, 0x00, 0xBA, 0xBE, 0x83,
    0x9A, 0xBE, 0x00, 0xBA, 0xBE, 0x84, 0xBA, 0xC6, 0x81, 0xBA, 0xBE, 0x81, 0xBA, 0xC6, 0x82, 0xBA,
    0xBE, 0x02, 0x9A, 0xBE, 0xBA, 0xBE, 0x9A, 0xBE, 0x81, 0x7A, 0xBE, 0x02, 0x9A, 0xBE, 0xBA, 0xBE,
    0xBA, 0xC6, 0x82, 0xBA, 0xBE, 0x82, 0x9A, 0xBE, 0x82, 0xBA, 0xBE, 0x00, 0xBA, 0xC6, 0x81, 0xBA,
    0xBE, 0x83, 0x9A, 0xBE, 0x00, 0xBA, 0xBE, 0x81, 0xBA, 0xC6, 0x00, 0xBA, 0xBE, 0x81, 0xBA, 0xC6,
    0x81, 0xBA, 0xBE, 0x81, 0xBA, 0xC6, 0x82, 0xBA, 0xBE, 0x81, 0x9A, 0xBE, 0x05, 0xBA, 0xBE, 0x9A,
    0xBE, 0x7A, 0xBE, 0x9A, 0xBE, 0xBA, 0xBE, 0xBA, 0xC6, 0x82, 0xBA, 0xBE, 0x82, 0x9A, 0xBE, 0x82,
    0xBA, 0xBE, 0x82, 0xBA, 0xC6, 0x82, 0x9A, 0xBE, 0x86, 0xBA, 0xBE, 0x00, 0x9A, 0xBE, 0x81, 0xBA,
    0xBE, 0x82, 0xBA, 0xC6, 0x00, 0xBA, 0xBE, 0x84, 0x9A, 0xBE, 0x81, 0xBA, 0xBE, 0x81, 0xBA, 0xC6,
    0x03, 0xBA, 0xBE, 0x9A, 0xBE, 0xBA, 0xC6, 0xBA, 0xBE, 0x83, 0x9A, 0xBE, 0x81, 0xBA, 0xBE, 0x03,
    0x9A, 0xBE, 0x7B, 0xB6, 0x7A, 0xBE, 0x9A, 0xBE, 0x86, 0xBA, 0xBE, 0x00, 0x9A, 0xBE, 0x81, 0xBA,
    0xBE, 0x83, 0xBA, 0xC6, 0x85, 0x9A, 0xBE, 0x81, 0xBA, 0xBE, 0x81, 0xBA, 0xC6, 0x02, 0x9A, 0xBE,
    0xBA, 0xC6, 0xBA, 0xBE, 0x83, 0x9A, 0xBE, 0x05, 0xBA, 0xBE, 0xBA, 0xC6, 0x9A, 0xBE, 0x7B, 0xB6,
    0x7A, 0xB6, 0x9A, 0xBE, 0x86, 0xBA, 0xBE, 0x00, 0x9A, 0xBE, 0x82, 0xBA, 0xBE, 0x82, 0xBA, 0xC6,
    0x00, 0xBA, 0xBE, 0x84, 0x9A, 0xBE, 0x81, 0xBA, 0xBE, 0x81, 0xBA, 0xC6, 0x81, 0xBA, 0xBE, 0x00,
    0xBA, 0xC6, 0x83, 0x9A, 0xBE, 0x05, 0xBA, 0xBE, 0xBA, 0xC6, 0x9A, 0xBE, 0x7A, 0xB6, 0x7B, 0xB6,
    0x9A, 0xBE, 0x86, 0xBA, 0xBE, 0x00, 0x9A, 0xBE, 0x82, 0xBA, 0xBE, 0x82, 0xBA, 0xC6, 0x00, 0xBA,
    0xBE, 0x82, 0x9A, 0xBE, 0x81, 0xBA, 0xBE, 0x81, 0x9A, 0xBE, 0x81, 0xBA, 0xBE, 0x81, 0x9A, 0xBE,
    0x01, 0xBA, 0xBE, 0xBA, 0xC6, 0x83, 0xBA, 0xBE, 0x84, 0x9A, 0xBE, 0x82, 0xBA, 0xC6, 0x85, 0x9A,
    0xBE, 0x81, 0x7A, 0xBE, 0x04, 0xBA, 0xBE, 0x9A, 0xBE, 0x7A, 0xB6, 0x5B, 0xB6, 0x7A, 0xB6, 0x81,
    0x9A, 0xBE, 0x82, 0xBA, 0xBE, 0x02, 0x9A, 0xBE, 0xBA, 0xBE, 0xBA, 0xC6, 0x82, 0x9A, 0xBE, 0x00,
    0xBA, 0xC6, 0x83, 0xBA, 0xBE, 0x84, 0x9A, 0xBE, 0x00, 0xBA, 0xBE, 0x81, 0xBA, 0xC6, 0x85, 0x9A,
    0xBE, 0x81, 0x7A, 0xBE, 0x81, 0x9A, 0xBE, 0x02, 0x7A, 0xBE, 0x5B, 0xB6, 0x7A, 0xB6, 0x82, 0x9A,
    0xBE, 0x05, 0xBA, 0xC6, 0xBA, 0xBE, 0x9A, 0xBE, 0xBA, 0xBE, 0xBA, 0xC6, 0xBA, 0xBE, 0x81, 0x9A,
    0xBE, 0x00, 0xBA, 0xC6, 0x83, 0xBA, 0xBE, 0x84, 0x9A, 0xBE, 0x00, 0xBA, 0xBE, 0x81, 0xBA, 0xC6,
    0x00, 0xBA, 0xBE, 0x84, 0x9A, 0xBE, 0x81, 0x7A, 0xBE, 0x02, 0x9A, 0xBE, 0xBA, 0xBE, 0x9A, 0xBE,
    0x81, 0x7B, 0xB6, 0x00, 0x7A, 0xBE, 0x81, 0x9A, 0xBE, 0x81, 0xBA, 0xBE, 0x81, 0x9A, 0xBE, 0x01,
    0xBA, 0xC6, 0xBA, 0xBE, 0x81, 0x9A, 0xBE, 0x01, 0xBA, 0xBE, 0xBA, 0xC6, 0x83, 0xBA, 0xBE, 0x81,
    0x9A, 0xBE, 0x81, 0xBA, 0xC6, 0x81, 0x9A, 0xBE, 0x82, 0xBA, 0xBE, 0x01, 0xBA, 0xC6, 0xBA, 0xBE,
    0x88, 0x9A, 0xBE, 0x00, 0xBA, 0xBE, 0x81, 0xBA, 0xC6, 0x02, 0xBA, 0xBE, 0x9A, 0xBE, 0x7A, 0xBE,
    0x81, 0x9A, 0xBE, 0x07, 0xBA, 0xBE, 0x9A, 0xBE, 0x7A, 0xB6, 0x7B, 0xB6, 0x7A, 0xB6, 0x7A, 0xBE,
    0x7B, 0xB6, 0x7A, 0xB6, 0x82, 0x9A, 0xBE, 0x81, 0xBA, 0xC6, 0x01, 0xBA, 0xBE, 0x9A, 0xBE, 0x82,
    0xBA, 0xBE, 0x01, 0xBA, 0xC6, 0xBA, 0xBE, 0x81, 0x9A, 0xBE, 0x00, 0x7A, 0xBE, 0x81, 0x9A, 0xBE,
    0x00, 0xBA, 0xBE, 0x83, 0x9A, 0xBE, 0x82, 0xBA, 0xC6, 0x01, 0x9A, 0xBE, 0x7A, 0xBE, 0x81, 0x9A,
    0xBE, 0x02, 0xBA, 0xBE, 0x9A, 0xBE, 0x7A, 0xBE, 0x81, 0x7B, 0xB6, 0x02, 0x7A, 0xBE, 0x7B, 0xB6,
    0x7A, 0xB6, 0x82, 0x9A, 0xBE, 0x03, 0xBA, 0xBE, 0xBA, 0xC6, 0xBA, 0xBE, 0x9A, 0xBE, 0x83, 0xBA,
    0xBE, 0x00, 0xBA, 0xC6, 0x81, 0x9A, 0xBE, 0x00, 0x7A, 0xBE, 0x86, 0x9A, 0xBE, 0x00, 0xBA, 0xBE,
    0x81, 0xBA, 0xC6, 0x00, 0x9A, 0xBE, 0x81, 0x7A, 0xBE, 0x01, 0x9A, 0xBE, 0xBA, 0xBE, 0x81, 0x9A,
    0xBE, 0x81, 0x7B, 0xB6, 0x81, 0x7A, 0xBE, 0x00, 0x7B, 0xB6, 0x83, 0x9A, 0xBE, 0x81, 0xBA, 0xC6,
    0x81, 0x9A, 0xBE, 0x82, 0xBA, 0xBE, 0x01, 0xBA, 0xC6, 0xBA, 0xBE, 0x85, 0x9A, 0xBE, 0x83, 0xBA,
    0xBE, 0x00, 0xBA, 0xC6, 0x82, 0xBA, 0xBE, 0x81, 0xBA, 0xC6, 0x02, 0xBA, 0xBE, 0x9A, 0xBE, 0x7A,
    0xBE, 0x81, 0x9A, 0xBE, 0x00, 0xBA, 0xC6, 0x81, 0xBA, 0xBE, 0x01, 0xBA, 0xC6, 0xBA, 0xBE, 0x81,
    0xBA, 0xC6, 0x00, 0xBA, 0xBE, 0x83, 0x9A, 0xBE, 0x81, 0xBA, 0xBE, 0x02, 0x9A, 0xBE, 0x5B, 0xB6,
    0x7B, 0xB6, 0x82, 0x7A, 0xBE, 0x82, 0x9A, 0xBE, 0x82, 0xBA, 0xBE, 0x00, 0xBA, 0xC6, 0x82, 0xBA,
    0xBE, 0x82, 0xBA, 0xC6, 0x00, 0x9A, 0xBE, 0x81, 0x7A, 0xBE, 0x00, 0x9A, 0xBE, 0x81, 0xBA, 0xBE,
    0x00, 0x9A, 0xBE, 0x82, 0xBA, 0xBE, 0x81, 0xBA, 0xC6, 0x83, 0x9A, 0xBE, 0x81, 0xBA, 0xBE, 0x00,
    0x9A, 0xBE, 0x81, 0x7B, 0xB6, 0x82, 0x7A, 0xBE, 0x82, 0x9A, 0xBE, 0x83, 0xBA, 0xBE, 0x00, 0xBA,
    0xC6, 0x81, 0xBA, 0xBE, 0x82, 0xBA, 0xC6, 0x00, 0x9A, 0xBE, 0x81, 0x7A, 0xBE, 0x00, 0x9A, 0xBE,
    0x81, 0xBA, 0xBE, 0x00, 0x9A, 0xBE, 0x82, 0xBA, 0xBE, 0x81, 0xBA, 0xC6, 0x83, 0x9A, 0xBE, 0x81,
    0xBA, 0xBE, 0x03, 0x9A, 0xBE, 0x7A, 0xB6, 0x5B, 0xB6, 0x7A, 0xB6, 0x82, 0x7A, 0xBE, 0x81, 0x9A,
    0xBE, 0x83, 0xBA, 0xBE, 0x00, 0xBA, 0xC6, 0x81, 0xBA, 0xBE, 0x82, 0xBA, 0xC6, 0x00, 0xBA, 0xBE,
    0x81, 0x7A, 0xBE, 0x01, 0x9A, 0xBE, 0xBA, 0xBE, 0x81, 0xBA, 0xC6, 0x01, 0xBA, 0xBE, 0x9A, 0xBE,
    0x81, 0xBA, 0xBE, 0x81, 0xBA, 0xC6, 0x00, 0xBA, 0xBE, 0x81, 0xBA, 0xC6, 0x81, 0x9A, 0xBE, 0x00,
    0x7A, 0xBE, 0x81, 0x9A, 0xBE, 0x01, 0xBA, 0xC6, 0xBA, 0xBE, 0x84, 0xBA, 0xC6, 0x04, 0x9A, 0xBE,
    0x7A, 0xBE, 0x9A, 0xBE, 0xBA, 0xBE, 0x9A, 0xBE, 0x81, 0xBA, 0xBE, 0x01, 0x9A, 0xBE, 0x7A, 0xB6,
    0x84, 0x9A, 0xBE, 0x82, 0xBA, 0xBE, 0x81, 0x9A, 0xBE, 0x00, 0xBA, 0xBE, 0x84, 0xBA, 0xC6, 0x02,
    0xBA, 0xBE, 0x9A, 0xBE, 0x7A, 0xBE, 0x81, 0x9A, 0xBE, 0x81, 0xBA, 0xC6, 0x00, 0xBA, 0xBE, 0x83,
    0xBA, 0xC6, 0x00, 0xBA, 0xBE, 0x81, 0x9A, 0xBE, 0x81, 0xBA, 0xBE, 0x04, 0x9A, 0xBE, 0xBA, 0xBE,
    0x9A, 0xBE, 0x7A, 0xB6, 0x7A, 0xBE, 0x84, 0x9A, 0xBE, 0x81, 0xBA, 0xBE, 0x81, 0x9A, 0xBE, 0x00,
    0xBA, 0xBE, 0x81, 0xBA, 0xC6, 0x00, 0xBA, 0xBE, 0x81, 0xBA, 0xC6, 0x00, 0xBA, 0xBE, 0x81, 0x9A,
    0xBE, 0x04, 0x7A, 0xBE, 0x9A, 0xBE, 0xBA, 0xBE, 0xBA, 0xC6, 0xBA, 0xBE, 0x84, 0xBA, 0xC6, 0x08,
    0x9A, 0xBE, 0x7A, 0xBE, 0x9A, 0xBE, 0xBA, 0xBE, 0x9A, 0xBE, 0xBA, 0xBE, 0x9A, 0xBE, 0x7A, 0xBE,
    0x7A, 0xB6, 0x84, 0x9A, 0xBE, 0x04, 0xBA, 0xBE, 0xBA, 0xC6, 0xBA, 0xBE, 0x9A, 0xBE, 0xBA, 0xBE,
    0x81, 0xBA, 0xC6, 0x81, 0xBA, 0xBE, 0x01, 0xBA, 0xC6, 0xBA, 0xBE, 0x81, 0x9A, 0xBE, 0x02, 0x7A,
    0xBE, 0x9A, 0xBE, 0xBA, 0xBE, 0x81, 0xBA, 0xC6, 0x00, 0xBA, 0xBE, 0x83, 0x9A, 0xBE, 0x82, 0xBA,
    0xBE, 0x85, 0x9A, 0xBE, 0x00, 0xBA, 0xBE, 0x84, 0xBA, 0xC6, 0x00, 0xBA, 0xBE, 0x82, 0x9A, 0xBE,
    0x81, 0xBA, 0xC6, 0x04, 0xBA, 0xBE, 0x9A, 0xBE, 0x7A, 0xBE, 0x9A, 0xBE, 0xBA, 0xBE, 0x84, 0x9A,
    0xBE, 0x81, 0xBA, 0xC6, 0x83, 0x9A, 0xBE, 0x83, 0xBA, 0xBE, 0x84, 0x9A, 0xBE, 0x00, 0xBA, 0xBE,
    0x84, 0xBA, 0xC6, 0x00, 0xBA, 0xBE, 0x82, 0x9A, 0xBE, 0x81, 0xBA, 0xC6, 0x01, 0xBA, 0xBE, 0x9A,
    0xBE, 0x81, 0x7A, 0xBE, 0x85, 0x9A, 0xBE, 0x01, 0xBA, 0xBE, 0xBA, 0xC6, 0x83, 0x9A, 0xBE, 0x03,
    0xBA, 0xBE, 0xBA, 0xC6, 0x9A, 0xBE, 0xBA, 0xBE, 0x84, 0x9A, 0xBE, 0x00, 0xBA, 0xBE, 0x85, 0xBA,
    0xC6, 0x00, 0xBA, 0xBE, 0x81, 0x9A, 0xBE, 0x01, 0xBA, 0xBE, 0xBA, 0xC6, 0x81, 0xBA, 0xBE, 0x03,
    0x9A, 0xBE, 0x7A, 0xBE, 0x9A, 0xBE, 0xBA, 0xBE, 0x83, 0x9A, 0xBE, 0x02, 0xBA, 0xBE, 0xBA, 0xC6,
    0xBA, 0xBE, 0x83, 0x9A, 0xBE, 0x02, 0xBA, 0xC6, 0x9A, 0xBE, 0xBA, 0xBE, 0x84, 0x9A, 0xBE, 0x81,
    0xBA, 0xBE, 0x81, 0xBA, 0xC6, 0x00, 0xBA, 0xBE, 0x82, 0x9A, 0xBE, 0x81, 0xBA, 0xBE, 0x85, 0x9A,
    0xBE, 0x81, 0xBA, 0xBE, 0x83, 0xBA, 0xC6, 0x00, 0xBA, 0xBE, 0x81, 0x9A, 0xBE, 0x00, 0xBA, 0xBE,
    0x81, 0xBA, 0xC6, 0x81, 0xBA, 0xBE, 0x03, 0x9A, 0xBE, 0x7A, 0xBE, 0x9A, 0xBE, 0xBA, 0xBE, 0x84,
    0x9A, 0xBE, 0x81, 0xBA, 0xC6, 0x00, 0xBA, 0xBE, 0x82, 0x9A, 0xBE, 0x01, 0xBA, 0xBE, 0xBA, 0xC6,
    0x85, 0x9A, 0xBE, 0x81, 0xBA, 0xBE, 0x83, 0xBA, 0xC6, 0x81, 0xBA, 0xBE, 0x01, 0x9A, 0xBE, 0xBA,
    0xBE, 0x81, 0xBA, 0xC6, 0x81, 0xBA, 0xBE, 0x03, 0x9A, 0xBE, 0x7A, 0xBE, 0x9A, 0xBE, 0xBA, 0xBE,
    0x84, 0x9A, 0xBE, 0x00, 0xBA, 0xBE, 0x81, 0xBA, 0xC6, 0x82, 0x9A, 0xBE, 0x01, 0xBA, 0xBE, 0xBA,
    0xC6, 0x83, 0x9A, 0xBE, 0x00, 0xBA, 0xBE, 0x81, 0x9A, 0xBE, 0x81, 0xBA, 0xBE, 0x82, 0xBA, 0xC6,
    0x81, 0xBA, 0xBE, 0x81, 0x9A, 0xBE, 0x81, 0xBA, 0xC6, 0x81, 0xBA, 0xBE, 0x03, 0x9A, 0xBE, 0x7A,
    0xBE, 0x9A, 0xBE, 0xBA, 0xBE, 0x85, 0x9A, 0xBE, 0x81, 0xBA, 0xC6, 0x83, 0x9A, 0xBE, 0x01, 0xBA,
    0xC6, 0xBA, 0xBE, 0x82, 0x9A, 0xBE, 0x00, 0xBA, 0xBE, 0x81, 0x9A, 0xBE, 0x81, 0xBA, 0xBE, 0x02,
    0xBA, 0xC6, 0xDA, 0xC6, 0xBA, 0xC6, 0x81, 0x9A, 0xBE, 0x81, 0xBA, 0xBE, 0x01, 0xBA, 0xC6, 0xBA,
    0xBE, 0x81, 0x9A, 0xBE, 0x02, 0xBA, 0xC6, 0xBA, 0xBE, 0x9A, 0xBE, 0x81, 0xBA, 0xBE, 0x83, 0xBA,
    0xC6, 0x00, 0xBA, 0xBE, 0x81, 0x9A, 0xBE, 0x81, 0xBA, 0xC6, 0x81, 0x9A, 0xBE, 0x83, 0xBA, 0xBE,
    0x84, 0x9A, 0xBE, 0x03, 0xBA, 0xBE, 0xBA, 0xC6, 0xDA, 0xC6, 0xBA, 0xC6, 0x81, 0x9A, 0xBE, 0x81,
    0xBA, 0xBE, 0x01, 0xBA, 0xC6, 0xBA, 0xBE, 0x81, 0x9A, 0xBE, 0x01, 0xBA, 0xBE, 0xBA, 0xC6, 0x82,
    0xBA, 0xBE, 0x84, 0xBA, 0xC6, 0x04, 0xBA, 0xBE, 0x9A, 0xBE, 0xBA, 0xBE, 0xBA, 0xC6, 0xBA, 0xBE,
    0x81, 0x9A, 0xBE, 0x82, 0xBA, 0xBE, 0x84, 0x9A, 0xBE, 0x00, 0xBA, 0xBE, 0x81, 0xBA, 0xC6, 0x01,
    0xDA, 0xC6, 0xBA, 0xBE, 0x81, 0x9A, 0xBE, 0x00, 0xBA, 0xBE, 0x81, 0xBA, 0xC6, 0x81, 0x9A, 0xBE,
    0x04, 0xBA, 0xBE, 0xBA, 0xC6, 0xBA, 0xBE, 0x9A, 0xBE, 0xBA, 0xBE, 0x84, 0xBA, 0xC6, 0x04, 0xBA,
    0xBE, 0x9A, 0xBE, 0xBA, 0xBE, 0xBA, 0xC6, 0xBA, 0xBE, 0x81, 0x9A, 0xBE, 0x83, 0xBA, 0xBE, 0x83,
    0x9A, 0xBE, 0x00, 0xBA, 0xBE, 0x81, 0xBA, 0xC6, 0x01, 0xDA, 0xC6, 0xBA, 0xC6, 0x81, 0x9A, 0xBE,
    0x00, 0xBA, 0xBE, 0x81, 0xBA, 0xC6, 0x00, 0xBA, 0xBE, 0x81, 0x9A, 0xBE, 0x03, 0xBA, 0xC6, 0xBA,
    0xBE, 0x9A, 0xBE, 0xBA, 0xBE, 0x81, 0xBA, 0xC6, 0x01, 0xDA, 0xC6, 0xBA, 0xC6, 0x81, 0x9A, 0xBE,
    0x00, 0xBA, 0xBE, 0x82, 0xBA, 0xC6, 0x81, 0x9A, 0xBE, 0x01, 0xBA, 0xC6, 0xBA, 0xBE, 0x82, 0x9A,
    0xBE, 0x81, 0xBA, 0xC6, 0x00, 0xDA, 0xC6, 0x81, 0xBA, 0xC6, 0x84, 0x9A, 0xBE, 0x09, 0x7A, 0xBE,
    0x9A, 0xBE, 0xBA, 0xC6, 0xDA, 0xC6, 0xBA, 0xC6, 0xBA, 0xBE, 0x9A, 0xBE, 0xBA, 0xBE, 0xBA, 0xC6,
    0xBA, 0xBE, 0x81, 0xBA, 0xC6, 0x01, 0xDA, 0xC6, 0xBA, 0xC6, 0x82, 0x9A, 0xBE, 0x82, 0xBA, 0xC6,
    0x81, 0x9A, 0xBE, 0x81, 0xBA, 0xC6, 0x82, 0x9A, 0xBE, 0x02, 0xBA, 0xBE, 0xBA, 0xC6, 0xDA, 0xC6,
    0x81, 0xBA, 0xC6, 0x84, 0x9A, 0xBE, 0x05, 0x7A, 0xBE, 0x9A, 0xBE, 0xBA, 0xC6, 0xDA, 0xC6, 0xBA,
    0xC6, 0xBA, 0xBE, 0x81, 0x9A, 0xBE, 0x83, 0xBA, 0xC6, 0x81, 0xDA, 0xC6, 0x00, 0xBA, 0xBE, 0x81,
    0x9A, 0xBE, 0x00, 0xBA, 0xBE, 0x81, 0xBA, 0xC6, 0x04, 0xBA, 0xBE, 0x9A, 0xBE, 0xBA, 0xBE, 0xBA,
    0xC6, 0xBA, 0xBE, 0x82, 0x9A, 0xBE, 0x00, 0xBA, 0xC6, 0x81, 0xDA, 0xC6, 0x01, 0xBA, 0xC6, 0xBA,
    0xBE, 0x83, 0x9A, 0xBE, 0x81, 0x7A, 0xBE, 0x02, 0xBA, 0xC6, 0xDA, 0xC6, 0xBA, 0xC6, 0x81, 0xBA,
    0xBE, 0x04, 0x9A, 0xBE, 0xBA, 0xBE, 0xBA, 0xC6, 0xBA, 0xBE, 0xBA, 0xC6, 0x81, 0xDA, 0xC6, 0x00,
    0xBA, 0xC6, 0x81, 0x9A, 0xBE, 0x00, 0xBA, 0xBE, 0x81, 0xBA, 0xC6, 0x04, 0xBA, 0xBE, 0x9A, 0xBE,
    0xBA, 0xBE, 0xBA, 0xC6, 0xBA, 0xBE, 0x82, 0x9A, 0xBE, 0x02, 0xBA, 0xC6, 0xDA, 0xC6, 0xBA, 0xC6,
    0x82, 0x9A, 0xBE, 0x01, 0xBA, 0xC6, 0xBA, 0xBE, 0x82, 0x9A, 0xBE, 0x01, 0xBA, 0xC6, 0xBA, 0xBE,
    0x83, 0x9A, 0xBE, 0x81, 0xBA, 0xC6, 0x03, 0xBA, 0xBE, 0x9A, 0xBE, 0x7B, 0xB6, 0x7A, 0xBE, 0x83,
    0x9A, 0xBE, 0x00, 0xBA, 0xC6, 0x81, 0xDA, 0xC6, 0x00, 0xBA, 0xC6, 0x82, 0xBA, 0xBE, 0x01, 0xBA,
    0xC6, 0xDA, 0xC6, 0x81, 0xBA, 0xC6, 0x01, 0xDA, 0xC6, 0xBA, 0xC6, 0x82, 0x9A, 0xBE, 0x01, 0xBA,
    0xC6, 0xBA, 0xBE, 0x82, 0x9A, 0xBE, 0x01, 0xBA, 0xBE, 0xBA, 0xC6, 0x83, 0x9A, 0xBE, 0x82, 0xBA,
    0xC6, 0x02, 0x9A, 0xBE, 0x7A, 0xBE, 0x7A, 0xB6, 0x83, 0x9A, 0xBE, 0x00, 0xBA, 0xC6, 0x81, 0xDA,
    0xC6, 0x00, 0xBA, 0xC6, 0x82, 0xBA, 0xBE, 0x01, 0xBA, 0xC6, 0xDA, 0xC6, 0x81, 0xBA, 0xC6, 0x01,
    0xDA, 0xC6, 0xBA, 0xC6, 0x82, 0x9A, 0xBE, 0x02, 0xBA, 0xBE, 0xBA, 0xC6, 0xBA, 0xBE, 0x82, 0x9A,
    0xBE, 0x00, 0xBA, 0xC6, 0x83, 0x9A, 0xBE, 0x00, 0xBA, 0xBE, 0x81, 0xBA, 0xC6, 0x02, 0xBA, 0xBE,
    0x7A, 0xBE, 0x7A, 0xB6, 0x83, 0x9A, 0xBE, 0x02, 0xBA, 0xBE, 0xBA, 0xC6, 0xDA, 0xC6, 0x81, 0xBA,
    0xC6, 0x81, 0xBA, 0xBE, 0x01, 0xBA, 0xC6, 0xDA, 0xC6, 0x81, 0xBA, 0xC6, 0x02, 0xDA, 0xC6, 0xBA,
    0xC6, 0xBA, 0xBE, 0x82, 0x9A, 0xBE, 0x01, 0xBA, 0xC6, 0xBA, 0xBE, 0x82, 0x9A, 0xBE, 0x01, 0xBA,
    0xC6, 0xBA, 0xBE, 0x82, 0x9A, 0xBE, 0x81, 0xBA, 0xC6, 0x82, 0x9A, 0xBE, 0x82, 0xBA, 0xBE, 0x82,
    0x9A, 0xBE, 0x83, 0xBA, 0xBE, 0x84, 0x9A, 0xBE, 0x02, 0x7A, 0xB6, 0x7B, 0xB6, 0x7A, 0xBE, 0x81,
    0x9A, 0xBE, 0x00, 0xBA, 0xBE, 0x84, 0xBA, 0xC6, 0x82, 0xBA, 0xBE, 0x01, 0xBA, 0xC6, 0xDA, 0xC6,
    0x82, 0xBA, 0xC6, 0x00, 0xBA, 0xBE, 0x82, 0x9A, 0xBE, 0x81, 0xBA, 0xBE, 0x82, 0x9A, 0xBE, 0x83,
    0xBA, 0xBE, 0x84, 0x9A, 0xBE, 0x02, 0x7A, 0xBE, 0x7B, 0xB6, 0x7A, 0xB6, 0x81, 0x9A, 0xBE, 0x00,
    0xBA, 0xBE, 0x84, 0xBA, 0xC6, 0x82, 0xBA, 0xBE, 0x01, 0xBA, 0xC6, 0xDA, 0xC6, 0x82, 0xBA, 0xC6,
    0x00, 0xBA, 0xBE, 0x82, 0x9A, 0xBE, 0x81, 0xBA, 0xBE, 0x83, 0x9A, 0xBE, 0x82, 0xBA, 0xBE, 0x84,
    0x9A, 0xBE, 0x00, 0x7A, 0xBE, 0x81, 0x7B, 0xB6, 0x81, 0x9A, 0xBE, 0x81, 0xBA, 0xBE, 0x84, 0xBA,
    0xC6, 0x81, 0xBA, 0xBE, 0x00, 0xBA, 0xC6, 0x81, 0xDA, 0xC6, 0x82, 0xBA, 0xC6, 0x82, 0x9A, 0xBE,
    0x81, 0xBA, 0xBE, 0x83, 0x9A, 0xBE, 0x82, 0xBA, 0xBE, 0x81, 0x9A, 0xBE, 0x00, 0xBA, 0xBE, 0x89,
    0x9A, 0xBE, 0x02, 0xBA, 0xBE, 0x9A, 0xBE, 0xBA, 0xBE, 0x8A, 0x9A, 0xBE, 0x82, 0xBA, 0xBE, 0x81,
    0x9A, 0xBE, 0x00, 0xBA, 0xBE, 0x81, 0x9A, 0xBE, 0x00, 0xBA, 0xBE, 0x83, 0xBA, 0xC6, 0x89, 0x9A,
    0xBE, 0x83, 0xBA, 0xBE, 0x89, 0x9A, 0xBE, 0x82, 0xBA, 0xBE, 0x81, 0x9A, 0xBE, 0x00, 0xBA, 0xBE,
    0x81, 0x9A, 0xBE, 0x81, 0xBA, 0xBE, 0x82, 0xBA, 0xC6, 0x89, 0x9A, 0xBE, 0x83, 0xBA, 0xBE, 0x8A,
    0x9A, 0xBE, 0x81, 0xBA, 0xBE, 0x82, 0x9A, 0xBE, 0x01, 0xBA, 0xBE, 0x9A, 0xBE, 0x81, 0xBA, 0xBE,
    0x82, 0xBA, 0xC6, 0x00, 0xBA, 0xBE, 0x89, 0x9A, 0xBE, 0x02, 0xBA, 0xBE, 0x9A, 0xBE, 0xBA, 0xBE,
    0x81, 0x9A, 0xBE, 0x00, 0xBA, 0xC6, 0x83, 0x9A, 0xBE, 0x01, 0x7A, 0xB6, 0x7A, 0xBE, 0x81, 0x9A,
    0xBE, 0x82, 0xBA, 0xBE, 0x01, 0x9A, 0xBE, 0xBA, 0xBE, 0x81, 0x9A, 0xBE, 0x83, 0xBA, 0xBE, 0x01,
    0xBA, 0xC6, 0xBA, 0xBE, 0x89, 0x9A, 0xBE, 0x81, 0xBA, 0xBE, 0x83, 0xBA, 0xC6, 0x83, 0x9A, 0xBE,
    0x01, 0x7A, 0xBE, 0x7A, 0xB6, 0x82, 0x9A, 0xBE, 0x81, 0xBA, 0xBE, 0x84, 0x9A, 0xBE, 0x82, 0xBA,
    0xBE, 0x01, 0xBA, 0xC6, 0xBA, 0xBE, 0x83, 0x9A, 0xBE, 0x00, 0xBA, 0xBE, 0x83, 0x9A, 0xBE, 0x02,
    0xBA, 0xBE, 0x9A, 0xBE, 0xBA, 0xBE, 0x83, 0xBA, 0xC6, 0x00, 0xBA, 0xBE, 0x82, 0x9A, 0xBE, 0x01,
    0x7A, 0xBE, 0x7A, 0xB6, 0x82, 0x9A, 0xBE, 0x81, 0xBA, 0xBE, 0x84, 0x9A, 0xBE, 0x82, 0xBA, 0xBE,
    0x01, 0xBA, 0xC6, 0xBA, 0xBE, 0x83, 0x9A, 0xBE, 0x00, 0xBA, 0xBE, 0x83, 0x9A, 0xBE, 0x02, 0xBA,
    0xBE, 0x9A, 0xBE, 0xBA, 0xBE, 0x84, 0xBA, 0xC6, 0x83, 0x9A, 0xBE, 0x01, 0x7A, 0xB6, 0x7A, 0xBE,
    0x81, 0x9A, 0xBE, 0x82, 0xBA, 0xBE, 0x01, 0x9A, 0xBE, 0xBA, 0xBE, 0x81, 0x9A, 0xBE, 0x01, 0xBA,
    0xC6, 0xBA, 0xBE, 0x82, 0x9A, 0xBE, 0x01, 0x7A, 0xBE, 0x9A, 0xBE, 0x84, 0xBA, 0xBE, 0x83, 0x9A,
    0xBE, 0x00, 0xBA, 0xBE, 0x83, 0xBA, 0xC6, 0x01, 0xBA, 0xBE, 0x9A, 0xBE, 0x83, 0xBA, 0xBE, 0x82,
    0x9A, 0xBE, 0x00, 0xBA, 0xBE, 0x81, 0xBA, 0xC6, 0x01, 0xDA, 0xC6, 0xBA, 0xC6, 0x81, 0xBA, 0xBE,
    0x01, 0xBA, 0xC6, 0xBA, 0xBE, 0x82, 0x9A, 0xBE, 0x81, 0x7A, 0xBE, 0x00, 0x9A, 0xBE, 0x83, 0xBA,
    0xBE, 0x83, 0x9A, 0xBE, 0x00, 0xBA, 0xBE, 0x83, 0xBA, 0xC6, 0x00, 0xBA, 0xBE, 0x81, 0x9A, 0xBE,
    0x81, 0xBA, 0xBE, 0x00, 0xBA, 0xC6, 0x82, 0x9A, 0xBE, 0x00, 0xBA, 0xBE, 0x83, 0xBA, 0xC6, 0x82,
    0xBA, 0xBE, 0x00, 0xBA, 0xC6, 0x82, 0x9A, 0xBE, 0x81, 0x7A, 0xBE, 0x00, 0x9A, 0xBE, 0x83, 0xBA,
    0xBE, 0x83, 0x9A, 0xBE, 0x00, 0xBA, 0xBE, 0x84, 0xBA, 0xC6, 0x01, 0xBA, 0xBE, 0x9A, 0xBE, 0x81,
    0xBA, 0xBE, 0x01, 0xBA, 0xC6, 0xBA, 0xBE, 0x82, 0x9A, 0xBE, 0x82, 0xBA, 0xC6, 0x01, 0xDA, 0xC6,
    0xBA, 0xC6, 0x81, 0xBA, 0xBE, 0x01, 0xBA, 0xC6, 0xBA, 0xBE, 0x81, 0x9A, 0xBE, 0x81, 0x7A, 0xBE,
    0x00, 0x9A, 0xBE, 0x84, 0xBA, 0xBE, 0x8B, 0x9A, 0xBE, 0x81, 0xBA, 0xBE, 0x84, 0x9A, 0xBE, 0x00,
    0xBA, 0xBE, 0x81, 0xBA, 0xC6, 0x81, 0xDA, 0xC6, 0x81, 0xBA, 0xC6, 0x01, 0xBA, 0xBE, 0x9A, 0xBE,
    0x82, 0xBA, 0xC6, 0x04, 0xBA, 0xBE, 0x9A, 0xBE, 0xBA, 0xBE, 0xBA, 0xC6, 0xDA, 0xC6, 0x83, 0xBA,
    0xC6, 0x88, 0x9A, 0xBE, 0x82, 0xBA, 0xBE, 0x84, 0x9A, 0xBE, 0x81, 0xBA, 0xC6, 0x81, 0xDA, 0xC6,
    0x81, 0xBA, 0xC6, 0x02, 0xBA, 0xBE, 0x9A, 0xBE, 0xBA, 0xBE, 0x82, 0xBA, 0xC6, 0x81, 0x9A, 0xBE,
    0x82, 0xBA, 0xC6, 0x00, 0xDA, 0xC6, 0x81, 0xBA, 0xC6, 0x00, 0xBA, 0xBE, 0x87, 0x9A, 0xBE, 0x82,
    0xBA, 0xBE, 0x84, 0x9A, 0xBE, 0x82, 0xBA, 0xC6, 0x00, 0xDA, 0xC6, 0x82, 0xBA, 0xC6, 0x01, 0x9A,
    0xBE, 0xBA, 0xBE, 0x82, 0xBA, 0xC6, 0x81, 0x9A, 0xBE, 0x81, 0xBA, 0xC6, 0x00, 0xDA, 0xC6, 0x82,
    0xBA, 0xC6, 0x00, 0xBA, 0xBE, 0x88, 0x9A, 0xBE, 0x81, 0xBA, 0xBE, 0x84, 0x9A, 0xBE, 0x00, 0xBA,
    0xC6, 0x81, 0x7A, 0xBE, 0x03, 0x9A, 0xBE, 0xBA, 0xC6, 0x9A, 0xBE, 0x7A, 0xBE, 0x88, 0x9A, 0xBE,
    0x81, 0xBA, 0xC6, 0x82, 0xDA, 0xC6, 0x04, 0xBA, 0xC6, 0xDA, 0xC6, 0xBA, 0xC6, 0x9A, 0xBE, 0xBA,
    0xBE, 0x82, 0xBA, 0xC6, 0x02, 0x9A, 0xBE, 0xBA, 0xC6, 0xDA, 0xC6, 0x83, 0xBA, 0xC6, 0x01, 0xBA,
    0xBE, 0x9A, 0xBE, 0x81, 0x7A, 0xBE, 0x03, 0x9A, 0xBE, 0xBA, 0xC6, 0x9A, 0xBE, 0x7A, 0xBE, 0x88,
    0x9A, 0xBE, 0x01, 0xBA, 0xBE, 0xBA, 0xC6, 0x82, 0xDA, 0xC6, 0x02, 0xBA, 0xC6, 0xDA, 0xC6, 0xBA,
    0xC6, 0x81, 0x9A, 0xBE, 0x82, 0xBA, 0xC6, 0x81, 0xBA, 0xBE, 0x84, 0xBA, 0xC6, 0x01, 0xBA, 0xBE,
    0x9A, 0xBE, 0x81, 0x7A, 0xBE, 0x00, 0x9A, 0xBE, 0x81, 0xBA, 0xBE, 0x00, 0x7A, 0xBE, 0x88, 0x9A,
    0xBE, 0x01, 0xBA, 0xBE, 0xBA, 0xC6, 0x82, 0xDA, 0xC6, 0x00, 0xBA, 0xC6, 0x81, 0xDA, 0xC6, 0x02,
    0xBA, 0xBE, 0x9A, 0xBE, 0xBA, 0xBE, 0x81, 0xBA, 0xC6, 0x81, 0xBA, 0xBE, 0x85, 0xBA, 0xC6, 0x01,
    0xBA, 0xBE, 0x9A, 0xBE, 0x81, 0x7A, 0xBE, 0x01, 0xBA, 0xBE, 0xBA, 0xC6, 0x8A, 0x9A, 0xBE, 0x06,
    0xBA, 0xC6, 0x7A, 0xBE, 0x9A, 0xBE, 0xBA, 0xBE, 0xBA, 0xC6, 0x9A, 0xBE, 0x7A, 0xBE, 0x83, 0x9A,
    0xBE, 0x01, 0xBA, 0xBE, 0xBA, 0xC6, 0x82, 0x9A, 0xBE, 0x81, 0xBA, 0xC6, 0x84, 0xDA, 0xC6, 0x00,
    0xBA, 0xC6, 0x83, 0xBA, 0xBE, 0x86, 0xBA, 0xC6, 0x00, 0xBA, 0xBE, 0x81, 0x9A, 0xBE, 0x00, 0x7A,
    0xBE, 0x81, 0x9A, 0xBE, 0x02, 0xBA, 0xC6, 0x9A, 0xBE, 0x7A, 0xBE, 0x83, 0x9A, 0xBE, 0x02, 0xBA,
    0xBE, 0xBA, 0xC6, 0xBA, 0xBE, 0x81, 0x9A, 0xBE, 0x81, 0xBA, 0xC6, 0x85, 0xDA, 0xC6, 0x83, 0xBA,
    0xBE, 0x86, 0xBA, 0xC6, 0x00, 0xBA, 0xBE, 0x84, 0x9A, 0xBE, 0x81, 0xBA, 0xC6, 0x84, 0x9A, 0xBE,
    0x02, 0xBA, 0xBE, 0xBA, 0xC6, 0xBA, 0xBE, 0x81, 0x9A, 0xBE, 0x00, 0xBA, 0xBE, 0x81, 0xBA, 0xC6,
    0x84, 0xDA, 0xC6, 0x00, 0xBA, 0xC6, 0x81, 0xBA, 0xBE, 0x01, 0x9A, 0xBE, 0xBA, 0xBE, 0x86, 0xBA,
    0xC6, 0x84, 0x9A, 0xBE, 0x03, 0xBA, 0xBE, 0xBA, 0xC6, 0x9A, 0xBE, 0x7A, 0xBE, 0x82, 0x9A, 0xBE,
    0x00, 0xBA, 0xBE, 0x81, 0xBA, 0xC6, 0x81, 0x9A, 0xBE, 0x03, 0xBA, 0xBE, 0xBA, 0xC6, 0x7A, 0xBE,
    0x9A, 0xBE, 0x82, 0xBA, 0xC6, 0x83, 0x9A, 0xBE, 0x82, 0xBA, 0xC6, 0x02, 0xBA, 0xBE, 0x9A, 0xBE,
    0xBA, 0xBE, 0x81, 0xBA, 0xC6, 0x82, 0xDA, 0xC6, 0x01, 0xBA, 0xC6, 0xDA, 0xC6, 0x82, 0xBA, 0xC6,
    0x82, 0xBA, 0xBE, 0x82, 0x9A, 0xBE, 0x81, 0xBA, 0xC6, 0x05, 0xBA, 0xBE, 0x9A, 0xBE, 0x7A, 0xBE,
    0x7B, 0xB6, 0x7A, 0xB6, 0x9A, 0xBE, 0x82, 0xBA, 0xC6, 0x83, 0x9A, 0xBE, 0x81, 0xBA, 0xC6, 0x03,
    0xDA, 0xC6, 0xBA, 0xBE, 0x9A, 0xBE, 0xBA, 0xBE, 0x81, 0xBA, 0xC6, 0x85, 0xDA, 0xC6, 0x81, 0xBA,
    0xC6, 0x83, 0xBA, 0xBE, 0x81, 0x9A, 0xBE, 0x00, 0xBA, 0xBE, 0x81, 0xBA, 0xC6, 0x01, 0x9A, 0xBE,
    0x7A, 0xBE, 0x81, 0x7B, 0xB6, 0x01, 0x9A, 0xBE, 0xBA, 0xBE, 0x81, 0xBA, 0xC6, 0x00, 0xBA, 0xBE,
    0x82, 0x9A, 0xBE, 0x03, 0xBA, 0xBE, 0xBA, 0xC6, 0xDA, 0xC6, 0xBA, 0xC6, 0x81, 0x9A, 0xBE, 0x82,
    0xBA, 0xC6, 0x84, 0xDA, 0xC6, 0x81, 0xBA, 0xC6, 0x01, 0xBA, 0xBE, 0x9A, 0xBE, 0x81, 0xBA, 0xBE,
    0x81, 0x9A, 0xBE, 0x00, 0xBA, 0xBE, 0x81, 0xBA, 0xC6, 0x01, 0x9A, 0xBE, 0x7A, 0xBE, 0x81, 0x7B,
    0xB6, 0x01, 0x7A, 0xBE, 0xBA, 0xBE, 0x81, 0xBA, 0xC6, 0x00, 0xBA, 0xBE, 0x82, 0x9A, 0xBE, 0x00,
    0xBA, 0xBE, 0x82, 0xBA, 0xC6, 0x06, 0xBA, 0xBE, 0x9A, 0xBE, 0xBA, 0xBE, 0xBA, 0xC6, 0x7A, 0xBE,
    0xBA, 0xC6, 0xDA, 0xC6, 0x82, 0xBA, 0xC6, 0x81, 0x9A, 0xBE, 0x00, 0xBA, 0xBE, 0x81, 0xBA, 0xC6,
    0x00, 0xDA, 0xC6, 0x83, 0xBA, 0xC6, 0x83, 0xDA, 0xC6, 0x82, 0xBA, 0xC6, 0x00, 0xBA, 0xBE, 0x81,
    0x9A, 0xBE, 0x04, 0xBA, 0xBE, 0xBA, 0xC6, 0x9A, 0xBE, 0x7B, 0xB6, 0x9A, 0xBE, 0x81, 0xBA, 0xC6,
    0x00, 0x9A, 0xBE, 0x81, 0x7A, 0xBE, 0x02, 0x5B, 0xB6, 0x7B, 0xB6, 0x9A, 0xBE, 0x81, 0xDA, 0xC6,
    0x81, 0xBA, 0xC6, 0x02, 0xBA, 0xBE, 0x9A, 0xBE, 0xBA, 0xBE, 0x81, 0xBA, 0xC6, 0x00, 0xDA, 0xC6,
    0x83, 0xBA, 0xC6, 0x83, 0xDA, 0xC6, 0x83, 0xBA, 0xC6, 0x82, 0x9A, 0xBE, 0x03, 0xBA, 0xC6, 0x9A,
    0xBE, 0x7B, 0xB6, 0x7A, 0xBE, 0x81, 0xBA, 0xC6, 0x81, 0x9A, 0xBE, 0x03, 0x7A, 0xBE, 0x7B, 0xB6,
    0x5B, 0xB6, 0x9A, 0xBE, 0x81, 0xDA, 0xC6, 0x81, 0xBA, 0xC6, 0x00, 0xBA, 0xBE, 0x81, 0x9A, 0xBE,
    0x81, 0xBA, 0xC6, 0x00, 0xDA, 0xC6, 0x84, 0xBA, 0xC6, 0x82, 0xDA, 0xC6, 0x83, 0xBA, 0xC6, 0x00,
    0xBA, 0xBE, 0x81, 0x9A, 0xBE, 0x06, 0xBA, 0xC6, 0x9A, 0xBE, 0x7B, 0xB6, 0x7A, 0xB6, 0xBA, 0xBE,
    0xBA, 0xC6, 0xBA, 0xBE, 0x81, 0x9A, 0xBE, 0x04, 0x7A, 0xB6, 0x5B, 0xB6, 0x7A, 0xBE, 0xBA, 0xC6,
    0xDA, 0xC6, 0x82, 0xBA, 0xC6, 0x81, 0x9A, 0xBE, 0x01, 0xBA, 0xBE, 0xBA, 0xC6, 0x81, 0xDA, 0xC6,
    0x83, 0xBA, 0xC6, 0x01, 0x9A, 0xBE, 0xBA, 0xC6, 0x81, 0xDA, 0xC6, 0x81, 0xBA, 0xC6, 0x01, 0x9A,
    0xBE, 0xBA, 0xBE, 0x81, 0xBA, 0xC6, 0x81, 0xDA, 0xC6, 0x01, 0xBA, 0xC6, 0xBA, 0xBE, 0x81, 0xBA,
    0xC6, 0x02, 0xDA, 0xC6, 0xBA, 0xC6, 0xBA, 0xBE, 0x83, 0xBA, 0xC6, 0x04, 0xBA, 0xBE, 0x9A, 0xBE,
    0x7A, 0xBE, 0x9A, 0xBE, 0xBA, 0xBE, 0x82, 0x9A, 0xBE, 0x03, 0xBA, 0xBE, 0x9A, 0xBE, 0x7A, 0xBE,
    0x7B, 0xB6, 0x82, 0x7A, 0xBE, 0x00, 0xBA, 0xC6, 0x81, 0xDA, 0xC6, 0x81, 0xBA, 0xC6, 0x01, 0xBA,
    0xBE, 0x9A, 0xBE, 0x81, 0xBA, 0xC6, 0x82, 0xDA, 0xC6, 0x82, 0xBA, 0xC6, 0x81, 0xDA, 0xC6, 0x81,
    0xBA, 0xBE, 0x83, 0xBA, 0xC6, 0x03, 0x9A, 0xBE, 0x7A, 0xBE, 0x9A, 0xBE, 0xBA, 0xBE, 0x82, 0x9A,
    0xBE, 0x04, 0xBA, 0xBE, 0x9A, 0xBE, 0x7A, 0xBE, 0x7B, 0xB6, 0x7A, 0xB6, 0x81, 0x7A, 0xBE, 0x00,
    0x9A, 0xBE, 0x81, 0xDA, 0xC6, 0x82, 0xBA, 0xC6, 0x02, 0x9A, 0xBE, 0xBA, 0xBE, 0xBA, 0xC6, 0x82,
    0xDA, 0xC6, 0x82, 0xBA, 0xC6, 0x81, 0xDA, 0xC6, 0x81, 0xBA, 0xBE, 0x83, 0xBA, 0xC6, 0x02, 0x9A,
    0xBE, 0x7A, 0xBE, 0x9A, 0xBE, 0x81, 0xBA, 0xBE, 0x81, 0x9A, 0xBE, 0x81, 0xBA, 0xBE, 0x00, 0x9A,
    0xBE, 0x81, 0x7B, 0xB6, 0x81, 0x7A, 0xBE, 0x00, 0x9A, 0xBE, 0x81, 0xDA, 0xC6, 0x82, 0xBA, 0xC6,
    0x01, 0x9A, 0xBE, 0xBA, 0xBE, 0x81, 0xBA, 0xC6, 0x81, 0xDA, 0xC6, 0x01, 0xBA, 0xC6, 0xBA, 0xBE,
    0x81, 0xBA, 0xC6, 0x01, 0xBA, 0xBE, 0xBA, 0xC6, 0x81, 0xDA, 0xC6, 0x00, 0xBA, 0xC6, 0x81, 0xBA,
    0xBE, 0x00, 0x9A, 0xBE, 0x81, 0xBA, 0xBE, 0x83, 0xBA, 0xC6, 0x00, 0xBA, 0xBE, 0x82, 0xBA, 0xC6,
    0x01, 0x9A, 0xBE, 0xBA, 0xBE, 0x81, 0xDA, 0xC6, 0x81, 0xBA, 0xC6, 0x01, 0xBA, 0xBE, 0x9A, 0xBE,
    0x81, 0xBA, 0xBE, 0x81, 0xBA, 0xC6, 0x81, 0x9A, 0xBE, 0x00, 0x7A, 0xBE, 0x81, 0x5B, 0xB6, 0x03,
    0x7B, 0xB6, 0x9A, 0xBE, 0xBA, 0xBE, 0xBA, 0xC6, 0x81, 0xDA, 0xC6, 0x00, 0xBA, 0xC6, 0x85, 0xBA,
    0xBE, 0x82, 0xBA, 0xC6, 0x00, 0xBA, 0xBE, 0x82, 0xBA, 0xC6, 0x01, 0x9A, 0xBE, 0xBA, 0xBE, 0x82,
    0xDA, 0xC6, 0x01, 0xBA, 0xC6, 0xBA, 0xBE, 0x81, 0x9A, 0xBE, 0x00, 0xBA, 0xBE, 0x81, 0xBA, 0xC6,
    0x05, 0xBA, 0xBE, 0x9A, 0xBE, 0x7A, 0xBE, 0x7B, 0xB6, 0x5B, 0xB6, 0x7B, 0xB6, 0x81, 0x9A, 0xBE,
    0x81, 0xBA, 0xC6, 0x01, 0xDA, 0xC6, 0xBA, 0xC6, 0x82, 0xBA, 0xBE, 0x00, 0x9A, 0xBE, 0x81, 0xBA,
    0xBE, 0x82, 0xBA, 0xC6, 0x81, 0xBA, 0xBE, 0x01, 0xBA, 0xC6, 0xDA, 0xC6, 0x81, 0x9A, 0xBE, 0x00,
    0xBA, 0xC6, 0x81, 0xDA, 0xC6, 0x01, 0xBA, 0xC6, 0xBA, 0xBE, 0x81, 0x9A, 0xBE, 0x81, 0xBA, 0xBE,
    0x04, 0xBA, 0xC6, 0xBA, 0xBE, 0x9A, 0xBE, 0x7A, 0xBE, 0x7A, 0xB6, 0x81, 0x5B, 0xB6, 0x03, 0x7A,
    0xBE, 0x9A, 0xBE, 0xBA, 0xBE, 0xBA, 0xC6, 0x81, 0xDA, 0xC6, 0x00, 0xBA, 0xC6, 0x81, 0xBA, 0xBE,
    0x00, 0x9A, 0xBE, 0x81, 0xBA, 0xBE, 0x82, 0xBA, 0xC6, 0x81, 0xBA, 0xBE, 0x84, 0xBA, 0xC6, 0x81,
    0xBA, 0xBE, 0x81, 0xBA, 0xC6, 0x03, 0xBA, 0xBE, 0x7A, 0xBE, 0x7A, 0xB6, 0x9A, 0xBE, 0x81, 0xBA,
    0xC6, 0x81, 0xBA, 0xBE, 0x81, 0xBA, 0xC6, 0x01, 0x9A, 0xBE, 0xBA, 0xC6, 0x82, 0xDA, 0xC6, 0x01,
    0xBA, 0xC6, 0xBA, 0xBE, 0x83, 0xBA, 0xC6, 0x08, 0x9A, 0xBE, 0x7A, 0xBE, 0x7A, 0xB6, 0x7A, 0xBE,
    0x7B, 0xB6, 0x5B, 0xB6, 0x7A, 0xBE, 0x9A, 0xBE, 0xBA, 0xBE, 0x81, 0xBA, 0xC6, 0x02, 0xDA, 0xC6,
    0xBA, 0xC6, 0xBA, 0xBE, 0x82, 0xBA, 0xC6, 0x02, 0x7A, 0xBE, 0x7A, 0xB6, 0x9A, 0xBE, 0x81, 0xBA,
    0xC6, 0x81, 0xBA, 0xBE, 0x81, 0xBA, 0xC6, 0x01, 0x9A, 0xBE, 0xBA, 0xBE, 0x82, 0xDA, 0xC6, 0x01,
    0xBA, 0xC6, 0xBA, 0xBE, 0x83, 0xBA, 0xC6, 0x08, 0xBA, 0xBE, 0x9A, 0xBE, 0x7A, 0xB6, 0x7A, 0xBE,
    0x7A, 0xB6, 0x5B, 0xB6, 0x7B, 0xB6, 0x9A, 0xBE, 0xBA, 0xBE, 0x83, 0xBA, 0xC6, 0x00, 0xBA, 0xBE,
    0x82, 0xBA, 0xC6, 0x03, 0x9A, 0xBE, 0x7A, 0xB6, 0x7A, 0xBE, 0xBA, 0xBE, 0x81, 0xBA, 0xC6, 0x00,
    0x9A, 0xBE, 0x81, 0xBA, 0xC6, 0x81, 0x9A, 0xBE, 0x00, 0xBA, 0xC6, 0x81, 0xDA, 0xC6, 0x01, 0xBA,
    0xC6, 0xBA, 0xBE, 0x84, 0xBA, 0xC6, 0x01, 0x9A, 0xBE, 0x7A, 0xBE, 0x81, 0x7A, 0xB6, 0x81, 0x5B,
    0xB6, 0x01, 0x9A, 0xBE, 0xBA, 0xBE, 0x83, 0xBA, 0xC6, 0x00, 0xBA, 0xBE, 0x82, 0xBA, 0xC6, 0x00,
    0x9A, 0xBE, 0x81, 0x7A, 0xB6, 0x00, 0x9A, 0xBE, 0x81, 0xBA, 0xC6, 0x00, 0x9A, 0xBE, 0x81, 0xBA,
    0xBE, 0x04, 0x9A, 0xBE, 0xBA, 0xBE, 0xBA, 0xC6, 0xBA, 0xBE, 0x9A, 0xBE, 0x81, 0xBA, 0xC6, 0x03,
    0x9A, 0xBE, 0x7B, 0xB6, 0x5B, 0xB6, 0x9A, 0xBE, 0x82, 0xBA, 0xC6, 0x01, 0xBA, 0xBE, 0xBA, 0xC6,
    0x81, 0xBA, 0xBE, 0x00, 0xBA, 0xC6, 0x82, 0xDA, 0xC6, 0x01, 0xBA, 0xC6, 0xBA, 0xBE, 0x83, 0xBA,
    0xC6, 0x81, 0x9A, 0xBE, 0x03, 0x7A, 0xBE, 0x9A, 0xBE, 0x7A, 0xBE, 0x7B, 0xB6, 0x81, 0x9A, 0xBE,
    0x02, 0xBA, 0xBE, 0x9A, 0xBE, 0xBA, 0xBE, 0x81, 0xBA, 0xC6, 0x06, 0x9A, 0xBE, 0xBA, 0xBE, 0xBA,
    0xC6, 0xBA, 0xBE, 0x7A, 0xB6, 0x5B, 0xB6, 0x9A, 0xBE, 0x82, 0xBA, 0xC6, 0x04, 0x9A, 0xBE, 0xBA,
    0xBE, 0xBA, 0xC6, 0xBA, 0xBE, 0xBA, 0xC6, 0x82, 0xDA, 0xC6, 0x01, 0xBA, 0xC6, 0xBA, 0xBE, 0x83,
    0xBA, 0xC6, 0x81, 0x9A, 0xBE, 0x00, 0x7A, 0xBE, 0x81, 0x9A, 0xBE, 0x03, 0x7B, 0xB6, 0x7A, 0xBE,
    0x9A, 0xBE, 0xBA, 0xBE, 0x81, 0x9A, 0xBE, 0x81, 0xBA, 0xC6, 0x81, 0x9A, 0xBE, 0x05, 0xBA, 0xC6,
    0xBA, 0xBE, 0x9A, 0xBE, 0x5B, 0xB6, 0x7A, 0xBE, 0xBA, 0xBE, 0x81, 0xBA, 0xC6, 0x81, 0xBA, 0xBE,
    0x02, 0xBA, 0xC6, 0xBA, 0xBE, 0xBA, 0xC6, 0x82, 0xDA, 0xC6, 0x85, 0xBA, 0xC6, 0x01, 0xBA, 0xBE,
    0x9A, 0xBE, 0x81, 0x7A, 0xBE, 0x00, 0x9A, 0xBE, 0x81, 0x7B, 0xB6, 0x00, 0x9A, 0xBE, 0x81, 0xBA,
    0xBE, 0x04, 0x9A, 0xBE, 0xBA, 0xBE, 0xBA, 0xC6, 0xBA, 0xBE, 0x9A, 0xBE, 0x81, 0xBA, 0xC6, 0x03,
    0x9A, 0xBE, 0x5B, 0xB6, 0x7B, 0xB6, 0x9A, 0xBE, 0x82, 0xBA, 0xC6, 0x01, 0xBA, 0xBE, 0x9A, 0xBE,
    0x82, 0xBA, 0xBE, 0x81, 0x9A, 0xBE, 0x05, 0xBA, 0xBE, 0xBA, 0xC6, 0xBA, 0xBE, 0x7A, 0xBE, 0x7B,
    0xB6, 0x9A, 0xBE, 0x86, 0xBA, 0xC6, 0x81, 0xDA, 0xC6, 0x82, 0xBA, 0xC6, 0x01, 0xBA, 0xBE, 0x9A,
    0xBE, 0x82, 0xBA, 0xBE, 0x84, 0x9A, 0xBE, 0x02, 0x7A, 0xBE, 0x9A, 0xBE, 0xBA, 0xBE, 0x81, 0x9A,
    0xBE, 0x01, 0xBA, 0xBE, 0xBA, 0xC6, 0x81, 0x9A, 0xBE, 0x00, 0xBA, 0xBE, 0x81, 0xBA, 0xC6, 0x03,
    0x7A, 0xBE, 0x7B, 0xB6, 0x9A, 0xBE, 0xBA, 0xBE, 0x85, 0xBA, 0xC6, 0x82, 0xDA, 0xC6, 0x81, 0xBA,
    0xC6, 0x00, 0xBA, 0xBE, 0x81, 0x9A, 0xBE, 0x81, 0xBA, 0xBE, 0x86, 0x9A, 0xBE, 0x81, 0xBA, 0xBE,
    0x02, 0x9A, 0xBE, 0xBA, 0xBE, 0xBA, 0xC6, 0x82, 0x9A, 0xBE, 0x81, 0xBA, 0xC6, 0x03, 0x9A, 0xBE,
    0x7B, 0xB6, 0x9A, 0xBE, 0xBA, 0xBE, 0x86, 0xBA, 0xC6, 0x81, 0xDA, 0xC6, 0x82, 0xBA, 0xC6, 0x81,
    0x9A, 0xBE, 0x81, 0xBA, 0xBE, 0x86, 0x9A, 0xBE, 0x81, 0xBA, 0xBE, 0x00, 0x9A, 0xBE, 0x82, 0xBA,
    0xBE, 0x81, 0x9A, 0xBE, 0x81, 0xBA, 0xC6, 0x00, 0x9A, 0xBE, 0x81, 0x7A, 0xB6, 0x00, 0x9A, 0xBE,
    0x82, 0xBA, 0xC6, 0x81, 0xBA, 0xBE, 0x82, 0x9A, 0xBE, 0x06, 0x7A, 0xBE, 0x9A, 0xBE, 0xBA, 0xBE,
    0xBA, 0xC6, 0xBA, 0xBE, 0x9A, 0xBE, 0x7A, 0xB6, 0x81, 0x9A, 0xBE, 0x84, 0xBA, 0xC6, 0x81, 0xDA,
    0xC6, 0x84, 0xBA, 0xC6, 0x82, 0x9A, 0xBE, 0x02, 0x7A, 0xBE, 0x7A, 0xB6, 0x7A, 0xBE, 0x81, 0x9A,
    0xBE, 0x00, 0xBA, 0xBE, 0x81, 0x9A, 0xBE, 0x01, 0xBA, 0xC6, 0xBA, 0xBE, 0x83, 0x9A, 0xBE, 0x01,
    0x7A, 0xBE, 0x9A, 0xBE, 0x81, 0xBA, 0xC6, 0x04, 0x9A, 0xBE, 0x7A, 0xB6, 0x7A, 0xBE, 0x9A, 0xBE,
    0xBA, 0xBE, 0x84, 0xBA, 0xC6, 0x00, 0xDA, 0xC6, 0x81, 0xBA, 0xC6, 0x00, 0xBA, 0xBE, 0x81, 0xBA,
    0xC6, 0x83, 0x9A, 0xBE, 0x01, 0x7A, 0xBE, 0x7A, 0xB6, 0x81, 0x9A, 0xBE, 0x00, 0xBA, 0xBE, 0x81,
    0x9A, 0xBE, 0x00, 0xBA, 0xC6, 0x81, 0xBA, 0xBE, 0x82, 0x9A, 0xBE, 0x01, 0x7A, 0xBE, 0x9A, 0xBE,
    0x81, 0xBA, 0xC6, 0x00, 0x9A, 0xBE, 0x81, 0x7A, 0xBE, 0x01, 0x9A, 0xBE, 0xBA, 0xBE, 0x84, 0xBA,
    0xC6, 0x00, 0xDA, 0xC6, 0x81, 0xBA, 0xC6, 0x00, 0xBA, 0xBE, 0x81, 0xBA, 0xC6, 0x00, 0xBA, 0xBE,
    0x82, 0x9A, 0xBE, 0x01, 0x7A, 0xBE, 0x7A, 0xB6, 0x81, 0x9A, 0xBE, 0x00, 0xBA, 0xBE, 0x81, 0x9A,
    0xBE, 0x00, 0xBA, 0xC6, 0x81, 0xBA, 0xBE, 0x82, 0x9A, 0xBE, 0x04, 0x7A, 0xBE, 0x9A, 0xBE, 0xBA,
    0xBE, 0xBA, 0xC6, 0xBA, 0xBE, 0x81, 0x7A, 0xBE, 0x81, 0x9A, 0xBE, 0x84, 0xBA, 0xC6, 0x00, 0xBA,
    0xBE, 0x83, 0x9A, 0xBE, 0x00, 0xBA, 0xBE, 0x83, 0x9A, 0xBE, 0x00, 0xBA, 0xBE, 0x82, 0xBA, 0xC6,
    0x81, 0xBA, 0xBE, 0x82, 0xBA, 0xC6, 0x01, 0x9A, 0xBE, 0xBA, 0xBE, 0x81, 0xDA, 0xC6, 0x01, 0xBA,
    0xC6, 0x9A, 0xBE, 0x82, 0x7B, 0xB6, 0x04, 0x9A, 0xBE, 0xBA, 0xBE, 0xBA, 0xC6, 0xBA, 0xBE, 0x9A,
    0xBE, 0x81, 0xBA, 0xBE, 0x81, 0xBA, 0xC6, 0x81, 0xBA, 0xBE, 0x82, 0x9A, 0xBE, 0x81, 0xBA, 0xBE,
    0x82, 0x9A, 0xBE, 0x00, 0xBA, 0xBE, 0x82, 0xBA, 0xC6, 0x81, 0xBA, 0xBE, 0x82, 0xBA, 0xC6, 0x06,
    0xBA, 0xBE, 0x9A, 0xBE, 0xBA, 0xC6, 0xDA, 0xC6, 0xBA, 0xC6, 0x9A, 0xBE, 0x7A, 0xB6, 0x81, 0x7B,
    0xB6, 0x01, 0x7A, 0xBE, 0x9A, 0xBE, 0x81, 0xBA, 0xC6, 0x81, 0x9A, 0xBE, 0x01, 0xBA, 0xC6, 0xBA,
    0xBE, 0x82, 0xBA, 0xC6, 0x82, 0x9A, 0xBE, 0x81, 0xBA, 0xBE, 0x82, 0x9A, 0xBE, 0x81, 0xBA, 0xBE,
    0x82, 0xBA, 0xC6, 0x00, 0xBA, 0xBE, 0x82, 0xBA, 0xC6, 0x06, 0xBA, 0xBE, 0x9A, 0xBE, 0xBA, 0xC6,
    0xDA, 0xC6, 0xBA, 0xC6, 0xBA, 0xBE, 0x7A, 0xBE, 0x81, 0x7B, 0xB6, 0x01, 0x7A, 0xB6, 0x9A, 0xBE,
    0x81, 0xBA, 0xC6, 0x81, 0x9A, 0xBE, 0x01, 0xBA, 0xC6, 0xBA, 0xBE, 0x81, 0xBA, 0xC6, 0x00, 0xBA,
    0xBE, 0x82, 0x9A, 0xBE, 0x81, 0xBA, 0xBE, 0x83, 0x9A, 0xBE, 0x00, 0xBA, 0xBE, 0x84, 0xBA, 0xC6,
    0x01, 0xDA, 0xC6, 0xBA, 0xC6, 0x85, 0x9A, 0xBE, 0x81, 0xBA, 0xBE, 0x81, 0xBA, 0xC6, 0x01, 0xBA,
    0xBE, 0xBA, 0xC6, 0x81, 0xBA, 0xBE, 0x86, 0xBA, 0xC6, 0x01, 0xBA, 0xBE, 0x9A, 0xBE, 0x81, 0x7B,
    0xB6, 0x02, 0x7A, 0xBE, 0x9A, 0xBE, 0xBA, 0xBE, 0x81, 0x9A, 0xBE, 0x82, 0xBA, 0xBE, 0x81, 0xBA,
    0xC6, 0x01, 0xDA, 0xC6, 0xBA, 0xC6, 0x85, 0x9A, 0xBE, 0x81, 0xBA, 0xBE, 0x81, 0xBA, 0xC6, 0x83,
    0xBA, 0xBE, 0x87, 0xBA, 0xC6, 0x00, 0x9A, 0xBE, 0x81, 0x7B, 0xB6, 0x02, 0x7A, 0xBE, 0x9A, 0xBE,
    0xBA, 0xBE, 0x81, 0x9A, 0xBE, 0x82, 0xBA, 0xBE, 0x81, 0xBA, 0xC6, 0x81, 0xDA, 0xC6, 0x00, 0xBA,
    0xBE, 0x84, 0x9A, 0xBE, 0x82, 0xBA, 0xBE, 0x81, 0xBA, 0xC6, 0x01, 0xBA, 0xBE, 0xBA, 0xC6, 0x81,
    0xBA, 0xBE, 0x86, 0xBA, 0xC6, 0x05, 0x9A, 0xBE, 0x7A, 0xB6, 0x7B, 0xB6, 0x7A, 0xB6, 0x9A, 0xBE,
    0xBA, 0xBE, 0x81, 0x9A, 0xBE, 0x82, 0xBA, 0xBE, 0x82, 0xBA, 0xC6, 0x01, 0xDA, 0xC6, 0xBA, 0xC6,
    0x85, 0x9A, 0xBE, 0x81, 0xBA, 0xBE, 0x81, 0xBA, 0xC6, 0x00, 0xBA, 0xBE, 0x82, 0xBA, 0xC6, 0x02,
    0xDA, 0xC6, 0xBA, 0xC6, 0x9A, 0xBE, 0x81, 0x7A, 0xBE, 0x82, 0x9A, 0xBE, 0x83, 0xBA, 0xC6, 0x00,
    0xBA, 0xBE, 0x81, 0x9A, 0xBE, 0x00, 0xBA, 0xBE, 0x85, 0xBA, 0xC6, 0x02, 0xBA, 0xBE, 0x9A, 0xBE,
    0x7A, 0xBE, 0x81, 0x7B, 0xB6, 0x83, 0x9A, 0xBE, 0x01, 0xBA, 0xBE, 0xBA, 0xC6, 0x81, 0xBA, 0xBE,
    0x81, 0xBA, 0xC6, 0x02, 0xDA, 0xC6, 0xBA, 0xC6, 0x9A, 0xBE, 0x81, 0x7A, 0xBE, 0x82, 0x9A, 0xBE,
    0x00, 0xBA, 0xBE, 0x82, 0xBA, 0xC6, 0x00, 0xBA, 0xBE, 0x81, 0x9A, 0xBE, 0x00, 0xBA, 0xBE, 0x85,
    0xBA, 0xC6, 0x00, 0xBA, 0xBE, 0x81, 0x9A, 0xBE, 0x81, 0x7B, 0xB6, 0x00, 0x7A, 0xBE, 0x83, 0x9A,
    0xBE, 0x00, 0xBA, 0xC6, 0x81, 0xBA, 0xBE, 0x81, 0xBA, 0xC6, 0x02, 0xDA, 0xC6, 0xBA, 0xC6, 0x9A,
    0xBE, 0x81, 0x7A, 0xBE, 0x82, 0x9A, 0xBE, 0x00, 0xBA, 0xBE, 0x83, 0xBA, 0xC6, 0x81, 0x9A, 0xBE,
    0x00, 0xBA, 0xBE, 0x86, 0xBA, 0xC6, 0x81, 0x9A, 0xBE, 0x02, 0x7A, 0xBE, 0x7B, 0xB6, 0x7A, 0xB6,
    0x83, 0x9A, 0xBE, 0x81, 0xBA, 0xC6, 0x00, 0xBA, 0xBE, 0x82, 0xBA, 0xC6, 0x03, 0xDA, 0xC6, 0xBA,
    0xBE, 0x9A, 0xBE, 0x7A, 0xB6, 0x82, 0x9A, 0xBE, 0x00, 0xBA, 0xBE, 0x83, 0xBA, 0xC6, 0x81, 0x9A,
    0xBE, 0x82, 0xBA, 0xC6, 0x00, 0xBA, 0xBE, 0x87, 0x9A, 0xBE, 0x01, 0xBA, 0xBE, 0xBA, 0xC6, 0x82,
    0x9A, 0xBE, 0x04, 0xBA, 0xBE, 0xBA, 0xC6, 0xBA, 0xBE, 0xBA, 0xC6, 0xBA, 0xBE, 0x85, 0x9A, 0xBE,
    0x02, 0x7A, 0xBE, 0x9A, 0xBE, 0xBA, 0xBE, 0x81, 0x9A, 0xBE, 0x84, 0xBA, 0xBE, 0x81, 0xBA, 0xC6,
    0x00, 0xBA, 0xBE, 0x87, 0x9A, 0xBE, 0x01, 0xBA, 0xBE, 0xBA, 0xC6, 0x82, 0x9A, 0xBE, 0x01, 0xBA,
    0xBE, 0xBA, 0xC6, 0x81, 0xBA, 0xBE, 0x01, 0xBA, 0xC6, 0xBA, 0xBE, 0x84, 0x9A, 0xBE, 0x00, 0x7A,
    0xBE, 0x83, 0x9A, 0xBE, 0x84, 0xBA, 0xBE, 0x81, 0xBA, 0xC6, 0x00, 0xBA, 0xBE, 0x88, 0x9A, 0xBE,
    0x01, 0xBA, 0xC6, 0xBA, 0xBE, 0x81, 0x9A, 0xBE, 0x83, 0xBA, 0xBE, 0x01, 0xBA, 0xC6, 0xBA, 0xBE,
    0x82, 0x9A, 0xBE, 0x00, 0x7A, 0xBE, 0x81, 0x9A, 0xBE, 0x00, 0x7A, 0xBE, 0x83, 0x9A, 0xBE, 0x83,
    0xBA, 0xBE, 0x82, 0xBA, 0xC6, 0x88, 0x9A, 0xBE, 0x81, 0xBA, 0xC6, 0x87, 0x9A, 0xBE, 0x00, 0xBA,
    0xBE, 0x81, 0x9A, 0xBE, 0x01, 0xBA, 0xC6, 0xBA, 0xBE, 0x81, 0x9A, 0xBE, 0x82, 0xBA, 0xBE, 0x01,
    0xBA, 0xC6, 0xBA, 0xBE, 0x83, 0x9A, 0xBE, 0x81, 0x7A, 0xBE, 0x85, 0x9A, 0xBE, 0x00, 0xBA, 0xBE,
    0x81, 0x9A, 0xBE, 0x81, 0xBA, 0xBE, 0x81, 0xBA, 0xC6, 0x85, 0x9A, 0xBE, 0x00, 0xBA, 0xBE, 0x81,
    0x9A, 0xBE, 0x01, 0xBA, 0xC6, 0xBA, 0xBE, 0x81, 0x9A, 0xBE, 0x82, 0xBA, 0xBE, 0x01, 0xBA, 0xC6,
    0xBA, 0xBE, 0x84, 0x9A, 0xBE, 0x00, 0x7A, 0xBE, 0x85, 0x9A, 0xBE, 0x02, 0xBA, 0xC6, 0xBA, 0xBE,
    0x9A, 0xBE, 0x81, 0xBA, 0xBE, 0x81, 0xBA, 0xC6, 0x85, 0x9A, 0xBE, 0x81, 0xBA, 0xBE, 0x00, 0x9A,
    0xBE, 0x82, 0xBA, 0xBE, 0x81, 0x9A, 0xBE, 0x81, 0xBA, 0xBE, 0x81, 0xBA, 0xC6, 0x00, 0xBA, 0xBE,
    0x83, 0x9A, 0xBE, 0x81, 0x7A, 0xBE, 0x84, 0x9A, 0xBE, 0x01, 0xBA, 0xC6, 0xBA, 0xBE, 0x81, 0x9A,
    0xBE, 0x81, 0xBA, 0xBE, 0x01, 0xBA, 0xC6, 0xBA, 0xBE, 0x84, 0x9A, 0xBE, 0x81, 0xBA, 0xBE, 0x81,
    0x9A, 0xBE, 0x01, 0xBA, 0xC6, 0xBA, 0xBE, 0x81, 0x9A, 0xBE, 0x82, 0xBA, 0xBE, 0x01, 0x7A, 0xBE,
    0x7A, 0xB6, 0x81, 0x9A, 0xBE, 0x00, 0xBA, 0xBE, 0x83, 0x9A, 0xBE, 0x01, 0xBA, 0xBE, 0x9A, 0xBE,
    0x81, 0xBA, 0xBE, 0x83, 0xBA, 0xC6, 0x00, 0xBA, 0xBE, 0x83, 0x9A, 0xBE, 0x81, 0x7A, 0xBE, 0x00,
    0x9A, 0xBE, 0x81, 0xBA, 0xBE, 0x81, 0x9A, 0xBE, 0x00, 0xBA, 0xC6, 0x81, 0x9A, 0xBE, 0x82, 0xBA,
    0xBE, 0x81, 0xBA, 0xC6, 0x02, 0x9A, 0xBE, 0x7A, 0xB6, 0x7A, 0xBE, 0x85, 0x9A, 0xBE, 0x83, 0xBA,
    0xBE, 0x83, 0xBA, 0xC6, 0x00, 0xBA, 0xBE, 0x83, 0x9A, 0xBE, 0x82, 0x7A, 0xBE, 0x00, 0x9A, 0xBE,
    0x81, 0xBA, 0xBE, 0x02, 0x9A, 0xBE, 0xBA, 0xBE, 0xBA, 0xC6, 0x81, 0x9A, 0xBE, 0x81, 0xBA, 0xBE,
    0x81, 0xBA, 0xC6, 0x00, 0x9A, 0xBE, 0x81, 0x7A, 0xBE, 0x86, 0x9A, 0xBE, 0x83, 0xBA, 0xBE, 0x82,
    0xBA, 0xC6, 0x00, 0xBA, 0xBE, 0x83, 0x9A, 0xBE, 0x82, 0x7A, 0xBE, 0x00, 0x9A, 0xBE, 0x81, 0xBA,
    0xBE, 0x02, 0x9A, 0xBE, 0xBA, 0xBE, 0xBA, 0xC6, 0x81, 0x9A, 0xBE, 0x81, 0xBA, 0xBE, 0x81, 0xBA,
    0xC6, 0x00, 0xBA, 0xBE, 0x81, 0x7A, 0xBE, 0x81, 0x9A, 0xBE, 0x00, 0xBA, 0xBE, 0x83, 0x9A, 0xBE,
    0x01, 0xBA, 0xBE, 0x9A, 0xBE, 0x82, 0xBA, 0xBE, 0x81, 0xBA, 0xC6, 0x89, 0x9A, 0xBE, 0x00, 0xBA,
    0xBE, 0x83, 0xBA, 0xC6, 0x81, 0xBA, 0xBE, 0x88, 0x9A, 0xBE, 0x83, 0xBA, 0xBE, 0x02, 0x9A, 0xBE,
    0xBA, 0xBE, 0xBA, 0xC6, 0x81, 0x9A, 0xBE, 0x01, 0xBA, 0xC6, 0xBA, 0xBE, 0x89, 0x9A, 0xBE, 0x00,
    0xBA, 0xBE, 0x81, 0xBA, 0xC6, 0x00, 0xBA, 0xBE, 0x81, 0xBA, 0xC6, 0x00, 0xBA, 0xBE, 0x88, 0x9A,
    0xBE, 0x01, 0xBA, 0xBE, 0xBA, 0xC6, 0x82, 0xBA, 0xBE, 0x03, 0x9A, 0xBE, 0xBA, 0xC6, 0xBA, 0xBE,
    0x9A, 0xBE, 0x81, 0xBA, 0xBE, 0x01, 0x9A, 0xBE, 0x7A, 0xBE, 0x88, 0x9A, 0xBE, 0x02, 0xBA, 0xBE,
    0xBA, 0xC6, 0xBA, 0xBE, 0x81, 0xBA, 0xC6, 0x81, 0xBA, 0xBE, 0x87, 0x9A, 0xBE, 0x01, 0xBA, 0xBE,
    0xBA, 0xC6, 0x82, 0xBA, 0xBE, 0x05, 0x9A, 0xBE, 0xBA, 0xC6, 0xBA, 0xBE, 0x9A, 0xBE, 0xBA, 0xBE,
    0xBA, 0xC6, 0x8A, 0x9A, 0xBE, 0x00, 0xBA, 0xBE, 0x83, 0xBA, 0xC6, 0x00, 0xBA, 0xBE, 0x82, 0x9A,
    0xBE, 0x02, 0x7A, 0xBE, 0x9A, 0xBE, 0xBA, 0xBE, 0x81, 0x9A, 0xBE, 0x81, 0xBA, 0xBE, 0x82, 0xBA,
    0xC6, 0x00, 0xBA, 0xBE, 0x8B, 0x9A, 0xBE, 0x04, 0xBA, 0xBE, 0x9A, 0xBE, 0xBA, 0xBE, 0xBA, 0xC6,
    0x9A, 0xBE, 0x81, 0xBA, 0xBE, 0x81, 0x9A, 0xBE, 0x00, 0xBA, 0xBE, 0x88, 0x9A, 0xBE, 0x81, 0xBA,
    0xBE, 0x82, 0xBA, 0xC6, 0x81, 0xBA, 0xBE, 0x8A, 0x9A, 0xBE, 0x82, 0xBA, 0xBE, 0x03, 0xBA, 0xC6,
    0xBA, 0xBE, 0x9A, 0xBE, 0xBA, 0xBE, 0x81, 0x9A, 0xBE, 0x00, 0xBA, 0xBE, 0x88, 0x9A, 0xBE, 0x81,
    0xBA, 0xBE, 0x82, 0xBA, 0xC6, 0x81, 0xBA, 0xBE, 0x8B, 0x9A, 0xBE, 0x83, 0xBA, 0xBE, 0x00, 0x9A,
    0xBE, 0x81, 0xBA, 0xBE, 0x00, 0x9A, 0xBE, 0x81, 0xBA, 0xBE, 0x83, 0x9A, 0xBE, 0x03, 0x7A, 0xBE,
    0x9A, 0xBE, 0xBA, 0xBE, 0x9A, 0xBE, 0x81, 0xBA, 0xBE, 0x83, 0xBA, 0xC6, 0x00, 0xBA, 0xBE, 0x86,
    0x9A, 0xBE, 0x00, 0xBA, 0xBE, 0x81, 0x9A, 0xBE, 0x82, 0xBA, 0xC6, 0x01, 0x9A, 0xBE, 0xBA, 0xBE,
    0x84, 0x9A, 0xBE, 0x82, 0xBA, 0xBE, 0x81, 0xBA, 0xC6, 0x01, 0xBA, 0xBE, 0x9A, 0xBE, 0x81, 0xBA,
    0xBE, 0x81, 0x9A, 0xBE, 0x00, 0xBA, 0xC6, 0x84, 0xBA, 0xBE, 0x86, 0x9A, 0xBE, 0x00, 0xBA, 0xBE,
    0x81, 0x9A, 0xBE, 0x82, 0xBA, 0xC6, 0x81, 0xBA, 0xBE, 0x85, 0x9A, 0xBE, 0x81, 0xBA, 0xBE, 0x81,
    0xBA, 0xC6, 0x01, 0xBA, 0xBE, 0x9A, 0xBE, 0x81, 0xBA, 0xBE, 0x81, 0x9A, 0xBE, 0x01, 0xBA, 0xBE,
    0xBA, 0xC6, 0x83, 0xBA, 0xBE, 0x86, 0x9A, 0xBE, 0x81, 0xBA, 0xBE, 0x01, 0x9A, 0xBE, 0xBA, 0xBE,
    0x81, 0xBA, 0xC6, 0x81, 0xBA, 0xBE, 0x85, 0x9A, 0xBE, 0x81, 0xBA, 0xBE, 0x82, 0xBA, 0xC6, 0x81,
    0x9A, 0xBE, 0x81, 0xBA, 0xBE, 0x02, 0x9A, 0xBE, 0xBA, 0xBE, 0xBA, 0xC6, 0x84, 0xBA, 0xBE, 0x86,
    0x9A, 0xBE, 0x02, 0xBA, 0xBE, 0x9A, 0xBE, 0xBA, 0xBE, 0x81, 0xBA, 0xC6, 0x02, 0xBA, 0xBE, 0x9A,
    0xBE, 0xBA, 0xBE, 0x82, 0x9A, 0xBE, 0x87, 0xBA, 0xBE, 0x02, 0xBA, 0xC6, 0xBA, 0xBE, 0x9A, 0xBE,
    0x81, 0xBA, 0xBE, 0x00, 0x9A, 0xBE, 0x81, 0x7A, 0xBE, 0x81, 0x9A, 0xBE, 0x84, 0xBA, 0xC6, 0x81,
    0xBA, 0xBE, 0x87, 0xBA, 0xC6, 0x00, 0xBA, 0xBE, 0x82, 0x9A, 0xBE, 0x84, 0xBA, 0xBE, 0x00, 0xBA,
    0xC6, 0x81, 0xBA, 0xBE, 0x02, 0xBA, 0xC6, 0xBA, 0xBE, 0x9A, 0xBE, 0x81, 0xBA, 0xBE, 0x81, 0x9A,
    0xBE, 0x81, 0x7A, 0xBE, 0x01, 0x9A, 0xBE, 0xBA, 0xBE, 0x84, 0xBA, 0xC6, 0x00, 0xBA, 0xBE, 0x87,
    0xBA, 0xC6, 0x00, 0xBA, 0xBE, 0x83, 0x9A, 0xBE, 0x86, 0xBA, 0xBE, 0x01, 0xBA, 0xC6, 0xBA, 0xBE,
    0x81, 0x9A, 0xBE, 0x00, 0xBA, 0xBE, 0x81, 0x9A, 0xBE, 0x81, 0x7A, 0xBE, 0x01, 0x9A, 0xBE, 0xBA,
    0xBE, 0x84, 0xBA, 0xC6, 0x81, 0xBA, 0xBE, 0x87, 0xBA, 0xC6, 0x83, 0x9A, 0xBE, 0x86, 0xBA, 0xBE,
    0x01, 0xBA, 0xC6, 0xBA, 0xBE, 0x81, 0x9A, 0xBE, 0x02, 0xBA, 0xC6, 0xBA, 0xBE, 0x9A, 0xBE, 0x81,
    0x7A, 0xBE, 0x88, 0xBA, 0xBE, 0x81, 0x9A, 0xBE, 0x00, 0xBA, 0xC6, 0x82, 0x9A, 0xBE, 0x81, 0x7A,
    0xBE, 0x02, 0x9A, 0xBE, 0xBA, 0xC6, 0xDA, 0xC6, 0x81, 0xBA, 0xC6, 0x82, 0xBA, 0xBE, 0x85, 0xBA,
    0xC6, 0x01, 0x9A, 0xBE, 0xBA, 0xBE, 0x81, 0x9A, 0xBE, 0x01, 0x7A, 0xBE, 0x9A, 0xBE, 0x88, 0xBA,
    0xBE, 0x81, 0x9A, 0xBE, 0x81, 0xBA, 0xBE, 0x81, 0x9A, 0xBE, 0x81, 0x7A, 0xBE, 0x02, 0x9A, 0xBE,
    0xBA, 0xC6, 0xDA, 0xC6, 0x82, 0xBA, 0xC6, 0x81, 0xBA, 0xBE, 0x85, 0xBA, 0xC6, 0x00, 0x9A, 0xBE,
    0x81, 0xBA, 0xBE, 0x02, 0x9A, 0xBE, 0x7A, 0xBE, 0x9A, 0xBE, 0x88, 0xBA, 0xBE, 0x81, 0x9A, 0xBE,
    0x81, 0xBA, 0xBE, 0x81, 0x9A, 0xBE, 0x81, 0x7A, 0xBE, 0x01, 0x9A, 0xBE, 0xBA, 0xBE, 0x83, 0xBA,
    0xC6, 0x82, 0xBA, 0xBE, 0x84, 0xBA, 0xC6, 0x82, 0xBA, 0xBE, 0x83, 0x9A, 0xBE, 0x88, 0xBA, 0xBE,
    0x81, 0x9A, 0xBE, 0x00, 0xBA, 0xC6, 0x82, 0x9A, 0xBE, 0x00, 0x7A, 0xBE, 0x83, 0xBA, 0xBE, 0x83,
    0x9A, 0xBE, 0x04, 0xBA, 0xBE, 0x9A, 0xBE, 0xBA, 0xBE, 0xBA, 0xC6, 0xBA, 0xBE, 0x84, 0x9A, 0xBE,
    0x84, 0xBA, 0xC6, 0x82, 0xBA, 0xBE, 0x83, 0xBA, 0xC6, 0x81, 0x9A, 0xBE, 0x02, 0xBA, 0xBE, 0x9A,
    0xBE, 0x7A, 0xBE, 0x81, 0x9A, 0xBE, 0x83, 0xBA, 0xBE, 0x83, 0x9A, 0xBE, 0x04, 0xBA, 0xBE, 0x9A,
    0xBE, 0xBA, 0xBE, 0xBA, 0xC6, 0xBA, 0xBE, 0x84, 0x9A, 0xBE, 0x00, 0xBA, 0xBE, 0x84, 0xBA, 0xC6,
    0x81, 0xBA, 0xBE, 0x83, 0xBA, 0xC6, 0x81, 0x9A, 0xBE, 0x00, 0xBA, 0xBE, 0x81, 0x9A, 0xBE, 0x01,
    0x7A, 0xBE, 0x9A, 0xBE, 0x84, 0xBA, 0xBE, 0x82, 0x9A, 0xBE, 0x03, 0xBA, 0xBE, 0x9A, 0xBE, 0xBA,
    0xBE, 0xBA, 0xC6, 0x81, 0xBA, 0xBE, 0x83, 0x9A, 0xBE, 0x00, 0xBA, 0xBE, 0x84, 0xBA, 0xC6, 0x81,
    0xBA, 0xBE, 0x83, 0xBA, 0xC6, 0x00, 0xBA, 0xBE, 0x81, 0x9A, 0xBE, 0x02, 0xBA, 0xBE, 0x9A, 0xBE,
    0x7A, 0xBE, 0x81, 0x9A, 0xBE, 0x83, 0xBA, 0xBE, 0x82, 0x9A, 0xBE, 0x81, 0xBA, 0xBE, 0x00, 0x9A,
    0xBE, 0x81, 0xBA, 0xC6, 0x00, 0xBA, 0xBE, 0x82, 0x9A, 0xBE, 0x84, 0xBA, 0xBE, 0x82, 0x9A, 0xBE,
    0x81, 0xBA, 0xBE, 0x82, 0xBA, 0xC6, 0x00, 0xBA, 0xBE, 0x83, 0x9A, 0xBE, 0x82, 0xBA, 0xBE, 0x81,
    0xBA, 0xC6, 0x03, 0xBA, 0xBE, 0x9A, 0xBE, 0xBA, 0xC6, 0xBA, 0xBE, 0x81, 0x9A, 0xBE, 0x83, 0xBA,
    0xBE, 0x01, 0x9A, 0xBE, 0x7B, 0xB6, 0x81, 0x9A, 0xBE, 0x84, 0xBA, 0xBE, 0x82, 0x9A, 0xBE, 0x81,
    0xBA, 0xBE, 0x83, 0xBA, 0xC6, 0x84, 0x9A, 0xBE, 0x82, 0xBA, 0xBE, 0x81, 0xBA, 0xC6, 0x00, 0x9A,
    0xBE, 0x81, 0xBA, 0xC6, 0x81, 0x9A, 0xBE, 0x83, 0xBA, 0xBE, 0x03, 0x9A, 0xBE, 0x7B, 0xB6, 0x7A,
    0xBE, 0x9A, 0xBE, 0x85, 0xBA, 0xBE, 0x81, 0x9A, 0xBE, 0x81, 0xBA, 0xBE, 0x83, 0xBA, 0xC6, 0x84,
    0x9A, 0xBE, 0x82, 0xBA, 0xBE, 0x81, 0xBA, 0xC6, 0x81, 0xBA, 0xBE, 0x01, 0xBA, 0xC6, 0xBA, 0xBE,
    0x81, 0x9A, 0xBE, 0x06, 0xBA, 0xBE, 0x9A, 0xBE, 0xBA, 0xBE, 0x9A, 0xBE, 0x7A, 0xBE, 0x7A, 0xB6,
    0x9A, 0xBE, 0x85, 0xBA, 0xBE, 0x81, 0x9A, 0xBE, 0x82, 0xBA, 0xBE, 0x82, 0xBA, 0xC6, 0x00, 0xBA,
    0xBE, 0x82, 0x9A, 0xBE, 0x82, 0xBA, 0xBE, 0x00, 0x9A, 0xBE, 0x81, 0xBA, 0xBE, 0x81, 0x9A, 0xBE,
    0x01, 0xBA, 0xBE, 0xBA, 0xC6, 0x83, 0xBA, 0xBE, 0x84, 0x9A, 0xBE, 0x00, 0xBA, 0xBE, 0x81, 0xBA,
    0xC6, 0x87, 0x9A, 0xBE, 0x81, 0xBA, 0xBE, 0x02, 0x7A, 0xBE, 0x5B, 0xB6, 0x7A, 0xBE, 0x81, 0x9A,
    0xBE, 0x85, 0xBA, 0xBE, 0x81, 0x9A, 0xBE, 0x00, 0xBA, 0xBE, 0x81, 0xBA, 0xC6, 0x82, 0xBA, 0xBE,
    0x84, 0x9A, 0xBE, 0x00, 0xBA, 0xBE, 0x81, 0xBA, 0xC6, 0x00, 0xBA, 0xBE, 0x86, 0x9A, 0xBE, 0x81,
    0xBA, 0xBE, 0x02, 0x9A, 0xBE, 0x7B, 0xB6, 0x7A, 0xB6, 0x81, 0x9A, 0xBE, 0x83, 0xBA, 0xBE, 0x03,
    0x9A, 0xBE, 0xBA, 0xC6, 0xBA, 0xBE, 0x9A, 0xBE, 0x81, 0xBA, 0xBE, 0x00, 0xBA, 0xC6, 0x82, 0xBA,
    0xBE, 0x84, 0x9A, 0xBE, 0x00, 0xBA, 0xBE, 0x82, 0xBA, 0xC6, 0x87, 0x9A, 0xBE, 0x01, 0xBA, 0xC6,
    0x9A, 0xBE, 0x81, 0x7B, 0xB6, 0x01, 0x7A, 0xBE, 0x9A, 0xBE, 0x83, 0xBA, 0xBE, 0x02, 0x9A, 0xBE,
    0xBA, 0xC6, 0xBA, 0xBE, 0x81, 0x9A, 0xBE, 0x01, 0xBA, 0xBE, 0xBA, 0xC6, 0x82, 0xBA, 0xBE, 0x82,
    0x9A, 0xBE, 0x81, 0xBA, 0xC6, 0x81, 0x9A, 0xBE, 0x82, 0xBA, 0xBE, 0x01, 0x9A, 0xBE, 0xBA, 0xBE,
    0x89, 0x9A, 0xBE, 0x81, 0xBA, 0xC6, 0x02, 0xBA, 0xBE, 0x9A, 0xBE, 0x7A, 0xBE, 0x83, 0x9A, 0xBE,
    0x81, 0x7A, 0xB6, 0x81, 0x9A, 0xBE, 0x01, 0x7A, 0xB6, 0x7B, 0xB6, 0x82, 0x9A, 0xBE, 0x03, 0xBA,
    0xBE, 0xBA, 0xC6, 0xBA, 0xBE, 0x9A, 0xBE, 0x82, 0xBA, 0xBE, 0x00, 0x9A, 0xBE, 0x81, 0xBA, 0xBE,
    0x88, 0x9A, 0xBE, 0x82, 0xBA, 0xC6, 0x01, 0x9A, 0xBE, 0x7A, 0xBE, 0x83, 0x9A, 0xBE, 0x06, 0x7A,
    0xBE, 0x7B, 0xB6, 0x7A, 0xBE, 0x9A, 0xBE, 0x7A, 0xB6, 0x7B, 0xB6, 0x7A, 0xBE, 0x81, 0x9A, 0xBE,
    0x03, 0xBA, 0xBE, 0xBA, 0xC6, 0xBA, 0xBE, 0x9A, 0xBE, 0x82, 0xBA, 0xBE, 0x81, 0x9A, 0xBE, 0x00,
    0xBA, 0xBE, 0x88, 0x9A, 0xBE, 0x00, 0xBA, 0xBE, 0x81, 0xBA, 0xC6, 0x01, 0x9A, 0xBE, 0x7A, 0xBE,
    0x84, 0x9A, 0xBE, 0x05, 0x7B, 0xB6, 0x7A, 0xB6, 0x9A, 0xBE, 0x7A, 0xBE, 0x7B, 0xB6, 0x7A, 0xBE,
    0x82, 0x9A, 0xBE, 0x81, 0xBA, 0xC6, 0x81, 0x9A, 0xBE, 0x82, 0xBA, 0xBE, 0x01, 0x9A, 0xBE, 0xBA,
    0xBE, 0x86, 0x9A, 0xBE, 0x00, 0xBA, 0xC6, 0x85, 0xBA, 0xBE, 0x81, 0xBA, 0xC6, 0x02, 0xBA, 0xBE,
    0x9A, 0xBE, 0x7A, 0xBE, 0x81, 0x9A, 0xBE, 0x81, 0xBA, 0xBE, 0x00, 0x9A, 0xBE, 0x81, 0xBA, 0xBE,
    0x82, 0xBA, 0xC6, 0x01, 0x9A, 0xBE, 0x7A, 0xBE, 0x81, 0x9A, 0xBE, 0x04, 0xBA, 0xBE, 0x9A, 0xBE,
    0x7A, 0xBE, 0x5B, 0xB6, 0x7B, 0xB6, 0x81, 0x7A, 0xBE, 0x00, 0x7A, 0xB6, 0x82, 0x9A, 0xBE, 0x00,
    0xBA, 0xC6, 0x85, 0xBA, 0xBE, 0x82, 0xBA, 0xC6, 0x01, 0x9A, 0xBE, 0x7B, 0xB6, 0x81, 0x9A, 0xBE,
    0x81, 0xBA, 0xBE, 0x00, 0x9A, 0xBE, 0x82, 0xBA, 0xBE, 0x81, 0xBA, 0xC6, 0x01, 0x9A, 0xBE, 0x7A,
    0xBE, 0x81, 0x9A, 0xBE, 0x81, 0xBA, 0xBE, 0x02, 0x9A, 0xBE, 0x7B, 0xB6, 0x5B, 0xB6, 0x81, 0x7A,
    0xBE, 0x00, 0x7A, 0xB6, 0x82, 0x9A, 0xBE, 0x01, 0xBA, 0xBE, 0xBA, 0xC6, 0x84, 0xBA, 0xBE, 0x82,
    0xBA, 0xC6, 0x03, 0x9A, 0xBE, 0x7A, 0xB6, 0x7A, 0xBE, 0x9A, 0xBE, 0x81, 0xBA, 0xBE, 0x00, 0x9A,
    0xBE, 0x82, 0xBA, 0xBE, 0x81, 0xBA, 0xC6, 0x83, 0x9A, 0xBE, 0x81, 0xBA, 0xBE, 0x06, 0x9A, 0xBE,
    0x7B, 0xB6, 0x5B, 0xB6, 0x7B, 0xB6, 0x7A, 0xBE, 0x7A, 0xB6, 0x7A, 0xBE, 0x81, 0x9A, 0xBE, 0x01,
    0xBA, 0xBE, 0xBA, 0xC6, 0x84, 0xBA, 0xBE, 0x82, 0xBA, 0xC6, 0x81, 0x9A, 0xBE, 0x00, 0x7A, 0xBE,
    0x81, 0x9A, 0xBE, 0x84, 0xBA, 0xBE, 0x81, 0xBA, 0xC6, 0x81, 0xBA, 0xBE, 0x81, 0xBA, 0xC6, 0x81,
    0x9A, 0xBE, 0x03, 0x7A, 0xBE, 0x9A, 0xBE, 0xBA, 0xBE, 0xBA, 0xC6, 0x81, 0xBA, 0xBE, 0x01, 0xBA,
    0xC6, 0xBA, 0xBE, 0x81, 0xBA, 0xC6, 0x04, 0xBA, 0xBE, 0x7A, 0xBE, 0x9A, 0xBE, 0xBA, 0xBE, 0x9A,
    0xBE, 0x81, 0xBA, 0xBE, 0x02, 0x9A, 0xBE, 0x7B, 0xB6, 0x7A, 0xBE, 0x83, 0x9A, 0xBE, 0x84, 0xBA,
    0xBE, 0x82, 0xBA, 0xC6, 0x00, 0x9A, 0xBE, 0x81, 0xBA, 0xC6, 0x01, 0xBA, 0xBE, 0x9A, 0xBE, 0x81,
    0x7A, 0xBE, 0x01, 0x9A, 0xBE, 0xBA, 0xC6, 0x81, 0xBA, 0xBE, 0x00, 0xBA, 0xC6, 0x81, 0xBA, 0xBE,
    0x81, 0xBA, 0xC6, 0x81, 0x9A, 0xBE, 0x01, 0xBA, 0xBE, 0x9A, 0xBE, 0x81, 0xBA, 0xBE, 0x00, 0x9A,
    0xBE, 0x81, 0x7B, 0xB6, 0x84, 0x9A, 0xBE, 0x83, 0xBA, 0xBE, 0x82, 0xBA, 0xC6, 0x04, 0x9A, 0xBE,
    0xBA, 0xBE, 0xBA, 0xC6, 0xBA, 0xBE, 0x9A, 0xBE, 0x81, 0x7A, 0xBE, 0x00, 0x9A, 0xBE, 0x81, 0xBA,
    0xC6, 0x00, 0xBA, 0xBE, 0x81, 0xBA, 0xC6, 0x00, 0xBA, 0xBE, 0x81, 0xBA, 0xC6, 0x08, 0x9A, 0xBE,
    0x7A, 0xBE, 0x9A, 0xBE, 0xBA, 0xBE, 0x9A, 0xBE, 0xBA, 0xBE, 0x9A, 0xBE, 0x7A, 0xBE, 0x7B, 0xB6,
    0x82, 0x9A, 0xBE, 0x01, 0x7A, 0xBE, 0x9A, 0xBE, 0x84, 0xBA, 0xBE, 0x81, 0xBA, 0xC6, 0x81, 0xBA,
    0xBE, 0x81, 0xBA, 0xC6, 0x81, 0x9A, 0xBE, 0x02, 0x7A, 0xBE, 0x9A, 0xBE, 0xBA, 0xBE, 0x81, 0xBA,
    0xC6, 0x00, 0xBA, 0xBE, 0x82, 0x9A, 0xBE, 0x04, 0xBA, 0xBE, 0xBA, 0xC6, 0xBA, 0xBE, 0xBA, 0xC6,
    0xBA, 0xBE, 0x84, 0x9A, 0xBE, 0x86, 0xBA, 0xC6, 0x02, 0x9A, 0xBE, 0x7A, 0xBE, 0x9A, 0xBE, 0x81,
    0xBA, 0xC6, 0x00, 0xBA, 0xBE, 0x81, 0x9A, 0xBE, 0x00, 0x7A, 0xBE, 0x85, 0x9A, 0xBE, 0x81, 0xBA,
    0xC6, 0x82, 0x9A, 0xBE, 0x00, 0xBA, 0xBE, 0x82, 0xBA, 0xC6, 0x00, 0xBA, 0xBE, 0x84, 0x9A, 0xBE,
    0x00, 0xBA, 0xBE, 0x85, 0xBA, 0xC6, 0x02, 0xBA, 0xBE, 0x7A, 0xBE, 0x9A, 0xBE, 0x81, 0xBA, 0xC6,
    0x81, 0xBA, 0xBE, 0x01, 0x9A, 0xBE, 0x7A, 0xBE, 0x85, 0x9A, 0xBE, 0x01, 0xBA, 0xBE, 0xBA, 0xC6,
    0x83, 0x9A, 0xBE, 0x03, 0xBA, 0xBE, 0xBA, 0xC6, 0xBA, 0xBE, 0xBA, 0xC6, 0x84, 0x9A, 0xBE, 0x00,
    0xBA, 0xBE, 0x85, 0xBA, 0xC6, 0x04, 0xBA, 0xBE, 0x9A, 0xBE, 0x7A, 0xBE, 0xBA, 0xBE, 0xBA, 0xC6,
    0x81, 0xBA, 0xBE, 0x01, 0x9A, 0xBE, 0x7A, 0xBE, 0x85, 0x9A, 0xBE, 0x02, 0xBA, 0xBE, 0xBA, 0xC6,
    0xBA, 0xBE, 0x82, 0x9A, 0xBE, 0x04, 0xBA, 0xBE, 0xBA, 0xC6, 0xBA, 0xBE, 0xBA, 0xC6, 0xBA, 0xBE,
    0x83, 0x9A, 0xBE, 0x00, 0xBA, 0xBE, 0x82, 0xBA, 0xC6, 0x83, 0x9A, 0xBE, 0x81, 0xBA, 0xBE, 0x85,
    0x9A, 0xBE, 0x81, 0xBA, 0xBE, 0x83, 0xBA, 0xC6, 0x81, 0xBA, 0xBE, 0x81, 0x9A, 0xBE, 0x01, 0xBA,
    0xBE, 0xBA, 0xC6, 0x81, 0xBA, 0xBE, 0x03, 0x9A, 0xBE, 0x7A, 0xBE, 0x9A, 0xBE, 0xBA, 0xBE, 0x84,
    0x9A, 0xBE, 0x81, 0xBA, 0xC6, 0x83, 0x9A, 0xBE, 0x81, 0xBA, 0xBE, 0x86, 0x9A, 0xBE, 0x00, 0xBA,
    0xBE, 0x83, 0xBA, 0xC6, 0x81, 0xBA, 0xBE, 0x81, 0x9A, 0xBE, 0x00, 0xBA, 0xBE, 0x81, 0xBA, 0xC6,
    0x04, 0xBA, 0xBE, 0x9A, 0xBE, 0x7A, 0xBE, 0x9A, 0xBE, 0xBA, 0xBE, 0x84, 0x9A, 0xBE, 0x02, 0xBA,
    0xBE, 0xBA, 0xC6, 0xBA, 0xBE, 0x82, 0x9A, 0xBE, 0x01, 0xBA, 0xBE, 0xBA, 0xC6, 0x86, 0x9A, 0xBE,
    0x81, 0xBA, 0xBE, 0x83, 0xBA, 0xC6, 0x00, 0xBA, 0xBE, 0x81, 0x9A, 0xBE, 0x00, 0xBA, 0xBE, 0x81,
    0xBA, 0xC6, 0x01, 0xBA, 0xBE, 0x9A, 0xBE, 0x81, 0x7A, 0xBE, 0x01, 0x9A, 0xBE, 0xBA, 0xBE, 0x84,
    0x9A, 0xBE, 0x81, 0xBA, 0xC6, 0x83, 0x9A, 0xBE, 0x00, 0xBA, 0xBE, 0x86, 0x9A, 0xBE, 0x81, 0xBA,
    0xBE, 0x02, 0xBA, 0xC6, 0xDA, 0xC6, 0xBA, 0xC6, 0x81, 0x9A, 0xBE, 0x00, 0xBA, 0xBE, 0x81, 0xBA,
    0xC6, 0x82, 0x9A, 0xBE, 0x01, 0xBA, 0xBE, 0xBA, 0xC6, 0x82, 0xBA, 0xBE, 0x83, 0xBA, 0xC6, 0x00,
    0xBA, 0xBE, 0x81, 0x9A, 0xBE, 0x81, 0xBA, 0xC6, 0x02, 0xBA, 0xBE, 0x9A, 0xBE, 0xBA, 0xBE, 0x81,
    0x9A, 0xBE, 0x00, 0xBA, 0xBE, 0x84, 0x9A, 0xBE, 0x00, 0xBA, 0xBE, 0x82, 0xBA, 0xC6, 0x81, 0x9A,
    0xBE, 0x81, 0xBA, 0xBE, 0x00, 0xBA, 0xC6, 0x82, 0x9A, 0xBE, 0x01, 0xBA, 0xBE, 0xBA, 0xC6, 0x82,
    0xBA, 0xBE, 0x83, 0xBA, 0xC6, 0x81, 0xBA, 0xBE, 0x03, 0x9A, 0xBE, 0xBA, 0xBE, 0xBA, 0xC6, 0xBA,
    0xBE, 0x81, 0x9A, 0xBE, 0x00, 0xBA, 0xBE, 0x86, 0x9A, 0xBE, 0x00, 0xBA, 0xBE, 0x82, 0xBA, 0xC6,
    0x00, 0xBA, 0xBE, 0x81, 0x9A, 0xBE, 0x02, 0xBA, 0xBE, 0xBA, 0xC6, 0xBA, 0xBE, 0x82, 0x9A, 0xBE,
    0x00, 0xBA, 0xC6, 0x82, 0xBA, 0xBE, 0x83, 0xBA, 0xC6, 0x81, 0xBA, 0xBE, 0x01, 0x9A, 0xBE, 0xBA,
    0xBE, 0x81, 0xBA, 0xC6, 0x81, 0x9A, 0xBE, 0x00, 0xBA, 0xBE, 0x81, 0x9A, 0xBE, 0x00, 0xBA, 0xBE,
    0x83, 0x9A, 0xBE, 0x81, 0xBA, 0xBE, 0x02, 0xBA, 0xC6, 0xDA, 0xC6, 0xBA, 0xBE, 0x81, 0x9A, 0xBE,
    0x00, 0xBA, 0xBE, 0x81, 0xBA, 0xC6, 0x82, 0x9A, 0xBE, 0x00, 0xBA, 0xC6, 0x83, 0xBA, 0xBE, 0x02,
    0xBA, 0xC6, 0xDA, 0xC6, 0xBA, 0xC6, 0x81, 0x9A, 0xBE, 0x81, 0xBA, 0xBE, 0x01, 0xBA, 0xC6, 0xBA,
    0xBE, 0x81, 0x9A, 0xBE, 0x01, 0xBA, 0xC6, 0xBA, 0xBE, 0x81, 0x9A, 0xBE, 0x00, 0xBA, 0xBE, 0x84,
    0xBA, 0xC6, 0x82, 0x9A, 0xBE, 0x03, 0xBA, 0xBE, 0x9A, 0xBE, 0x7A, 0xBE, 0x9A, 0xBE, 0x82, 0xBA,
    0xC6, 0x82, 0x9A, 0xBE, 0x81, 0xBA, 0xBE, 0x81, 0xBA, 0xC6, 0x01, 0xDA, 0xC6, 0xBA, 0xC6, 0x81,
    0x9A, 0xBE, 0x81, 0xBA, 0xBE, 0x81, 0xBA, 0xC6, 0x81, 0x9A, 0xBE, 0x81, 0xBA, 0xC6, 0x82, 0x9A,
    0xBE, 0x00, 0xBA, 0xBE, 0x83, 0xBA, 0xC6, 0x82, 0x9A, 0xBE, 0x03, 0xBA, 0xBE, 0x9A, 0xBE, 0x7A,
    0xBE, 0x9A, 0xBE, 0x82, 0xBA, 0xC6, 0x00, 0xBA, 0xBE, 0x81, 0x9A, 0xBE, 0x81, 0xBA, 0xBE, 0x81,
    0xBA, 0xC6, 0x81, 0xDA, 0xC6, 0x00, 0xBA, 0xBE, 0x81, 0x9A, 0xBE, 0x00, 0xBA, 0xBE, 0x81, 0xBA,
    0xC6, 0x04, 0xBA, 0xBE, 0x9A, 0xBE, 0xBA, 0xBE, 0xBA, 0xC6, 0xBA, 0xBE, 0x81, 0x9A, 0xBE, 0x00,
    0xBA, 0xBE, 0x83, 0xBA, 0xC6, 0x00, 0xBA, 0xBE, 0x81, 0x9A, 0xBE, 0x03, 0xBA, 0xBE, 0x9A, 0xBE,
    0x7A, 0xBE, 0x9A, 0xBE, 0x82, 0xBA, 0xC6, 0x00, 0xBA, 0xBE, 0x81, 0x9A, 0xBE, 0x82, 0xBA, 0xBE,
    0x81, 0xBA, 0xC6, 0x01, 0xDA, 0xC6, 0xBA, 0xC6, 0x81, 0x9A, 0xBE, 0x81, 0xBA, 0xBE, 0x05, 0xBA,
    0xC6, 0xBA, 0xBE, 0x9A, 0xBE, 0xBA, 0xBE, 0xBA, 0xC6, 0xBA, 0xBE, 0x81, 0x9A, 0xBE, 0x03, 0xBA,
    0xBE, 0xBA, 0xC6, 0xDA, 0xC6, 0xBA, 0xC6, 0x82, 0x9A, 0xBE, 0x81, 0xBA, 0xC6, 0x00, 0xBA, 0xBE,
    0x81, 0x9A, 0xBE, 0x01, 0xBA, 0xC6, 0xBA, 0xBE, 0x82, 0x9A, 0xBE, 0x00, 0xBA, 0xBE, 0x82, 0xBA,
    0xC6, 0x00, 0x9A, 0xBE, 0x81, 0x7A, 0xBE, 0x83, 0x9A, 0xBE, 0x00, 0xBA, 0xBE, 0x81, 0xDA, 0xC6,
    0x00, 0xBA, 0xC6, 0x82, 0xBA, 0xBE, 0x83, 0xBA, 0xC6, 0x01, 0xDA, 0xC6, 0xBA, 0xC6, 0x82, 0x9A,
    0xBE, 0x81, 0xBA, 0xC6, 0x00, 0xBA, 0xBE, 0x81, 0x9A, 0xBE, 0x81, 0xBA, 0xC6, 0x83, 0x9A, 0xBE,
    0x82, 0xBA, 0xC6, 0x02, 0xBA, 0xBE, 0x9A, 0xBE, 0x7A, 0xBE, 0x84, 0x9A, 0xBE, 0x02, 0xBA, 0xC6,
    0xDA, 0xC6, 0xBA, 0xC6, 0x81, 0xBA, 0xBE, 0x00, 0x9A, 0xBE, 0x83, 0xBA, 0xC6, 0x02, 0xDA, 0xC6,
    0xBA, 0xC6, 0xBA, 0xBE, 0x81, 0x9A, 0xBE, 0x02, 0xBA, 0xBE, 0xBA, 0xC6, 0xBA, 0xBE, 0x81, 0x9A,
    0xBE, 0x01, 0xBA, 0xBE, 0xBA, 0xC6, 0x83, 0x9A, 0xBE, 0x82, 0xBA, 0xC6, 0x02, 0xBA, 0xBE, 0x9A,
    0xBE, 0x7A, 0xBE, 0x84, 0x9A, 0xBE, 0x01, 0xBA, 0xC6, 0xDA, 0xC6, 0x81, 0xBA, 0xC6, 0x03, 0xBA,
    0xBE, 0x9A, 0xBE, 0xBA, 0xC6, 0xDA, 0xC6, 0x81, 0xBA, 0xC6, 0x81, 0xDA, 0xC6, 0x00, 0xBA, 0xBE,
    0x81, 0x9A, 0xBE, 0x01, 0xBA, 0xBE, 0xBA, 0xC6, 0x81, 0xBA, 0xBE, 0x81, 0x9A, 0xBE, 0x01, 0xBA,
    0xC6, 0xBA, 0xBE, 0x82, 0x9A, 0xBE, 0x81, 0xBA, 0xC6, 0x00, 0xBA, 0xBE, 0x82, 0x9A, 0xBE, 0x81,
    0xBA, 0xBE, 0x82, 0x9A, 0xBE, 0x00, 0xBA, 0xC6, 0x81, 0xBA, 0xBE, 0x82, 0x9A, 0xBE, 0x81, 0xBA,
    0xBE, 0x03, 0x9A, 0xBE, 0x7A, 0xBE, 0x7B, 0xB6, 0x7A, 0xBE, 0x82, 0x9A, 0xBE, 0x84, 0xBA, 0xC6,
    0x82, 0xBA, 0xBE, 0x01, 0xBA, 0xC6, 0xDA, 0xC6, 0x82, 0xBA, 0xC6, 0x00, 0xBA, 0xBE, 0x82, 0x9A,
    0xBE, 0x81, 0xBA, 0xBE, 0x82, 0x9A, 0xBE, 0x01, 0xBA, 0xBE, 0xBA, 0xC6, 0x81, 0xBA, 0xBE, 0x82,
    0x9A, 0xBE, 0x02, 0xBA, 0xBE, 0x9A, 0xBE, 0x7A, 0xBE, 0x81, 0x7B, 0xB6, 0x82, 0x9A, 0xBE, 0x00,
    0xBA, 0xBE, 0x83, 0xBA, 0xC6, 0x82, 0xBA, 0xBE, 0x01, 0xBA, 0xC6, 0xDA, 0xC6, 0x83, 0xBA, 0xC6,
    0x82, 0x9A, 0xBE, 0x02, 0xBA, 0xBE, 0xBA, 0xC6, 0xBA, 0xBE, 0x82, 0x9A, 0xBE, 0x00, 0xBA, 0xC6,
    0x81, 0xBA, 0xBE, 0x82, 0x9A, 0xBE, 0x81, 0xBA, 0xBE, 0x00, 0x9A, 0xBE, 0x81, 0x7B, 0xB6, 0x82,
    0x9A, 0xBE, 0x00, 0xBA, 0xBE, 0x84, 0xBA, 0xC6, 0x81, 0xBA, 0xBE, 0x01, 0xBA, 0xC6, 0xDA, 0xC6,
    0x83, 0xBA, 0xC6, 0x82, 0x9A, 0xBE, 0x02, 0xBA, 0xBE, 0xBA, 0xC6, 0xBA, 0xBE, 0x82, 0x9A, 0xBE,
    0x00, 0xBA, 0xC6, 0x81, 0xBA, 0xBE, 0x81, 0x9A, 0xBE, 0x00, 0xBA, 0xBE, 0x89, 0x9A, 0xBE, 0x82,
    0xBA, 0xBE, 0x85, 0x9A, 0xBE, 0x81, 0x7A, 0xBE, 0x82, 0x9A, 0xBE, 0x00, 0xBA, 0xBE, 0x81, 0xBA,
    0xC6, 0x81, 0x9A, 0xBE, 0x00, 0xBA, 0xBE, 0x81, 0x9A, 0xBE, 0x02, 0xBA, 0xBE, 0xBA, 0xC6, 0xDA,
    0xC6, 0x81, 0xBA, 0xC6, 0x89, 0x9A, 0xBE, 0x83, 0xBA, 0xBE, 0x84, 0x9A, 0xBE, 0x02, 0x7A, 0xBE,
    0x9A, 0xBE, 0x7A, 0xBE, 0x81, 0x9A, 0xBE, 0x00, 0xBA, 0xBE, 0x81, 0xBA, 0xC6, 0x01, 0xBA, 0xBE,
    0x9A, 0xBE, 0x81, 0xBA, 0xBE, 0x02, 0x9A, 0xBE, 0xBA, 0xBE, 0xBA, 0xC6, 0x81, 0xDA, 0xC6, 0x01,
    0xBA, 0xC6, 0xBA, 0xBE, 0x88, 0x9A, 0xBE, 0x83, 0xBA, 0xBE, 0x84, 0x9A, 0xBE, 0x02, 0x7A, 0xBE,
    0x9A, 0xBE, 0x7A, 0xBE, 0x82, 0x9A, 0xBE, 0x03, 0xBA, 0xBE, 0xBA, 0xC6, 0xBA, 0xBE, 0x9A, 0xBE,
    0x81, 0xBA, 0xBE, 0x00, 0x9A, 0xBE, 0x81, 0xBA, 0xBE, 0x03, 0xBA, 0xC6, 0xDA, 0xC6, 0xBA, 0xC6,
    0xBA, 0xBE, 0x89, 0x9A, 0xBE, 0x82, 0xBA, 0xBE, 0x81, 0x9A, 0xBE, 0x00, 0xBA, 0xBE, 0x83, 0x9A,
    0xBE, 0x81, 0x7A, 0xBE, 0x82, 0x9A, 0xBE, 0x81, 0xBA, 0xBE, 0x01, 0x9A, 0xBE, 0xBA, 0xBE, 0x83,
    0x9A, 0xBE, 0x02, 0xBA, 0xBE, 0x9A, 0xBE, 0xBA, 0xBE, 0x8B, 0x9A, 0xBE, 0x00, 0xBA, 0xBE, 0x83,
    0xBA, 0xC6, 0x83, 0x9A, 0xBE, 0x81, 0x7A, 0xBE, 0x82, 0x9A, 0xBE, 0x81, 0xBA, 0xBE, 0x85, 0x9A,
    0xBE, 0x01, 0xBA, 0xBE, 0x9A, 0xBE, 0x81, 0xBA, 0xBE, 0x8B, 0x9A, 0xBE, 0x00, 0xBA, 0xBE, 0x82,
    0xBA, 0xC6, 0x83, 0x9A, 0xBE, 0x01, 0x7A, 0xBE, 0x7A, 0xB6, 0x83, 0x9A, 0xBE, 0x00, 0xBA, 0xBE,
    0x81, 0x9A, 0xBE, 0x00, 0xBA, 0xBE, 0x82, 0x9A, 0xBE, 0x83, 0xBA, 0xBE, 0x8B, 0x9A, 0xBE, 0x00,
    0xBA, 0xBE, 0x82, 0xBA, 0xC6, 0x00, 0xBA, 0xBE, 0x83, 0x9A, 0xBE, 0x01, 0x7A, 0xB6, 0x7A, 0xBE,
    0x82, 0x9A, 0xBE, 0x81, 0xBA, 0xBE, 0x01, 0x9A, 0xBE, 0xBA, 0xBE, 0x81, 0x9A, 0xBE, 0x01, 0xBA,
    0xC6, 0xBA, 0xBE, 0x81, 0x9A, 0xBE, 0x01, 0x7A, 0xBE, 0x7A, 0xB6, 0x82, 0x9A, 0xBE, 0x82, 0xBA,
    0xBE, 0x01, 0x9A, 0xBE, 0xBA, 0xBE, 0x81, 0x9A, 0xBE, 0x82, 0xBA, 0xBE, 0x81, 0xBA, 0xC6, 0x82,
    0x9A, 0xBE, 0x82, 0xBA, 0xBE, 0x82, 0x9A, 0xBE, 0x82, 0xBA, 0xBE, 0x81, 0xBA, 0xC6, 0x81, 0xBA,
    0xBE, 0x01, 0xBA, 0xC6, 0xBA, 0xBE, 0x82, 0x9A, 0xBE, 0x81, 0x7A, 0xBE, 0x81, 0x9A, 0xBE, 0x82,
    0xBA, 0xBE, 0x83, 0x9A, 0xBE, 0x82, 0xBA, 0xBE, 0x81, 0xBA, 0xC6, 0x00, 0xBA, 0xBE, 0x81, 0x9A,
    0xBE, 0x82, 0xBA, 0xBE, 0x83, 0x9A, 0xBE, 0x81, 0xBA, 0xBE, 0x82, 0xBA, 0xC6, 0x00, 0xBA, 0xBE,
    0x81, 0xBA, 0xC6, 0x82, 0x9A, 0xBE, 0x02, 0x7A, 0xBE, 0x7A, 0xB6, 0x9A, 0xBE, 0x83, 0xBA, 0xBE,
    0x84, 0x9A, 0xBE, 0x01, 0xBA, 0xC6, 0xBA, 0xBE, 0x82, 0xBA, 0xC6, 0x81, 0x9A, 0xBE, 0x83, 0xBA,
    0xBE, 0x82, 0x9A, 0xBE, 0x81, 0xBA, 0xBE, 0x82, 0xBA, 0xC6, 0x00, 0xBA, 0xBE, 0x81, 0xBA, 0xC6,
    0x00, 0xBA, 0xBE, 0x81, 0x9A, 0xBE, 0x02, 0x7A, 0xBE, 0x7A, 0xB6, 0x9A, 0xBE, 0x84, 0xBA, 0xBE,
    0x01, 0x9A, 0xBE, 0xBA, 0xBE, 0x88, 0x9A, 0xBE, 0x83, 0xBA, 0xBE, 0x83, 0x9A, 0xBE, 0x00, 0xBA,
    0xBE, 0x82, 0xBA, 0xC6, 0x00, 0xDA, 0xC6, 0x81, 0xBA, 0xC6, 0x01, 0xBA, 0xBE, 0x9A, 0xBE, 0x82,
    0xBA, 0xC6, 0x00, 0xBA, 0xBE, 0x81, 0x9A, 0xBE, 0x82, 0xBA, 0xC6, 0x02, 0xDA, 0xC6, 0xBA, 0xC6,
    0xBA, 0xBE, 0x88, 0x9A, 0xBE, 0x83, 0xBA, 0xBE, 0x83, 0x9A, 0xBE, 0x85, 0xBA, 0xC6, 0x01, 0xBA,
    0xBE, 0x9A, 0xBE, 0x82, 0xBA, 0xC6, 0x00, 0xBA, 0xBE, 0x81, 0x9A, 0xBE, 0x82, 0xBA, 0xC6, 0x01,
    0xDA, 0xC6, 0xBA, 0xC6, 0x81, 0xBA, 0xBE, 0x87, 0x9A, 0xBE, 0x83, 0xBA, 0xBE, 0x83, 0x9A, 0xBE,
    0x85, 0xBA, 0xC6, 0x02, 0xBA, 0xBE, 0x9A, 0xBE, 0xBA, 0xBE, 0x82, 0xBA, 0xC6, 0x81, 0x9A, 0xBE,
    0x00, 0xBA, 0xBE, 0x84, 0xBA, 0xC6, 0x00, 0xBA, 0xBE, 0x87, 0x9A, 0xBE, 0x83, 0xBA, 0xBE, 0x83,
    0x9A, 0xBE, 0x00, 0xBA, 0xBE, 0x81, 0x7A, 0xBE, 0x01, 0x9A, 0xBE, 0xBA, 0xBE, 0x8A, 0x9A, 0xBE,
    0x81, 0xBA, 0xC6, 0x82, 0xDA, 0xC6, 0x04, 0xBA, 0xC6, 0xDA, 0xC6, 0xBA, 0xC6, 0x9A, 0xBE, 0xBA,
    0xBE, 0x81, 0xBA, 0xC6, 0x03, 0xBA, 0xBE, 0x9A, 0xBE, 0xBA, 0xBE, 0xDA, 0xC6, 0x84, 0xBA, 0xC6,
    0x00, 0x9A, 0xBE, 0x81, 0x7A, 0xBE, 0x01, 0x9A, 0xBE, 0xBA, 0xBE, 0x8A, 0x9A, 0xBE, 0x01, 0xBA,
    0xBE, 0xBA, 0xC6, 0x82, 0xDA, 0xC6, 0x02, 0xBA, 0xC6, 0xDA, 0xC6, 0xBA, 0xC6, 0x81, 0x9A, 0xBE,
    0x82, 0xBA, 0xC6, 0x03, 0x9A, 0xBE, 0xBA, 0xBE, 0xBA, 0xC6, 0xDA, 0xC6, 0x83, 0xBA, 0xC6, 0x03,
    0xBA, 0xBE, 0x9A, 0xBE, 0x7A, 0xBE, 0x9A, 0xBE, 0x81, 0xBA, 0xBE, 0x8A, 0x9A, 0xBE, 0x00, 0xBA,
    0xC6, 0x82, 0xDA, 0xC6, 0x82, 0xBA, 0xC6, 0x01, 0xBA, 0xBE, 0x9A, 0xBE, 0x82, 0xBA, 0xC6, 0x81,
    0x9A, 0xBE, 0x01, 0xBA, 0xC6, 0xDA, 0xC6, 0x83, 0xBA, 0xC6, 0x01, 0xBA, 0xBE, 0x9A, 0xBE, 0x81,
    0x7A, 0xBE, 0x01, 0x9A, 0xBE, 0xBA, 0xBE, 0x8A, 0x9A, 0xBE, 0x06, 0xBA, 0xC6, 0x7A, 0xBE, 0x9A,
    0xBE, 0xBA, 0xBE, 0xBA, 0xC6, 0x9A, 0xBE, 0x7A, 0xBE, 0x83, 0x9A, 0xBE, 0x81, 0xBA, 0xBE, 0x82,
    0x9A, 0xBE, 0x81, 0xBA, 0xC6, 0x84, 0xDA, 0xC6, 0x02, 0xBA, 0xC6, 0xBA, 0xBE, 0x9A, 0xBE, 0x81,
    0xBA, 0xBE, 0x87, 0xBA, 0xC6, 0x81, 0x9A, 0xBE, 0x00, 0x7A, 0xBE, 0x81, 0x9A, 0xBE, 0x02, 0xBA,
    0xC6, 0x9A, 0xBE, 0x7A, 0xBE, 0x84, 0x9A, 0xBE, 0x00, 0xBA, 0xBE, 0x82, 0x9A, 0xBE, 0x81, 0xBA,
    0xC6, 0x85, 0xDA, 0xC6, 0x01, 0xBA, 0xBE, 0x9A, 0xBE, 0x81, 0xBA, 0xBE, 0x87, 0xBA, 0xC6, 0x84,
    0x9A, 0xBE, 0x81, 0xBA, 0xC6, 0x00, 0x7A, 0xBE, 0x84, 0x9A, 0xBE, 0x81, 0xBA, 0xBE, 0x81, 0x9A,
    0xBE, 0x00, 0xBA, 0xBE, 0x81, 0xBA, 0xC6, 0x84, 0xDA, 0xC6, 0x01, 0xBA, 0xC6, 0x9A, 0xBE, 0x81,
    0xBA, 0xBE, 0x87, 0xBA, 0xC6, 0x00, 0xBA, 0xBE, 0x81, 0x9A, 0xBE, 0x05, 0x7A, 0xBE, 0x9A, 0xBE,
    0xBA, 0xBE, 0xBA, 0xC6, 0x9A, 0xBE, 0x7A, 0xBE, 0x83, 0x9A, 0xBE, 0x81, 0xBA, 0xBE, 0x82, 0x9A,
    0xBE, 0x02, 0xBA, 0xC6, 0x7A, 0xBE, 0x9A, 0xBE, 0x81, 0xBA, 0xC6, 0x00, 0xBA, 0xBE, 0x83, 0x9A,
    0xBE, 0x00, 0xBA, 0xBE, 0x81, 0xBA, 0xC6, 0x02, 0xBA, 0xBE, 0x9A, 0xBE, 0xBA, 0xBE, 0x81, 0xBA,
    0xC6, 0x84, 0xDA, 0xC6, 0x82, 0xBA, 0xC6, 0x81, 0xBA, 0xBE, 0x01, 0xBA, 0xC6, 0xBA, 0xBE, 0x81,
    0x9A, 0xBE, 0x81, 0xBA, 0xC6, 0x06, 0xBA, 0xBE, 0x9A, 0xBE, 0x7A, 0xBE, 0x7A, 0xB6, 0x7A, 0xBE,
    0x9A, 0xBE, 0xBA, 0xBE, 0x81, 0xBA, 0xC6, 0x83, 0x9A, 0xBE, 0x00, 0xBA, 0xBE, 0x81, 0xBA, 0xC6,
    0x00, 0xBA, 0xBE, 0x81, 0x9A, 0xBE, 0x81, 0xBA, 0xC6, 0x85, 0xDA, 0xC6, 0x81, 0xBA, 0xC6, 0x83,
    0xBA, 0xBE, 0x81, 0x9A, 0xBE, 0x00, 0xBA, 0xBE, 0x81, 0xBA, 0xC6, 0x81, 0x9A, 0xBE, 0x81, 0x7A,
    0xBE, 0x01, 0x9A, 0xBE, 0xBA, 0xBE, 0x81, 0xBA, 0xC6, 0x83, 0x9A, 0xBE, 0x81, 0xBA, 0xBE, 0x81,
    0xBA, 0xC6, 0x81, 0x9A, 0xBE, 0x00, 0xBA, 0xBE, 0x81, 0xBA, 0xC6, 0x84, 0xDA, 0xC6, 0x81, 0xBA,
    0xC6, 0x03, 0xBA, 0xBE, 0x9A, 0xBE, 0xBA, 0xBE, 0xBA, 0xC6, 0x81, 0x9A, 0xBE, 0x00, 0xBA, 0xBE,
    0x81, 0xBA, 0xC6, 0x81, 0x9A, 0xBE, 0x01, 0x7A, 0xBE, 0x7A, 0xB6, 0x81, 0x9A, 0xBE, 0x81, 0xBA,
    0xC6, 0x84, 0x9A, 0xBE, 0x00, 0xBA, 0xBE, 0x81, 0xBA, 0xC6, 0x81, 0x9A, 0xBE, 0x04, 0xBA, 0xBE,
    0xBA, 0xC6, 0x7A, 0xB6, 0xBA, 0xBE, 0xDA, 0xC6, 0x81, 0xBA, 0xC6, 0x00, 0xBA, 0xBE, 0x81, 0x9A,
    0xBE, 0x00, 0xBA, 0xBE, 0x81, 0xBA, 0xC6, 0x02, 0xDA, 0xC6, 0xBA, 0xC6, 0xBA, 0xBE, 0x81, 0xBA,
    0xC6, 0x83, 0xDA, 0xC6, 0x83, 0xBA, 0xC6, 0x81, 0x9A, 0xBE, 0x04, 0xBA, 0xBE, 0xBA, 0xC6, 0x9A,
    0xBE, 0x7A, 0xB6, 0x9A, 0xBE, 0x81, 0xBA, 0xC6, 0x81, 0x9A, 0xBE, 0x03, 0x7A, 0xBE, 0x5B, 0xB6,
    0x7B, 0xB6, 0x9A, 0xBE, 0x81, 0xDA, 0xC6, 0x81, 0xBA, 0xC6, 0x82, 0x9A, 0xBE, 0x81, 0xBA, 0xC6,
    0x02, 0xDA, 0xC6, 0xBA, 0xC6, 0xBA, 0xBE, 0x82, 0xBA, 0xC6, 0x82, 0xDA, 0xC6, 0x83, 0xBA, 0xC6,
    0x00, 0xBA, 0xBE, 0x81, 0x9A, 0xBE, 0x03, 0xBA, 0xC6, 0x9A, 0xBE, 0x7A, 0xB6, 0x7A, 0xBE, 0x81,
    0xBA, 0xC6, 0x81, 0x9A, 0xBE, 0x05, 0x7A, 0xBE, 0x7B, 0xB6, 0x5B, 0xB6, 0x9A, 0xBE, 0xBA, 0xC6,
    0xDA, 0xC6, 0x81, 0xBA, 0xC6, 0x00, 0xBA, 0xBE, 0x81, 0x9A, 0xBE, 0x81, 0xBA, 0xC6, 0x02, 0xDA,
    0xC6, 0xBA, 0xC6, 0xBA, 0xBE, 0x82, 0xBA, 0xC6, 0x82, 0xDA, 0xC6, 0x83, 0xBA, 0xC6, 0x00, 0xBA,
    0xBE, 0x81, 0x9A, 0xBE, 0x01, 0xBA, 0xC6, 0x9A, 0xBE, 0x81, 0x7A, 0xBE, 0x00, 0xBA, 0xBE, 0x81,
    0xBA, 0xC6, 0x81, 0x9A, 0xBE, 0x04, 0x7B, 0xB6, 0x5B, 0xB6, 0x7A, 0xBE, 0xBA, 0xC6, 0xDA, 0xC6,
    0x81, 0xBA, 0xC6, 0x00, 0xBA, 0xBE, 0x81, 0x9A, 0xBE, 0x02, 0xBA, 0xBE, 0xBA, 0xC6, 0xDA, 0xC6,
    0x81, 0xBA, 0xC6, 0x00, 0xBA, 0xBE, 0x81, 0xBA, 0xC6, 0x02, 0x7A, 0xBE, 0xBA, 0xC6, 0xDA, 0xC6,
    0x82, 0xBA, 0xC6, 0x81, 0xBA, 0xBE, 0x81, 0xBA, 0xC6, 0x81, 0xDA, 0xC6, 0x83, 0xBA, 0xC6, 0x81,
    0xDA, 0xC6, 0x84, 0xBA, 0xC6, 0x09, 0xBA, 0xBE, 0x9A, 0xBE, 0x7A, 0xBE, 0x9A, 0xBE, 0xBA, 0xC6,
    0x9A, 0xBE, 0x7A, 0xBE, 0x9A, 0xBE, 0xBA, 0xC6, 0x9A, 0xBE, 0x82, 0x7A, 0xBE, 0x02, 0x7B, 0xB6,
    0x7A, 0xBE, 0xBA, 0xBE, 0x81, 0xDA, 0xC6, 0x81, 0xBA, 0xC6, 0x81, 0xBA, 0xBE, 0x81, 0xBA, 0xC6,
    0x82, 0xDA, 0xC6, 0x82, 0xBA, 0xC6, 0x81, 0xDA, 0xC6, 0x85, 0xBA, 0xC6, 0x09, 0x9A, 0xBE, 0x7A,
    0xBE, 0x9A, 0xBE, 0xBA, 0xC6, 0x9A, 0xBE, 0x7A, 0xBE, 0x9A, 0xBE, 0xBA, 0xC6, 0xBA, 0xBE, 0x9A,
    0xBE, 0x81, 0x7A, 0xBE, 0x02, 0x7A, 0xB6, 0x7B, 0xB6, 0x9A, 0xBE, 0x81, 0xDA, 0xC6, 0x81, 0xBA,
    0xC6, 0x81, 0xBA, 0xBE, 0x82, 0xBA, 0xC6, 0x81, 0xDA, 0xC6, 0x82, 0xBA, 0xC6, 0x81, 0xDA, 0xC6,
    0x85, 0xBA, 0xC6, 0x09, 0x9A, 0xBE, 0x7A, 0xBE, 0x9A, 0xBE, 0xBA, 0xC6, 0x9A, 0xBE, 0x7A, 0xBE,
    0x9A, 0xBE, 0xBA, 0xBE, 0xBA, 0xC6, 0x9A, 0xBE, 0x82, 0x7A, 0xBE, 0x01, 0x7B, 0xB6, 0x9A, 0xBE,
    0x81, 0xDA, 0xC6, 0x82, 0xBA, 0xC6, 0x00, 0xBA, 0xBE, 0x82, 0xBA, 0xC6, 0x81, 0xDA, 0xC6, 0x82,
    0xBA, 0xC6, 0x02, 0xDA, 0xC6, 0x9A, 0xBE, 0xBA, 0xC6, 0x81, 0xDA, 0xC6, 0x01, 0xBA, 0xC6, 0xBA,
    0xBE, 0x81, 0x9A, 0xBE, 0x81, 0xBA, 0xBE, 0x81, 0xDA, 0xC6, 0x00, 0xBA, 0xC6, 0x81, 0xBA, 0xBE,
    0x04, 0xBA, 0xC6, 0xDA, 0xC6, 0xBA, 0xC6, 0x9A, 0xBE, 0xBA, 0xBE, 0x81, 0xDA, 0xC6, 0x81, 0xBA,
    0xC6, 0x82, 0x9A, 0xBE, 0x01, 0xBA, 0xBE, 0xBA, 0xC6, 0x81, 0xBA, 0xBE, 0x04, 0x9A, 0xBE, 0x7A,
    0xBE, 0x7B, 0xB6, 0x5B, 0xB6, 0x7B, 0xB6, 0x81, 0x9A, 0xBE, 0x00, 0xBA, 0xC6, 0x81, 0xDA, 0xC6,
    0x01, 0xBA, 0xC6, 0xBA, 0xBE, 0x81, 0x9A, 0xBE, 0x81, 0xBA, 0xBE, 0x82, 0xDA, 0xC6, 0x01, 0xBA,
    0xC6, 0xBA, 0xBE, 0x82, 0xBA, 0xC6, 0x01, 0x9A, 0xBE, 0xBA, 0xBE, 0x81, 0xDA, 0xC6, 0x81, 0xBA,
    0xC6, 0x00, 0xBA, 0xBE, 0x81, 0x9A, 0xBE, 0x81, 0xBA, 0xBE, 0x01, 0xBA, 0xC6, 0xBA, 0xBE, 0x81,
    0x9A, 0xBE, 0x08, 0x7B, 0xB6, 0x5B, 0xB6, 0x7B, 0xB6, 0x7A, 0xBE, 0x9A, 0xBE, 0xBA, 0xBE, 0xBA,
    0xC6, 0xDA, 0xC6, 0xBA, 0xC6, 0x81, 0xBA, 0xBE, 0x81, 0x9A, 0xBE, 0x00, 0xBA, 0xC6, 0x82, 0xDA,
    0xC6, 0x01, 0xBA, 0xC6, 0xBA, 0xBE, 0x81, 0xBA, 0xC6, 0x00, 0xDA, 0xC6, 0x81, 0x9A, 0xBE, 0x01,
    0xBA, 0xC6, 0xDA, 0xC6, 0x81, 0xBA, 0xC6, 0x00, 0xBA, 0xBE, 0x81, 0x9A, 0xBE, 0x81, 0xBA, 0xBE,
    0x01, 0xBA, 0xC6, 0xBA, 0xBE, 0x81, 0x9A, 0xBE, 0x00, 0x7A, 0xBE, 0x81, 0x5B, 0xB6, 0x03, 0x7A,
    0xBE, 0x9A, 0xBE, 0xBA, 0xBE, 0xBA, 0xC6, 0x81, 0xDA, 0xC6, 0x01, 0xBA, 0xC6, 0xBA, 0xBE, 0x81,
    0x9A, 0xBE, 0x81, 0xBA, 0xC6, 0x81, 0xDA, 0xC6, 0x00, 0xBA, 0xC6, 0x81, 0xBA, 0xBE, 0x83, 0xBA,
    0xC6, 0x00, 0xDA, 0xC6, 0x81, 0xBA, 0xBE, 0x01, 0xBA, 0xC6, 0xBA, 0xBE, 0x81, 0x9A, 0xBE, 0x01,
    0x7A, 0xBE, 0x9A, 0xBE, 0x81, 0xBA, 0xC6, 0x01, 0x9A, 0xBE, 0xBA, 0xBE, 0x81, 0xBA, 0xC6, 0x01,
    0x9A, 0xBE, 0xBA, 0xBE, 0x82, 0xDA, 0xC6, 0x01, 0xBA, 0xC6, 0xBA, 0xBE, 0x83, 0xBA, 0xC6, 0x03,
    0xBA, 0xBE, 0x9A, 0xBE, 0x7A, 0xB6, 0x7A, 0xBE, 0x81, 0x5B, 0xB6, 0x02, 0x7A, 0xB6, 0x9A, 0xBE,
    0xBA, 0xBE, 0x81, 0xBA, 0xC6, 0x02, 0xDA, 0xC6, 0xBA, 0xC6, 0xBA, 0xBE, 0x81, 0xBA, 0xC6, 0x81,
    0x9A, 0xBE, 0x01, 0x7A, 0xBE, 0x9A, 0xBE, 0x81, 0xBA, 0xC6, 0x81, 0xBA, 0xBE, 0x81, 0xBA, 0xC6,
    0x81, 0x9A, 0xBE, 0x82, 0xDA, 0xC6, 0x00, 0xBA, 0xC6, 0x81, 0xBA, 0xBE, 0x01, 0xBA, 0xC6, 0xBA,
    0xBE, 0x81, 0xBA, 0xC6, 0x00, 0x9A, 0xBE, 0x81, 0x7A, 0xBE, 0x04, 0x7B, 0xB6, 0x5B, 0xB6, 0x7B,
    0xB6, 0x9A, 0xBE, 0xBA, 0xBE, 0x81, 0xBA, 0xC6, 0x02, 0xDA, 0xC6, 0xBA, 0xC6, 0xBA, 0xBE, 0x81,
    0xBA, 0xC6, 0x03, 0xBA, 0xBE, 0x9A, 0xBE, 0x7A, 0xBE, 0x9A, 0xBE, 0x81, 0xBA, 0xC6, 0x81, 0xBA,
    0xBE, 0x81, 0xBA, 0xC6, 0x02, 0xBA, 0xBE, 0x9A, 0xBE, 0xBA, 0xC6, 0x81, 0xDA, 0xC6, 0x00, 0xBA,
    0xC6, 0x81, 0xBA, 0xBE, 0x01, 0xBA, 0xC6, 0xBA, 0xBE, 0x81, 0xBA, 0xC6, 0x00, 0x9A, 0xBE, 0x81,
    0x7A, 0xBE, 0x00, 0x7A, 0xB6, 0x81, 0x5B, 0xB6, 0x81, 0x9A, 0xBE, 0x81, 0xBA, 0xC6, 0x81, 0xDA,
    0xC6, 0x00, 0xBA, 0xBE, 0x81, 0xBA, 0xC6, 0x01, 0xBA, 0xBE, 0x9A, 0xBE, 0x81, 0x7A, 0xBE, 0x00,
    0xBA, 0xBE, 0x81, 0xBA, 0xC6, 0x01, 0x9A, 0xBE, 0xBA, 0xC6, 0x81, 0xBA, 0xBE, 0x81, 0xBA, 0xC6,
    0x81, 0xBA, 0xBE, 0x81, 0xBA, 0xC6, 0x03, 0xBA, 0xBE, 0x7B, 0xB6, 0x5B, 0xB6, 0x9A, 0xBE, 0x81,
    0xBA, 0xC6, 0x02, 0xBA, 0xBE, 0x9A, 0xBE, 0xBA, 0xC6, 0x81, 0xBA, 0xBE, 0x00, 0xBA, 0xC6, 0x81,
    0xDA, 0xC6, 0x81, 0xBA, 0xC6, 0x00, 0xBA, 0xBE, 0x83, 0xBA, 0xC6, 0x00, 0x9A, 0xBE, 0x81, 0x7A,
    0xBE, 0x04, 0x9A, 0xBE, 0x7A, 0xBE, 0x7B, 0xB6, 0x7A, 0xBE, 0x9A, 0xBE, 0x82, 0xBA, 0xBE, 0x81,
    0xBA, 0xC6, 0x81, 0xBA, 0xBE, 0x81, 0xBA, 0xC6, 0x02, 0x7A, 0xB6, 0x5B, 0xB6, 0x7A, 0xBE, 0x82,
    0xBA, 0xC6, 0x00, 0x9A, 0xBE, 0x81, 0xBA, 0xC6, 0x01, 0x9A, 0xBE, 0xBA, 0xC6, 0x82, 0xDA, 0xC6,
    0x01, 0xBA, 0xC6, 0xBA, 0xBE, 0x83, 0xBA, 0xC6, 0x81, 0x9A, 0xBE, 0x82, 0x7A, 0xBE, 0x02, 0x7B,
    0xB6, 0x7A, 0xB6, 0x9A, 0xBE, 0x82, 0xBA, 0xBE, 0x81, 0xBA, 0xC6, 0x81, 0xBA, 0xBE, 0x81, 0xBA,
    0xC6, 0x03, 0x9A, 0xBE, 0x5B, 0xB6, 0x7A, 0xBE, 0xBA, 0xBE, 0x81, 0xBA, 0xC6, 0x02, 0x9A, 0xBE,
    0xBA, 0xBE, 0xBA, 0xC6, 0x81, 0xBA, 0xBE, 0x82, 0xDA, 0xC6, 0x01, 0xBA, 0xC6, 0xBA, 0xBE, 0x83,
    0xBA, 0xC6, 0x01, 0xBA, 0xBE, 0x9A, 0xBE, 0x82, 0x7A, 0xBE, 0x81, 0x7B, 0xB6, 0x00, 0x9A, 0xBE,
    0x82, 0xBA, 0xBE, 0x81, 0xBA, 0xC6, 0x01, 0xBA, 0xBE, 0x9A, 0xBE, 0x81, 0xBA, 0xC6, 0x03, 0x9A,
    0xBE, 0x5B, 0xB6, 0x7B, 0xB6, 0x9A, 0xBE, 0x81, 0xBA, 0xC6, 0x81, 0xBA, 0xBE, 0x81, 0x9A, 0xBE,
    0x01, 0xBA, 0xBE, 0xBA, 0xC6, 0x81, 0x9A, 0xBE, 0x05, 0xBA, 0xBE, 0xBA, 0xC6, 0xBA, 0xBE, 0x7A,
    0xB6, 0x7B, 0xB6, 0x9A, 0xBE, 0x82, 0xBA, 0xC6, 0x00, 0xBA, 0xBE, 0x82, 0xBA, 0xC6, 0x82, 0xDA,
    0xC6, 0x81, 0xBA, 0xC6, 0x84, 0xBA, 0xBE, 0x84, 0x9A, 0xBE, 0x02, 0x7A, 0xBE, 0x9A, 0xBE, 0xBA,
    0xBE, 0x81, 0x9A, 0xBE, 0x01, 0xBA, 0xBE, 0xBA, 0xC6, 0x81, 0x9A, 0xBE, 0x05, 0xBA, 0xBE, 0xBA,
    0xC6, 0xBA, 0xBE, 0x7A, 0xBE, 0x7B, 0xB6, 0x9A, 0xBE, 0x83, 0xBA, 0xC6, 0x00, 0xBA, 0xBE, 0x82,
    0xBA, 0xC6, 0x81, 0xDA, 0xC6, 0x81, 0xBA, 0xC6, 0x01, 0xBA, 0xBE, 0x9A, 0xBE, 0x82, 0xBA, 0xBE,
    0x84, 0x9A, 0xBE, 0x01, 0x7A, 0xBE, 0x9A, 0xBE, 0x81, 0xBA, 0xBE, 0x03, 0x9A, 0xBE, 0xBA, 0xBE,
    0xBA, 0xC6, 0xBA, 0xBE, 0x81, 0x9A, 0xBE, 0x81, 0xBA, 0xC6, 0x03, 0x9A, 0xBE, 0x7B, 0xB6, 0x9A,
    0xBE, 0xBA, 0xBE, 0x82, 0xBA, 0xC6, 0x00, 0xBA, 0xBE, 0x82, 0xBA, 0xC6, 0x81, 0xDA, 0xC6, 0x82,
    0xBA, 0xC6, 0x00, 0x9A, 0xBE, 0x82, 0xBA, 0xBE, 0x84, 0x9A, 0xBE, 0x81, 0x7A, 0xBE, 0x01, 0x9A,
    0xBE, 0xBA, 0xBE, 0x81, 0x9A, 0xBE, 0x81, 0xBA, 0xC6, 0x81, 0x9A, 0xBE, 0x81, 0xBA, 0xC6, 0x03,
    0x9A, 0xBE, 0x7B, 0xB6, 0x7A, 0xB6, 0x9A, 0xBE, 0x82, 0xBA, 0xC6, 0x82, 0xBA, 0xBE, 0x81, 0x9A,
    0xBE, 0x08, 0x7A, 0xBE, 0x9A, 0xBE, 0xBA, 0xBE, 0xBA, 0xC6, 0xBA, 0xBE, 0x7A, 0xBE, 0x7A, 0xB6,
    0x9A, 0xBE, 0xBA, 0xBE, 0x84, 0xBA, 0xC6, 0x81, 0xDA, 0xC6, 0x83, 0xBA, 0xC6, 0x00, 0xBA, 0xBE,
    0x83, 0x9A, 0xBE, 0x81, 0x7A, 0xBE, 0x84, 0x9A, 0xBE, 0x82, 0xBA, 0xBE, 0x82, 0x9A, 0xBE, 0x01,
    0x7A, 0xBE, 0x9A, 0xBE, 0x81, 0xBA, 0xC6, 0x03, 0x9A, 0xBE, 0x7A, 0xB6, 0x7A, 0xBE, 0x9A, 0xBE,
    0x85, 0xBA, 0xC6, 0x00, 0xDA, 0xC6, 0x84, 0xBA, 0xC6, 0x84, 0x9A, 0xBE, 0x00, 0x7A, 0xBE, 0x84,
    0x9A, 0xBE, 0x00, 0xBA, 0xC6, 0x82, 0xBA, 0xBE, 0x81, 0x9A, 0xBE, 0x01, 0x7A, 0xBE, 0x9A, 0xBE,
    0x81, 0xBA, 0xC6, 0x00, 0x9A, 0xBE, 0x81, 0x7A, 0xBE, 0x00, 0x9A, 0xBE, 0x85, 0xBA, 0xC6, 0x81,
    0xDA, 0xC6, 0x83, 0xBA, 0xC6, 0x84, 0x9A, 0xBE, 0x00, 0x7A, 0xBE, 0x84, 0x9A, 0xBE, 0x83, 0xBA,
    0xBE, 0x81, 0x9A, 0xBE, 0x04, 0x7A, 0xBE, 0x9A, 0xBE, 0xBA, 0xBE, 0xBA, 0xC6, 0xBA, 0xBE, 0x81,
    0x7A, 0xBE, 0x00, 0x9A, 0xBE, 0x83, 0xBA, 0xC6, 0x82, 0xBA, 0xBE, 0x83, 0x9A, 0xBE, 0x03, 0xBA,
    0xC6, 0xBA, 0xBE, 0x9A, 0xBE, 0x7A, 0xBE, 0x81, 0x9A, 0xBE, 0x84, 0xBA, 0xC6, 0x81, 0xDA, 0xC6,
    0x00, 0xBA, 0xC6, 0x81, 0xBA, 0xBE, 0x81, 0xDA, 0xC6, 0x0B, 0xBA, 0xBE, 0x9A, 0xBE, 0x7A, 0xBE,
    0x7A, 0xB6, 0x7B, 0xB6, 0x7A, 0xBE, 0x9A, 0xBE, 0xBA, 0xC6, 0xBA, 0xBE, 0x9A, 0xBE, 0xBA, 0xBE,
    0xBA, 0xC6, 0x81, 0xBA, 0xBE, 0x84, 0x9A, 0xBE, 0x03, 0xBA, 0xC6, 0xBA, 0xBE, 0x9A, 0xBE, 0x7A,
    0xBE, 0x81, 0x9A, 0xBE, 0x00, 0xBA, 0xBE, 0x82, 0xBA, 0xC6, 0x03, 0xBA, 0xBE, 0xBA, 0xC6, 0xDA,
    0xC6, 0xBA, 0xC6, 0x81, 0xBA, 0xBE, 0x0A, 0xBA, 0xC6, 0xDA, 0xC6, 0xBA, 0xC6, 0x9A, 0xBE, 0x7A,
    0xBE, 0x7A, 0xB6, 0x7B, 0xB6, 0x7A, 0xB6, 0x9A, 0xBE, 0xBA, 0xBE, 0xBA, 0xC6, 0x81, 0x9A, 0xBE,
    0x00, 0xBA, 0xC6, 0x81, 0xBA, 0xBE, 0x01, 0x9A, 0xBE, 0xBA, 0xBE, 0x82, 0x9A, 0xBE, 0x01, 0xBA,
    0xBE, 0xBA, 0xC6, 0x81, 0x9A, 0xBE, 0x02, 0x7A, 0xBE, 0x9A, 0xBE, 0xBA, 0xBE, 0x82, 0xBA, 0xC6,
    0x02, 0xBA, 0xBE, 0xBA, 0xC6, 0xDA, 0xC6, 0x81, 0xBA, 0xC6, 0x05, 0xBA, 0xBE, 0xBA, 0xC6, 0xDA,
    0xC6, 0xBA, 0xC6, 0xBA, 0xBE, 0x7A, 0xBE, 0x82, 0x7A, 0xB6, 0x02, 0x9A, 0xBE, 0xBA, 0xBE, 0xBA,
    0xC6, 0x81, 0x9A, 0xBE, 0x04, 0xBA, 0xC6, 0xBA, 0xBE, 0xBA, 0xC6, 0x9A, 0xBE, 0xBA, 0xBE, 0x82,
    0x9A, 0xBE, 0x01, 0xBA, 0xBE, 0xBA, 0xC6, 0x81, 0x9A, 0xBE, 0x00, 0x7A, 0xBE, 0x81, 0x9A, 0xBE,
    0x86, 0xBA, 0xC6, 0x87, 0x9A, 0xBE, 0x00, 0xBA, 0xBE, 0x82, 0xBA, 0xC6, 0x81, 0xBA, 0xBE, 0x82,
    0xBA, 0xC6, 0x00, 0xBA, 0xBE, 0x83, 0xBA, 0xC6, 0x00, 0x9A, 0xBE, 0x81, 0x7B, 0xB6, 0x01, 0x7A,
    0xBE, 0x9A, 0xBE, 0x82, 0xBA, 0xBE, 0x00, 0x9A, 0xBE, 0x81, 0xBA, 0xBE, 0x83, 0xBA, 0xC6, 0x87,
    0x9A, 0xBE, 0x00, 0xBA, 0xBE, 0x82, 0xBA, 0xC6, 0x81, 0xBA, 0xBE, 0x82, 0xBA, 0xC6, 0x00, 0xBA,
    0xBE, 0x83, 0xBA, 0xC6, 0x00, 0x9A, 0xBE, 0x81, 0x7B, 0xB6, 0x01, 0x7A, 0xBE, 0x9A, 0xBE, 0x82,
    0xBA, 0xBE, 0x00, 0x9A, 0xBE, 0x81, 0xBA, 0xBE, 0x83, 0xBA, 0xC6, 0x00, 0xBA, 0xBE, 0x87, 0x9A,
    0xBE, 0x83, 0xBA, 0xC6, 0x81, 0xBA, 0xBE, 0x82, 0xBA, 0xC6, 0x00, 0xBA, 0xBE, 0x82, 0xBA, 0xC6,
    0x04, 0x9A, 0xBE, 0x7A, 0xB6, 0x7B, 0xB6, 0x7A, 0xB6, 0x9A, 0xBE, 0x82, 0xBA, 0xBE, 0x01, 0x9A,
    0xBE, 0xBA, 0xBE, 0x84, 0xBA, 0xC6, 0x00, 0xBA, 0xBE, 0x87, 0x9A, 0xBE, 0x00, 0xBA, 0xBE, 0x84,
    0xBA, 0xC6, 0x02, 0xDA, 0xC6, 0xBA, 0xC6, 0x9A, 0xBE, 0x81, 0x7A, 0xBE, 0x82, 0x9A, 0xBE, 0x00,
    0xBA, 0xBE, 0x82, 0xBA, 0xC6, 0x83, 0xBA, 0xBE, 0x86, 0xBA, 0xC6, 0x01, 0x9A, 0xBE, 0x7A, 0xBE,
    0x81, 0x7B, 0xB6, 0x83, 0x9A, 0xBE, 0x01, 0xBA, 0xBE, 0xBA, 0xC6, 0x81, 0xBA, 0xBE, 0x81, 0xBA,
    0xC6, 0x02, 0xDA, 0xC6, 0xBA, 0xC6, 0x9A, 0xBE, 0x81, 0x7A, 0xBE, 0x82, 0x9A, 0xBE, 0x00, 0xBA,
    0xBE, 0x82, 0xBA, 0xC6, 0x83, 0xBA, 0xBE, 0x86, 0xBA, 0xC6, 0x81, 0x9A, 0xBE, 0x02, 0x7B, 0xB6,
    0x5B, 0xB6, 0x7A, 0xBE, 0x83, 0x9A, 0xBE, 0x00, 0xBA, 0xC6, 0x81, 0xBA, 0xBE, 0x81, 0xBA, 0xC6,
    0x81, 0xDA, 0xC6, 0x02, 0xBA, 0xBE, 0x9A, 0xBE, 0x7A, 0xBE, 0x82, 0x9A, 0xBE, 0x00, 0xBA, 0xBE,
    0x82, 0xBA, 0xC6, 0x83, 0xBA, 0xBE, 0x86, 0xBA, 0xC6, 0x04, 0xBA, 0xBE, 0x9A, 0xBE, 0x7A, 0xB6,
    0x5B, 0xB6, 0x7A, 0xB6, 0x83, 0x9A, 0xBE, 0x81, 0xBA, 0xC6, 0x00, 0xBA, 0xBE, 0x82, 0xBA, 0xC6,
    0x03, 0xDA, 0xC6, 0xBA, 0xC6, 0x9A, 0xBE, 0x7A, 0xBE, 0x82, 0x9A, 0xBE, 0x81, 0xBA, 0xBE, 0x82,
    0xBA, 0xC6, 0x81, 0xBA, 0xBE, 0x82, 0xBA, 0xC6, 0x02, 0xBA, 0xBE, 0x9A, 0xBE, 0x7A, 0xBE, 0x83,
    0x9A, 0xBE, 0x00, 0xBA, 0xBE, 0x82, 0xBA, 0xC6, 0x82, 0x9A, 0xBE, 0x00, 0xBA, 0xBE, 0x83, 0xBA,
    0xC6, 0x81, 0xBA, 0xBE, 0x81, 0x9A, 0xBE, 0x81, 0x7A, 0xBE, 0x00, 0x7B, 0xB6, 0x83, 0x9A, 0xBE,
    0x01, 0xBA, 0xBE, 0xBA, 0xC6, 0x81, 0xBA, 0xBE, 0x82, 0xBA, 0xC6, 0x00, 0xBA, 0xBE, 0x81, 0x9A,
    0xBE, 0x00, 0x7A, 0xBE, 0x82, 0x9A, 0xBE, 0x81, 0xBA, 0xBE, 0x81, 0xBA, 0xC6, 0x00, 0xBA, 0xBE,
    0x81, 0x9A, 0xBE, 0x00, 0xBA, 0xBE, 0x84, 0xBA, 0xC6, 0x81, 0xBA, 0xBE, 0x00, 0x9A, 0xBE, 0x81,
    0x7A, 0xBE, 0x01, 0x7A, 0xB6, 0x7A, 0xBE, 0x82, 0x9A, 0xBE, 0x01, 0xBA, 0xBE, 0xBA, 0xC6, 0x82,
    0xBA, 0xBE, 0x82, 0xBA, 0xC6, 0x81, 0x9A, 0xBE, 0x00, 0x7A, 0xBE, 0x83, 0x9A, 0xBE, 0x00, 0xBA,
    0xBE, 0x82, 0xBA, 0xC6, 0x82, 0x9A, 0xBE, 0x84, 0xBA, 0xC6, 0x81, 0xBA, 0xBE, 0x00, 0x9A, 0xBE,
    0x83, 0x7A, 0xBE, 0x83, 0x9A, 0xBE, 0x81, 0xBA, 0xC6, 0x81, 0xBA, 0xBE, 0x82, 0xBA, 0xC6, 0x02,
    0xBA, 0xBE, 0x9A, 0xBE, 0x7A, 0xBE, 0x83, 0x9A, 0xBE, 0x00, 0xBA, 0xBE, 0x82, 0xBA, 0xC6, 0x87,
    0x9A, 0xBE, 0x00, 0xBA, 0xBE, 0x81, 0x9A, 0xBE, 0x00, 0xBA, 0xBE, 0x82, 0x9A, 0xBE, 0x00, 0xBA,
    0xBE, 0x81, 0x9A, 0xBE, 0x81, 0xBA, 0xBE, 0x84, 0x9A, 0xBE, 0x00, 0x7A, 0xBE, 0x85, 0x9A, 0xBE,
    0x00, 0xBA, 0xC6, 0x81, 0x9A, 0xBE, 0x82, 0xBA, 0xBE, 0x00, 0xBA, 0xC6, 0x88, 0x9A, 0xBE, 0x81,
    0xBA, 0xBE, 0x81, 0x9A, 0xBE, 0x81, 0xBA, 0xBE, 0x00, 0x9A, 0xBE, 0x82, 0xBA, 0xBE, 0x8A, 0x9A,
    0xBE, 0x02, 0xBA, 0xC6, 0xBA, 0xBE, 0x9A, 0xBE, 0x82, 0xBA, 0xBE, 0x01, 0xBA, 0xC6, 0xBA, 0xBE,
    0x88, 0x9A, 0xBE, 0x00, 0xBA, 0xBE, 0x81, 0x9A, 0xBE, 0x81, 0xBA, 0xBE, 0x00, 0x9A, 0xBE, 0x82,
    0xBA, 0xBE, 0x8A, 0x9A, 0xBE, 0x81, 0xBA, 0xBE, 0x81, 0x9A, 0xBE, 0x83, 0xBA, 0xBE, 0x85, 0x9A,
    0xBE, 0x00, 0xBA, 0xBE, 0x81, 0x9A, 0xBE, 0x00, 0xBA, 0xBE, 0x82, 0x9A, 0xBE, 0x00, 0xBA, 0xBE,
    0x82, 0x9A, 0xBE, 0x00, 0x7A, 0xBE, 0x81, 0x9A, 0xBE, 0x81, 0xBA, 0xBE, 0x81, 0x9A, 0xBE, 0x01,
    0xBA, 0xBE, 0xBA, 0xC6, 0x83, 0xBA, 0xBE, 0x82, 0xBA, 0xC6, 0x00, 0xBA, 0xBE, 0x83, 0x9A, 0xBE,
    0x81, 0x7A, 0xBE, 0x00, 0x9A, 0xBE, 0x81, 0xBA, 0xBE, 0x81, 0x9A, 0xBE, 0x00, 0xBA, 0xBE, 0x82,
    0x9A, 0xBE, 0x81, 0xBA, 0xBE, 0x81, 0xBA, 0xC6, 0x01, 0x9A, 0xBE, 0x7A, 0xBE, 0x82, 0x9A, 0xBE,
    0x00, 0xBA, 0xBE, 0x82, 0x9A, 0xBE, 0x00, 0xBA, 0xC6, 0x83, 0xBA, 0xBE, 0x82, 0xBA, 0xC6, 0x00,
    0xBA, 0xBE, 0x83, 0x9A, 0xBE, 0x82, 0x7A, 0xBE, 0x00, 0x9A, 0xBE, 0x81, 0xBA, 0xBE, 0x02, 0x9A,
    0xBE, 0xBA, 0xBE, 0xBA, 0xC6, 0x81, 0x9A, 0xBE, 0x81, 0xBA, 0xBE, 0x81, 0xBA, 0xC6, 0x00, 0x9A,
    0xBE, 0x81, 0x7A, 0xBE, 0x81, 0x9A, 0xBE, 0x00, 0xBA, 0xBE, 0x82, 0x9A, 0xBE, 0x01, 0xBA, 0xBE,
    0xBA, 0xC6, 0x83, 0xBA, 0xBE, 0x82, 0xBA, 0xC6, 0x83, 0x9A, 0xBE, 0x82, 0x7A, 0xBE, 0x00, 0x9A,
    0xBE, 0x81, 0xBA, 0xBE, 0x02, 0x9A, 0xBE, 0xBA, 0xBE, 0xBA, 0xC6, 0x81, 0x9A, 0xBE, 0x81, 0xBA,
    0xBE, 0x81, 0xBA, 0xC6, 0x00, 0xBA, 0xBE, 0x81, 0x7A, 0xBE, 0x81, 0x9A, 0xBE, 0x81, 0xBA, 0xBE,
    0x81, 0x9A, 0xBE, 0x01, 0xBA, 0xBE, 0xBA, 0xC6, 0x83, 0xBA, 0xBE, 0x81, 0xBA, 0xC6, 0x81, 0x7A,
    0xBE, 0x88, 0x9A, 0xBE, 0x81, 0xBA, 0xBE, 0x82, 0xBA, 0xC6, 0x00, 0xBA, 0xBE, 0x88, 0x9A, 0xBE,
    0x83, 0xBA, 0xBE, 0x81, 0x9A, 0xBE, 0x82, 0xBA, 0xBE, 0x03, 0xBA, 0xC6, 0xBA, 0xBE, 0x9A, 0xBE,
    0x7A, 0xBE, 0x88, 0x9A, 0xBE, 0x81, 0xBA, 0xBE, 0x82, 0xBA, 0xC6, 0x81, 0xBA, 0xBE, 0x87, 0x9A,
    0xBE, 0x84, 0xBA, 0xBE, 0x00, 0x9A, 0xBE, 0x81, 0xBA, 0xBE, 0x00, 0x9A, 0xBE, 0x81, 0xBA, 0xC6,
    0x00, 0x9A, 0xBE, 0x81, 0x7A, 0xBE, 0x88, 0x9A, 0xBE, 0x81, 0xBA, 0xBE, 0x82, 0xBA, 0xC6, 0x00,
    0xBA, 0xBE, 0x87, 0x9A, 0xBE, 0x83, 0xBA, 0xBE, 0x01, 0xBA, 0xC6, 0x9A, 0xBE, 0x81, 0xBA, 0xBE,
    0x03, 0x9A, 0xBE, 0xBA, 0xBE, 0xBA, 0xC6, 0x9A, 0xBE, 0x81, 0x7A, 0xBE, 0x88, 0x9A, 0xBE, 0x81,
    0xBA, 0xBE, 0x82, 0xBA, 0xC6, 0x82, 0x9A, 0xBE, 0x00, 0x7A, 0xBE, 0x83, 0x9A, 0xBE, 0x81, 0xBA,
    0xBE, 0x82, 0xBA, 0xC6, 0x82, 0xBA, 0xBE, 0x89, 0x9A, 0xBE, 0x83, 0xBA, 0xBE, 0x00, 0x9A, 0xBE,
    0x81, 0xBA, 0xBE, 0x81, 0x9A, 0xBE, 0x00, 0xBA, 0xBE, 0x83, 0x9A, 0xBE, 0x00, 0x7A, 0xBE, 0x83,
    0x9A, 0xBE, 0x82, 0xBA, 0xBE, 0x81, 0xBA, 0xC6, 0x82, 0xBA, 0xBE, 0x89, 0x9A, 0xBE, 0x86, 0xBA,
    0xBE, 0x81, 0x9A, 0xBE, 0x00, 0xBA, 0xBE, 0x88, 0x9A, 0xBE, 0x82, 0xBA, 0xBE, 0x81, 0xBA, 0xC6,
    0x82, 0xBA, 0xBE, 0x8A, 0x9A, 0xBE, 0x83, 0xBA, 0xBE, 0x00, 0x9A, 0xBE, 0x81, 0xBA, 0xBE, 0x00,
    0x9A, 0xBE, 0x81, 0xBA, 0xBE, 0x83, 0x9A, 0xBE, 0x00, 0x7A, 0xBE, 0x82, 0x9A, 0xBE, 0x82, 0xBA,
    0xBE, 0x82, 0xBA, 0xC6, 0x82, 0xBA, 0xBE, 0x84, 0x9A, 0xBE, 0x00, 0xBA, 0xBE, 0x81, 0x9A, 0xBE,
    0x82, 0xBA, 0xC6, 0x81, 0xBA, 0xBE, 0x85, 0x9A, 0xBE, 0x81, 0xBA, 0xBE, 0x81, 0xBA, 0xC6, 0x81,
    0x9A, 0xBE, 0x81, 0xBA, 0xBE, 0x02, 0x9A, 0xBE, 0xBA, 0xBE, 0xBA, 0xC6, 0x85, 0xBA, 0xBE, 0x85,
    0x9A, 0xBE, 0x00, 0xBA, 0xBE, 0x81, 0x9A, 0xBE, 0x82, 0xBA, 0xC6, 0x81, 0xBA, 0xBE, 0x85, 0x9A,
    0xBE, 0x82, 0xBA, 0xBE, 0x01, 0xBA, 0xC6, 0xBA, 0xBE, 0x81, 0x9A, 0xBE, 0x00, 0xBA, 0xBE, 0x81,
    0x9A, 0xBE, 0x00, 0xBA, 0xC6, 0x85, 0xBA, 0xBE, 0x88, 0x9A, 0xBE, 0x00, 0xBA, 0xBE, 0x81, 0xBA,
    0xC6, 0x82, 0xBA, 0xBE, 0x84, 0x9A, 0xBE, 0x82, 0xBA, 0xBE, 0x01, 0xBA, 0xC6, 0xBA, 0xBE, 0x81,
    0x9A, 0xBE, 0x81, 0xBA, 0xBE, 0x04, 0x9A, 0xBE, 0xBA, 0xBE, 0xBA, 0xC6, 0xBA, 0xBE, 0x9A, 0xBE,
    0x82, 0xBA, 0xBE, 0x86, 0x9A, 0xBE, 0x02, 0xBA, 0xBE, 0x9A, 0xBE, 0xBA, 0xBE, 0x82, 0xBA, 0xC6,
    0x81, 0xBA, 0xBE, 0x83, 0x9A, 0xBE, 0x81, 0xBA, 0xBE, 0x00, 0x9A, 0xBE, 0x81, 0xBA, 0xBE, 0x04,
    0x9A, 0xBE, 0xBA, 0xBE, 0xBA, 0xC6, 0xBA, 0xBE, 0x9A, 0xBE, 0x81, 0xBA, 0xBE, 0x00, 0x9A, 0xBE,
    0x81, 0x7A, 0xBE, 0x81, 0x9A, 0xBE, 0x00, 0xBA, 0xBE, 0x83, 0xBA, 0xC6, 0x82, 0xBA, 0xBE, 0x00,
    0xBA, 0xC6, 0x81, 0xBA, 0xBE, 0x83, 0xBA, 0xC6, 0x00, 0xBA, 0xBE, 0x83, 0x9A, 0xBE, 0x81, 0xBA,
    0xBE, 0x00, 0x9A, 0xBE, 0x83, 0xBA, 0xBE, 0x02, 0xBA, 0xC6, 0xBA, 0xBE, 0x9A, 0xBE, 0x81, 0xBA,
    0xBE, 0x81, 0x9A, 0xBE, 0x00, 0x7A, 0xBE, 0x81, 0x9A, 0xBE, 0x00, 0xBA, 0xBE, 0x84, 0xBA, 0xC6,
    0x81, 0xBA, 0xBE, 0x00, 0xBA, 0xC6, 0x81, 0xBA, 0xBE, 0x83, 0xBA, 0xC6, 0x81, 0xBA, 0xBE, 0x82,
    0x9A, 0xBE, 0x81, 0xBA, 0xBE, 0x00, 0x9A, 0xBE, 0x83, 0xBA, 0xBE, 0x81, 0xBA, 0xC6, 0x82, 0xBA,
    0xBE, 0x81, 0x9A, 0xBE, 0x81, 0x7A, 0xBE, 0x81, 0x9A, 0xBE, 0x84, 0xBA, 0xC6, 0x81, 0xBA, 0xBE,
    0x81, 0xBA, 0xC6, 0x00, 0xBA, 0xBE, 0x84, 0xBA, 0xC6, 0x00, 0xBA, 0xBE, 0x82, 0x9A, 0xBE, 0x82,
    0xBA, 0xBE, 0x00, 0x9A, 0xBE, 0x81, 0xBA, 0xBE, 0x00, 0x9A, 0xBE, 0x81, 0xBA, 0xC6, 0x01, 0xBA,
    0xBE, 0x9A, 0xBE, 0x81, 0xBA, 0xBE, 0x00, 0x9A, 0xBE, 0x81, 0x7A, 0xBE, 0x86, 0xBA, 0xBE, 0x01,
    0xBA, 0xC6, 0xBA, 0xBE, 0x81, 0x9A, 0xBE, 0x00, 0xBA, 0xC6, 0x82, 0x9A, 0xBE, 0x81, 0x7A, 0xBE,
    0x02, 0x9A, 0xBE, 0xBA, 0xC6, 0xDA, 0xC6, 0x82, 0xBA, 0xC6, 0x00, 0xBA, 0xBE, 0x86, 0xBA, 0xC6,
    0x05, 0xBA, 0xBE, 0xBA, 0xC6, 0xBA, 0xBE, 0x9A, 0xBE, 0x7A, 0xBE, 0x9A, 0xBE, 0x86, 0xBA, 0xBE,
    0x01, 0xBA, 0xC6, 0xBA, 0xBE, 0x81, 0x9A, 0xBE, 0x81, 0xBA, 0xBE, 0x81, 0x9A, 0xBE, 0x81, 0x7A,
    0xBE, 0x00, 0x9A, 0xBE, 0x84, 0xBA, 0xC6, 0x00, 0xBA, 0xBE, 0x88, 0xBA, 0xC6, 0x00, 0xBA, 0xBE,
    0x83, 0x9A, 0xBE, 0x86, 0xBA, 0xBE, 0x00, 0xBA, 0xC6, 0x81, 0x9A, 0xBE, 0x81, 0xBA, 0xBE, 0x81,
    0x9A, 0xBE, 0x81, 0x7A, 0xBE, 0x01, 0x9A, 0xBE, 0xBA, 0xBE, 0x83, 0xBA, 0xC6, 0x81, 0xBA, 0xBE,
    0x86, 0xBA, 0xC6, 0x01, 0xBA, 0xBE, 0xBA, 0xC6, 0x83, 0x9A, 0xBE, 0x86, 0xBA, 0xBE, 0x01, 0xBA,
    0xC6, 0xBA, 0xBE, 0x81, 0x9A, 0xBE, 0x00, 0xBA, 0xC6, 0x81, 0x9A, 0xBE, 0x81, 0x7A, 0xBE, 0x83,
    0xBA, 0xBE, 0x82, 0x9A, 0xBE, 0x81, 0xBA, 0xBE, 0x03, 0x9A, 0xBE, 0xBA, 0xBE, 0xBA, 0xC6, 0xBA,
    0xBE, 0x84, 0x9A, 0xBE, 0x83, 0xBA, 0xC6, 0x83, 0xBA, 0xBE, 0x83, 0xBA, 0xC6, 0x81, 0x9A, 0xBE,
    0x00, 0xBA, 0xBE, 0x83, 0x9A, 0xBE, 0x83, 0xBA, 0xBE, 0x83, 0x9A, 0xBE, 0x00, 0xBA, 0xBE, 0x81,
    0x9A, 0xBE, 0x01, 0xBA, 0xC6, 0xBA, 0xBE, 0x84, 0x9A, 0xBE, 0x84, 0xBA, 0xC6, 0x82, 0xBA, 0xBE,
    0x83, 0xBA, 0xC6, 0x02, 0xBA, 0xBE, 0x9A, 0xBE, 0xBA, 0xBE, 0x84, 0x9A, 0xBE, 0x82, 0xBA, 0xBE,
    0x83, 0x9A, 0xBE, 0x00, 0xBA, 0xBE, 0x81, 0x9A, 0xBE, 0x01, 0xBA, 0xC6, 0xBA, 0xBE, 0x84, 0x9A,
    0xBE, 0x00, 0xBA, 0xBE, 0x83, 0xBA, 0xC6, 0x82, 0xBA, 0xBE, 0x84, 0xBA, 0xC6, 0x81, 0x9A, 0xBE,
    0x00, 0xBA, 0xBE, 0x83, 0x9A, 0xBE, 0x83, 0xBA, 0xBE, 0x82, 0x9A, 0xBE, 0x00, 0xBA, 0xBE, 0x81,
    0x9A, 0xBE, 0x02, 0xBA, 0xBE, 0xBA, 0xC6, 0xBA, 0xBE, 0x82, 0x9A, 0xBE, 0x84, 0xBA, 0xBE, 0x82,
    0x9A, 0xBE, 0x81, 0xBA, 0xBE, 0x82, 0xBA, 0xC6, 0x00, 0xBA, 0xBE, 0x83, 0x9A, 0xBE, 0x82, 0xBA,
    0xBE, 0x81, 0xBA, 0xC6, 0x01, 0xBA, 0xBE, 0x9A, 0xBE, 0x81, 0xBA, 0xC6, 0x81, 0x9A, 0xBE, 0x00,
    0xBA, 0xBE, 0x81, 0x9A, 0xBE, 0x02, 0xBA, 0xBE, 0x9A, 0xBE, 0x7B, 0xB6, 0x81, 0x9A, 0xBE, 0x84,
    0xBA, 0xBE, 0x82, 0x9A, 0xBE, 0x81, 0xBA, 0xBE, 0x82, 0xBA, 0xC6, 0x00, 0xBA, 0xBE, 0x83, 0x9A,
    0xBE, 0x83, 0xBA, 0xBE, 0x81, 0xBA, 0xC6, 0x04, 0x9A, 0xBE, 0xBA, 0xBE, 0xBA, 0xC6, 0xBA, 0xBE,
    0x9A, 0xBE, 0x81, 0xBA, 0xBE, 0x05, 0x9A, 0xBE, 0xBA, 0xBE, 0x9A, 0xBE, 0x7A, 0xB6, 0x7A, 0xBE,
    0x9A, 0xBE, 0x84, 0xBA, 0xBE, 0x82, 0x9A, 0xBE, 0x81, 0xBA, 0xBE, 0x83, 0xBA, 0xC6, 0x84, 0x9A,
    0xBE, 0x82, 0xBA, 0xBE, 0x81, 0xBA, 0xC6, 0x81, 0xBA, 0xBE, 0x02, 0xBA, 0xC6, 0xBA, 0xBE, 0x9A,
    0xBE, 0x81, 0xBA, 0xBE, 0x81, 0x9A, 0xBE, 0x03, 0xBA, 0xBE, 0x7A, 0xBE, 0x7A, 0xB6, 0x9A, 0xBE,
    0x85, 0xBA, 0xBE, 0x81, 0x9A, 0xBE, 0x82, 0xBA, 0xBE, 0x82, 0xBA, 0xC6, 0x00, 0xBA, 0xBE, 0x81,
    0x9A, 0xBE, 0x83, 0xBA, 0xBE, 0x00, 0x9A, 0xBE, 0x81, 0xBA, 0xBE, 0x01, 0x9A, 0xBE, 0xBA, 0xBE,
    0x83, 0xBA, 0xC6, 0x00, 0xBA, 0xBE, 0x85, 0x9A, 0xBE, 0x00, 0xBA, 0xBE, 0x81, 0xBA, 0xC6, 0x02,
    0xBA, 0xBE, 0x9A, 0xBE, 0xBA, 0xBE, 0x84, 0x9A, 0xBE, 0x81, 0xBA, 0xBE, 0x03, 0x7A, 0xBE, 0x5B,
    0xB6, 0x7A, 0xBE, 0x9A, 0xBE, 0x86, 0xBA, 0xBE, 0x81, 0x9A, 0xBE, 0x83, 0xBA, 0xC6, 0x81, 0xBA,
    0xBE, 0x84, 0x9A, 0xBE, 0x81, 0xBA, 0xBE, 0x02, 0xDA, 0xC6, 0xBA, 0xBE, 0x9A, 0xBE, 0x81, 0xBA,
    0xBE, 0x83, 0x9A, 0xBE, 0x02, 0xBA, 0xBE, 0xBA, 0xC6, 0x9A, 0xBE, 0x81, 0x7B, 0xB6, 0x00, 0x9A,
    0xBE, 0x84, 0xBA, 0xBE, 0x01, 0x9A, 0xBE, 0xBA, 0xBE, 0x81, 0x9A, 0xBE, 0x81, 0xBA, 0xBE, 0x82,
    0xBA, 0xC6, 0x00, 0xBA, 0xBE, 0x84, 0x9A, 0xBE, 0x81, 0xBA, 0xBE, 0x81, 0xBA, 0xC6, 0x00, 0x9A,
    0xBE, 0x81, 0xBA, 0xBE, 0x83, 0x9A, 0xBE, 0x02, 0xBA, 0xBE, 0xBA, 0xC6, 0x9A, 0xBE, 0x81, 0x7B,
    0xB6, 0x81, 0x9A, 0xBE, 0x83, 0xBA, 0xBE, 0x00, 0x9A, 0xBE, 0x81, 0xBA, 0xBE, 0x00, 0x9A, 0xBE,
    0x81, 0xBA, 0xBE, 0x82, 0xBA, 0xC6, 0x00, 0xBA, 0xBE, 0x82, 0x9A, 0xBE, 0x81, 0xBA, 0xC6, 0x81,
    0x9A, 0xBE, 0x81, 0xBA, 0xBE, 0x81, 0x9A, 0xBE, 0x81, 0xBA, 0xBE, 0x88, 0x9A, 0xBE, 0x82, 0xBA,
    0xC6, 0x85, 0x9A, 0xBE, 0x81, 0x7A, 0xBE, 0x81, 0x9A, 0xBE, 0x02, 0x7A, 0xB6, 0x7B, 0xB6, 0x7A,
    0xBE, 0x81, 0x9A, 0xBE, 0x03, 0xBA, 0xBE, 0xBA, 0xC6, 0xBA, 0xBE, 0x9A, 0xBE, 0x82, 0xBA, 0xBE,
    0x81, 0x9A, 0xBE, 0x00, 0xBA, 0xBE, 0x88, 0x9A, 0xBE, 0x00, 0xBA, 0xBE, 0x81, 0xBA, 0xC6, 0x85,
    0x9A, 0xBE, 0x01, 0x7A, 0xBE, 0x7A, 0xB6, 0x81, 0x9A, 0xBE, 0x02, 0x7A, 0xBE, 0x7B, 0xB6, 0x7A,
    0xBE, 0x81, 0x9A, 0xBE, 0x03, 0xBA, 0xBE, 0xBA, 0xC6, 0xBA, 0xBE, 0x9A, 0xBE, 0x82, 0xBA, 0xBE,
    0x81, 0x9A, 0xBE, 0x81, 0xBA, 0xBE, 0x87, 0x9A, 0xBE, 0x00, 0xBA, 0xBE, 0x81, 0xBA, 0xC6, 0x85,
    0x9A, 0xBE, 0x01, 0x7A, 0xBE, 0x7A, 0xB6, 0x82, 0x9A, 0xBE, 0x01, 0x7B, 0xB6, 0x7A, 0xB6, 0x82,
    0x9A, 0xBE, 0x01, 0xBA, 0xC6, 0xBA, 0xBE, 0x81, 0x9A, 0xBE, 0x81, 0xBA, 0xBE, 0x81, 0x9A, 0xBE,
    0x81, 0xBA, 0xBE, 0x85, 0x9A, 0xBE, 0x00, 0xBA, 0xC6, 0x81, 0xBA, 0xBE, 0x00, 0x9A, 0xBE, 0x82,
    0xBA, 0xBE, 0x81, 0xBA, 0xC6, 0x81, 0x9A, 0xBE, 0x00, 0x7A, 0xBE, 0x81, 0x9A, 0xBE, 0x00, 0xBA,
    0xBE, 0x82, 0x9A, 0xBE, 0x00, 0xBA, 0xBE, 0x81, 0xBA, 0xC6, 0x02, 0xBA, 0xBE, 0x9A, 0xBE, 0x7A,
    0xBE, 0x81, 0x9A, 0xBE, 0x07, 0xBA, 0xBE, 0x9A, 0xBE, 0x7A, 0xBE, 0x5B, 0xB6, 0x7B, 0xB6, 0x7A,
    0xBE, 0x7B, 0xB6, 0x7A, 0xB6, 0x82, 0x9A, 0xBE, 0x81, 0xBA, 0xC6, 0x01, 0xBA, 0xBE, 0x9A, 0xBE,
    0x82, 0xBA, 0xBE, 0x81, 0xBA, 0xC6, 0x81, 0x9A, 0xBE, 0x00, 0x7A, 0xB6, 0x81, 0x9A, 0xBE, 0x00,
    0xBA, 0xBE, 0x82, 0x9A, 0xBE, 0x00, 0xBA, 0xBE, 0x82, 0xBA, 0xC6, 0x01, 0x9A, 0xBE, 0x7A, 0xBE,
    0x81, 0x9A, 0xBE, 0x00, 0xBA, 0xBE, 0x81, 0x9A, 0xBE, 0x81, 0x7B, 0xB6, 0x00, 0x7A, 0xBE, 0x81,
    0x7A, 0xB6, 0x82, 0x9A, 0xBE, 0x03, 0xBA, 0xBE, 0xBA, 0xC6, 0xBA, 0xBE, 0x9A, 0xBE, 0x82, 0xBA,
    0xBE, 0x81, 0xBA, 0xC6, 0x02, 0xBA, 0xBE, 0x9A, 0xBE, 0x7A, 0xB6, 0x86, 0x9A, 0xBE, 0x00, 0xBA,
    0xBE, 0x81, 0xBA, 0xC6, 0x01, 0x9A, 0xBE, 0x7A, 0xBE, 0x81, 0x9A, 0xBE, 0x81, 0xBA, 0xBE, 0x05,
    0x9A, 0xBE, 0x7B, 0xB6, 0x5B, 0xB6, 0x7A, 0xB6, 0x7A, 0xBE, 0x7A, 0xB6, 0x83, 0x9A, 0xBE, 0x02,
    0xBA, 0xC6, 0xBA, 0xBE, 0x9A, 0xBE, 0x83, 0xBA, 0xBE, 0x01, 0xBA, 0xC6, 0xBA, 0xBE, 0x81, 0x9A,
    0xBE, 0x00, 0x7A, 0xBE, 0x81, 0x9A, 0xBE, 0x84, 0xBA, 0xBE, 0x00, 0xBA, 0xC6, 0x82, 0xBA, 0xBE,
    0x81, 0xBA, 0xC6, 0x05, 0xBA, 0xBE, 0x9A, 0xBE, 0x7A, 0xBE, 0x9A, 0xBE, 0xBA, 0xBE, 0xBA, 0xC6,
    0x81, 0xBA, 0xBE, 0x01, 0xBA, 0xC6, 0xBA, 0xBE, 0x81, 0xBA, 0xC6, 0x00, 0xBA, 0xBE, 0x83, 0x9A,
    0xBE, 0x81, 0xBA, 0xBE, 0x03, 0x9A, 0xBE, 0x7B, 0xB6, 0x7A, 0xB6, 0x9A, 0xBE, 0x81, 0x7A, 0xBE,
    0x81, 0x9A, 0xBE, 0x83, 0xBA, 0xBE, 0x81, 0xBA, 0xC6, 0x81, 0xBA, 0xBE, 0x81, 0xBA, 0xC6, 0x01,
    0xBA, 0xBE, 0x9A, 0xBE, 0x81, 0x7A, 0xBE, 0x01, 0x9A, 0xBE, 0xBA, 0xC6, 0x81, 0xBA, 0xBE, 0x00,
    0xBA, 0xC6, 0x81, 0xBA, 0xBE, 0x81, 0xBA, 0xC6, 0x83, 0x9A, 0xBE, 0x81, 0xBA, 0xBE, 0x00, 0x9A,
    0xBE, 0x81, 0x7B, 0xB6, 0x01, 0x7A, 0xBE, 0x9A, 0xBE, 0x81, 0x7A, 0xBE, 0x00, 0x9A, 0xBE, 0x83,
    0xBA, 0xBE, 0x81, 0xBA, 0xC6, 0x81, 0xBA, 0xBE, 0x82, 0xBA, 0xC6, 0x00, 0x9A, 0xBE, 0x81, 0x7A,
    0xBE, 0x00, 0x9A, 0xBE, 0x81, 0xBA, 0xBE, 0x00, 0x9A, 0xBE, 0x82, 0xBA, 0xBE, 0x81, 0xBA, 0xC6,
    0x83, 0x9A, 0xBE, 0x81, 0xBA, 0xBE, 0x04, 0x9A, 0xBE, 0x7A, 0xB6, 0x7B, 0xB6, 0x7A, 0xBE, 0x9A,
    0xBE, 0x81, 0x7A, 0xBE, 0x81, 0x9A, 0xBE, 0x83, 0xBA, 0xBE, 0x00, 0xBA, 0xC6, 0x82, 0xBA, 0xBE,
    0x81, 0xBA, 0xC6, 0x00, 0x9A, 0xBE, 0x81, 0x7A, 0xBE, 0x01, 0x9A, 0xBE, 0xBA, 0xBE, 0x81, 0xBA,
    0xC6, 0x00, 0xBA, 0xBE, 0x81, 0x9A, 0xBE, 0x00, 0xBA, 0xBE, 0x83, 0xBA, 0xC6, 0x00, 0xBA, 0xBE,
    0x84, 0x9A, 0xBE, 0x86, 0xBA, 0xC6, 0x03, 0x9A, 0xBE, 0x7A, 0xBE, 0x9A, 0xBE, 0xBA, 0xC6, 0x82,
    0xBA, 0xBE, 0x01, 0x9A, 0xBE, 0x7A, 0xBE, 0x84, 0x9A, 0xBE, 0x02, 0xBA, 0xBE, 0xBA, 0xC6, 0xBA,
    0xBE, 0x81, 0x9A, 0xBE, 0x00, 0xBA, 0xBE, 0x83, 0xBA, 0xC6, 0x00, 0xBA, 0xBE, 0x84, 0x9A, 0xBE,
    0x86, 0xBA, 0xC6, 0x02, 0xBA, 0xBE, 0x7A, 0xBE, 0x9A, 0xBE, 0x81, 0xBA, 0xC6, 0x81, 0xBA, 0xBE,
    0x01, 0x9A, 0xBE, 0x7A, 0xBE, 0x85, 0x9A, 0xBE, 0x01, 0xBA, 0xBE, 0xBA, 0xC6, 0x82, 0x9A, 0xBE,
    0x00, 0xBA, 0xBE, 0x83, 0xBA, 0xC6, 0x00, 0xBA, 0xBE, 0x83, 0x9A, 0xBE, 0x00, 0xBA, 0xBE, 0x86,
    0xBA, 0xC6, 0x06, 0x9A, 0xBE, 0x7A, 0xBE, 0xBA, 0xBE, 0xBA, 0xC6, 0x9A, 0xBE, 0xBA, 0xBE, 0x9A,
    0xBE, 0x81, 0x7A, 0xBE, 0x84, 0x9A, 0xBE, 0x02, 0xBA, 0xBE, 0xBA, 0xC6, 0xBA, 0xBE, 0x81, 0x9A,
    0xBE, 0x00, 0xBA, 0xBE, 0x83, 0xBA, 0xC6, 0x00, 0xBA, 0xBE, 0x83, 0x9A, 0xBE, 0x00, 0xBA, 0xBE,
    0x81, 0xBA, 0xC6, 0x00, 0xBA, 0xBE, 0x83, 0x9A, 0xBE, 0x00, 0xBA, 0xBE, 0x86, 0x9A, 0xBE, 0x81,
    0xBA, 0xBE, 0x83, 0xBA, 0xC6, 0x81, 0xBA, 0xBE, 0x81, 0x9A, 0xBE, 0x00, 0xBA, 0xBE, 0x81, 0xBA,
    0xC6, 0x04, 0xBA, 0xBE, 0x9A, 0xBE, 0x7A, 0xBE, 0x9A, 0xBE, 0xBA, 0xBE, 0x84, 0x9A, 0xBE, 0x81,
    0xBA, 0xC6, 0x83, 0x9A, 0xBE, 0x81, 0xBA, 0xBE, 0x86, 0x9A, 0xBE, 0x00, 0xBA, 0xBE, 0x84, 0xBA,
    0xC6, 0x00, 0xBA, 0xBE, 0x82, 0x9A, 0xBE, 0x81, 0xBA, 0xC6, 0x04, 0xBA, 0xBE, 0x9A, 0xBE, 0x7A,
    0xBE, 0x9A, 0xBE, 0xBA, 0xBE, 0x84, 0x9A, 0xBE, 0x01, 0xBA, 0xBE, 0xBA, 0xC6, 0x83, 0x9A, 0xBE,
    0x81, 0xBA, 0xBE, 0x86, 0x9A, 0xBE, 0x81, 0xBA, 0xBE, 0x83, 0xBA, 0xC6, 0x00, 0xBA, 0xBE, 0x82,
    0x9A, 0xBE, 0x82, 0xBA, 0xC6, 0x00, 0x9A, 0xBE, 0x81, 0x7A, 0xBE, 0x01, 0x9A, 0xBE, 0xBA, 0xBE,
    0x84, 0x9A, 0xBE, 0x01, 0xBA, 0xC6, 0xBA, 0xBE, 0x83, 0x9A, 0xBE, 0x00, 0xBA, 0xBE, 0x86, 0x9A,
    0xBE, 0x81, 0xBA, 0xBE, 0x81, 0xBA, 0xC6, 0x00, 0xBA, 0xBE, 0x81, 0x9A, 0xBE, 0x00, 0xBA, 0xBE,
    0x81, 0xBA, 0xC6, 0x82, 0x9A, 0xBE, 0x01, 0xBA, 0xBE, 0xBA, 0xC6, 0x82, 0xBA, 0xBE, 0x82, 0xBA,
    0xC6, 0x81, 0xBA, 0xBE, 0x81, 0x9A, 0xBE, 0x81, 0xBA, 0xC6, 0x02, 0xBA, 0xBE, 0x9A, 0xBE, 0xBA,
    0xBE, 0x82, 0x9A, 0xBE, 0x00, 0xBA, 0xBE, 0x82, 0x9A, 0xBE, 0x01, 0xBA, 0xBE, 0x9A, 0xBE, 0x82,
    0xBA, 0xC6, 0x82, 0x9A, 0xBE, 0x01, 0xBA, 0xBE, 0xBA, 0xC6, 0x82, 0x9A, 0xBE, 0x01, 0xBA, 0xBE,
    0xBA, 0xC6, 0x82, 0xBA, 0xBE, 0x83, 0xBA, 0xC6, 0x81, 0xBA, 0xBE, 0x00, 0x9A, 0xBE, 0x82, 0xBA,
    0xC6, 0x01, 0x9A, 0xBE, 0xBA, 0xBE, 0x82, 0x9A, 0xBE, 0x00, 0xBA, 0xBE, 0x83, 0x9A, 0xBE, 0x81,
    0xBA, 0xBE, 0x81, 0xBA, 0xC6, 0x82, 0x9A, 0xBE, 0x01, 0xBA, 0xBE, 0xBA, 0xC6, 0x83, 0x9A, 0xBE,
    0x00, 0xBA, 0xC6, 0x83, 0xBA, 0xBE, 0x82, 0xBA, 0xC6, 0x81, 0xBA, 0xBE, 0x01, 0x9A, 0xBE, 0xBA,
    0xBE, 0x81, 0xBA, 0xC6, 0x00, 0x9A, 0xBE, 0x81, 0xBA, 0xBE, 0x81, 0x9A, 0xBE, 0x00, 0xBA, 0xBE,
    0x83, 0x9A, 0xBE, 0x81, 0xBA, 0xBE, 0x81, 0xBA, 0xC6, 0x00, 0xBA, 0xBE, 0x81, 0x9A, 0xBE, 0x02,
    0xBA, 0xBE, 0xBA, 0xC6, 0xBA, 0xBE, 0x82, 0x9A, 0xBE, 0x84, 0xBA, 0xBE, 0x02, 0xBA, 0xC6, 0xDA,
    0xC6, 0xBA, 0xC6, 0x81, 0x9A, 0xBE, 0x81, 0xBA, 0xBE, 0x01, 0xBA, 0xC6, 0xBA, 0xBE, 0x81, 0x9A,
    0xBE, 0x02, 0xBA, 0xC6, 0xBA, 0xBE, 0x9A, 0xBE, 0x81, 0xBA, 0xBE, 0x84, 0xBA, 0xC6, 0x81, 0x9A,
    0xBE, 0x81, 0xBA, 0xBE, 0x02, 0x9A, 0xBE, 0x7A, 0xBE, 0x9A, 0xBE, 0x82, 0xBA, 0xC6, 0x82, 0x9A,
    0xBE, 0x01, 0xBA, 0xBE, 0x9A, 0xBE, 0x81, 0xBA, 0xC6, 0x01, 0xDA, 0xC6, 0xBA, 0xC6, 0x81, 0x9A,
    0xBE, 0x81, 0xBA, 0xBE, 0x01, 0xBA, 0xC6, 0xBA, 0xBE, 0x81, 0x9A, 0xBE, 0x81, 0xBA, 0xC6, 0x81,
    0x9A, 0xBE, 0x00, 0xBA, 0xBE, 0x84, 0xBA, 0xC6, 0x01, 0xBA, 0xBE, 0x9A, 0xBE, 0x81, 0xBA, 0xBE,
    0x02, 0x9A, 0xBE, 0x7A, 0xBE, 0x9A, 0xBE, 0x82, 0xBA, 0xC6, 0x82, 0x9A, 0xBE, 0x01, 0xBA, 0xBE,
    0x9A, 0xBE, 0x82, 0xBA, 0xC6, 0x01, 0xDA, 0xC6, 0xBA, 0xBE, 0x81, 0x9A, 0xBE, 0x00, 0xBA, 0xBE,
    0x81, 0xBA, 0xC6, 0x06, 0xBA, 0xBE, 0x9A, 0xBE, 0xBA, 0xBE, 0xBA, 0xC6, 0xBA, 0xBE, 0x9A, 0xBE,
    0xBA, 0xBE, 0x84, 0xBA, 0xC6, 0x00, 0xBA, 0xBE, 0x81, 0x9A, 0xBE, 0x81, 0xBA, 0xBE, 0x02, 0x7A,
    0xBE, 0x9A, 0xBE, 0xBA, 0xBE, 0x81, 0xBA, 0xC6, 0x00, 0xBA, 0xBE, 0x81, 0x9A, 0xBE, 0x82, 0xBA,
    0xBE, 0x81, 0xBA, 0xC6, 0x01, 0xDA, 0xC6, 0xBA, 0xC6, 0x81, 0x9A, 0xBE, 0x81, 0xBA, 0xBE, 0x01,
    0xBA, 0xC6, 0xBA, 0xBE, 0x81, 0x9A, 0xBE, 0x02, 0xBA, 0xC6, 0xBA, 0xBE, 0x9A, 0xBE, 0x81, 0xBA,
    0xBE, 0x02, 0xBA, 0xC6, 0xDA, 0xC6, 0xBA, 0xC6, 0x81, 0x9A, 0xBE, 0x00, 0xBA, 0xBE, 0x81, 0xBA,
    0xC6, 0x00, 0xBA, 0xBE, 0x81, 0x9A, 0xBE, 0x01, 0xBA, 0xC6, 0xBA, 0xBE, 0x82, 0x9A, 0xBE, 0x00,
    0xBA, 0xBE, 0x82, 0xBA, 0xC6, 0x02, 0xBA, 0xBE, 0x9A, 0xBE, 0x7A, 0xBE, 0x82, 0x9A, 0xBE, 0x07,
    0x7A, 0xBE, 0xBA, 0xBE, 0xBA, 0xC6, 0xDA, 0xC6, 0xBA, 0xC6, 0xBA, 0xBE, 0x9A, 0xBE, 0xBA, 0xBE,
    0x83, 0xBA, 0xC6, 0x01, 0xDA, 0xC6, 0xBA, 0xC6, 0x82, 0x9A, 0xBE, 0x82, 0xBA, 0xC6, 0x81, 0x9A,
    0xBE, 0x81, 0xBA, 0xC6, 0x83, 0x9A, 0xBE, 0x83, 0xBA, 0xC6, 0x01, 0x9A, 0xBE, 0x7A, 0xBE, 0x82,
    0x9A, 0xBE, 0x04, 0x7A, 0xBE, 0x9A, 0xBE, 0xBA, 0xC6, 0xDA, 0xC6, 0xBA, 0xC6, 0x81, 0xBA, 0xBE,
    0x00, 0x9A, 0xBE, 0x83, 0xBA, 0xC6, 0x02, 0xDA, 0xC6, 0xBA, 0xC6, 0xBA, 0xBE, 0x81, 0x9A, 0xBE,
    0x00, 0xBA, 0xBE, 0x81, 0xBA, 0xC6, 0x03, 0xBA, 0xBE, 0x9A, 0xBE, 0xBA, 0xBE, 0xBA, 0xC6, 0x83,
    0x9A, 0xBE, 0x83, 0xBA, 0xC6, 0x01, 0x9A, 0xBE, 0x7A, 0xBE, 0x82, 0x9A, 0xBE, 0x04, 0x7A, 0xBE,
    0x9A, 0xBE, 0xBA, 0xC6, 0xDA, 0xC6, 0xBA, 0xC6, 0x81, 0xBA, 0xBE, 0x00, 0x9A, 0xBE, 0x83, 0xBA,
    0xC6, 0x81, 0xDA, 0xC6, 0x00, 0xBA, 0xBE, 0x81, 0x9A, 0xBE, 0x00, 0xBA, 0xBE, 0x81, 0xBA, 0xC6,
    0x04, 0xBA, 0xBE, 0x9A, 0xBE, 0xBA, 0xBE, 0xBA, 0xC6, 0xBA, 0xBE, 0x82, 0x9A, 0xBE, 0x81, 0xBA,
    0xC6, 0x00, 0xBA, 0xBE, 0x82, 0x9A, 0xBE, 0x01, 0xBA, 0xC6, 0xBA, 0xBE, 0x82, 0x9A, 0xBE, 0x00,
    0xBA, 0xC6, 0x81, 0xBA, 0xBE, 0x82, 0x9A, 0xBE, 0x05, 0xBA, 0xBE, 0xBA, 0xC6, 0xBA, 0xBE, 0x9A,
    0xBE, 0x7B, 0xB6, 0x7A, 0xBE, 0x82, 0x9A, 0xBE, 0x01, 0xBA, 0xBE, 0xBA, 0xC6, 0x81, 0xDA, 0xC6,
    0x00, 0xBA, 0xC6, 0x82, 0xBA, 0xBE, 0x01, 0xBA, 0xC6, 0xDA, 0xC6, 0x83, 0xBA, 0xC6, 0x82, 0x9A,
    0xBE, 0x81, 0xBA, 0xBE, 0x82, 0x9A, 0xBE, 0x02, 0xBA, 0xBE, 0xBA, 0xC6, 0xBA, 0xBE, 0x82, 0x9A,
    0xBE, 0x03, 0xBA, 0xBE, 0xBA, 0xC6, 0xBA, 0xBE, 0x9A, 0xBE, 0x81, 0x7B, 0xB6, 0x82, 0x9A, 0xBE,
    0x00, 0xBA, 0xBE, 0x81, 0xBA, 0xC6, 0x01, 0xDA, 0xC6, 0xBA, 0xC6, 0x82, 0xBA, 0xBE, 0x01, 0xBA,
    0xC6, 0xDA, 0xC6, 0x83, 0xBA, 0xC6, 0x82, 0x9A, 0xBE, 0x02, 0xBA, 0xBE, 0xBA, 0xC6, 0xBA, 0xBE,
    0x82, 0x9A, 0xBE, 0x00, 0xBA, 0xC6, 0x81, 0xBA, 0xBE, 0x81, 0x9A, 0xBE, 0x05, 0xBA, 0xBE, 0xBA,
    0xC6, 0xBA, 0xBE, 0x9A, 0xBE, 0x7A, 0xBE, 0x7B, 0xB6, 0x83, 0x9A, 0xBE, 0x81, 0xBA, 0xC6, 0x00,
    0xDA, 0xC6, 0x81, 0xBA, 0xC6, 0x81, 0xBA, 0xBE, 0x01, 0xBA, 0xC6, 0xDA, 0xC6, 0x83, 0xBA, 0xC6,
    0x00, 0xBA, 0xBE, 0x81, 0x9A, 0xBE, 0x02, 0xBA, 0xBE, 0xBA, 0xC6, 0xBA, 0xBE, 0x82, 0x9A, 0xBE,
    0x00, 0xBA, 0xC6, 0x81, 0xBA, 0xBE, 0x81, 0x9A, 0xBE, 0x01, 0xBA, 0xC6, 0xBA, 0xBE, 0x83, 0x9A,
    0xBE, 0x00, 0xBA, 0xBE, 0x83, 0x9A, 0xBE, 0x83, 0xBA, 0xBE, 0x84, 0x9A, 0xBE, 0x02, 0x7A, 0xBE,
    0x7A, 0xB6, 0x7A, 0xBE, 0x81, 0x9A, 0xBE, 0x00, 0xBA, 0xBE, 0x81, 0xBA, 0xC6, 0x81, 0xBA, 0xBE,
    0x00, 0xBA, 0xC6, 0x82, 0xBA, 0xBE, 0x01, 0xBA, 0xC6, 0xDA, 0xC6, 0x81, 0xBA, 0xC6, 0x00, 0xBA,
    0xBE, 0x84, 0x9A, 0xBE, 0x00, 0xBA, 0xBE, 0x82, 0x9A, 0xBE, 0x83, 0xBA, 0xBE, 0x84, 0x9A, 0xBE,
    0x82, 0x7A, 0xBE, 0x81, 0x9A, 0xBE, 0x00, 0xBA, 0xBE, 0x82, 0xBA, 0xC6, 0x01, 0xBA, 0xBE, 0xBA,
    0xC6, 0x82, 0xBA, 0xBE, 0x00, 0xBA, 0xC6, 0x81, 0xDA, 0xC6, 0x81, 0xBA, 0xC6, 0x00, 0xBA, 0xBE,
    0x83, 0x9A, 0xBE, 0x00, 0xBA, 0xBE, 0x83, 0x9A, 0xBE, 0x82, 0xBA, 0xBE, 0x84, 0x9A, 0xBE, 0x82,
    0x7A, 0xBE, 0x81, 0x9A, 0xBE, 0x81, 0xBA, 0xBE, 0x81, 0xBA, 0xC6, 0x01, 0xBA, 0xBE, 0xBA, 0xC6,
    0x82, 0xBA, 0xBE, 0x00, 0xBA, 0xC6, 0x81, 0xDA, 0xC6, 0x81, 0xBA, 0xC6, 0x00, 0xBA, 0xBE, 0x83,
    0x9A, 0xBE, 0x00, 0xBA, 0xBE, 0x83, 0x9A, 0xBE, 0x82, 0xBA, 0xBE, 0x81, 0x9A, 0xBE, 0x00, 0xBA,
    0xBE, 0x83, 0x9A, 0xBE, 0x00, 0x7A, 0xBE, 0x84, 0x9A, 0xBE, 0x02, 0xBA, 0xBE, 0x9A, 0xBE, 0xBA,
    0xBE, 0x8B, 0x9A, 0xBE, 0x00, 0xBA, 0xBE, 0x82, 0x9A, 0xBE, 0x00, 0xBA, 0xBE, 0x81, 0x9A, 0xBE,
    0x00, 0xBA, 0xBE, 0x83, 0xBA, 0xC6, 0x84, 0x9A, 0xBE, 0x00, 0x7A, 0xBE, 0x83, 0x9A, 0xBE, 0x01,
    0xBA, 0xBE, 0x9A, 0xBE, 0x81, 0xBA, 0xBE, 0x8A, 0x9A, 0xBE, 0x81, 0xBA, 0xBE, 0x84, 0x9A, 0xBE,
    0x81, 0xBA, 0xBE, 0x82, 0xBA, 0xC6, 0x84, 0x9A, 0xBE, 0x00, 0x7A, 0xBE, 0x83, 0x9A, 0xBE, 0x81,
    0xBA, 0xBE, 0x01, 0x9A, 0xBE, 0xBA, 0xBE, 0x8A, 0x9A, 0xBE, 0x81, 0xBA, 0xBE, 0x84, 0x9A, 0xBE,
    0x81, 0xBA, 0xBE, 0x82, 0xBA, 0xC6, 0x00, 0xBA, 0xBE, 0x83, 0x9A, 0xBE, 0x00, 0x7A, 0xBE, 0x83,
    0x9A, 0xBE, 0x81, 0xBA, 0xBE, 0x01, 0x9A, 0xBE, 0xBA, 0xBE, 0x81, 0x9A, 0xBE, 0x01, 0xBA, 0xC6,
    0xBA, 0xBE, 0x82, 0x9A, 0xBE, 0x01, 0x7A, 0xB6, 0x7A, 0xBE, 0x81, 0x9A, 0xBE, 0x82, 0xBA, 0xBE,
    0x01, 0x9A, 0xBE, 0xBA, 0xBE, 0x81, 0x9A, 0xBE, 0x82, 0xBA, 0xBE, 0x81, 0xBA, 0xC6, 0x84, 0x9A,
    0xBE, 0x00, 0xBA, 0xBE, 0x83, 0x9A, 0xBE, 0x81, 0xBA, 0xBE, 0x84, 0xBA, 0xC6, 0x00, 0xBA, 0xBE,
    0x82, 0x9A, 0xBE, 0x81, 0x7A, 0xBE, 0x81, 0x9A, 0xBE, 0x82, 0xBA, 0xBE, 0x83, 0x9A, 0xBE, 0x82,
    0xBA, 0xBE, 0x81, 0xBA, 0xC6, 0x00, 0xBA, 0xBE, 0x83, 0x9A, 0xBE, 0x00, 0xBA, 0xBE, 0x83, 0x9A,
    0xBE, 0x81, 0xBA, 0xBE, 0x82, 0xBA, 0xC6, 0x00, 0xBA, 0xBE, 0x81, 0xBA, 0xC6, 0x82, 0x9A, 0xBE,
    0x01, 0x7A, 0xBE, 0x7A, 0xB6, 0x82, 0x9A, 0xBE, 0x81, 0xBA, 0xBE, 0x84, 0x9A, 0xBE, 0x82, 0xBA,
    0xBE, 0x01, 0xBA, 0xC6, 0xBA, 0xBE, 0x83, 0x9A, 0xBE, 0x00, 0xBA, 0xBE, 0x83, 0x9A, 0xBE, 0x82,
    0xBA, 0xBE, 0x81, 0xBA, 0xC6, 0x00, 0xBA, 0xBE, 0x81, 0xBA, 0xC6, 0x00, 0xBA, 0xBE, 0x81, 0x9A,
    0xBE, 0x01, 0x7A, 0xBE, 0x7A, 0xB6, 0x82, 0x9A, 0xBE, 0x82, 0xBA, 0xBE, 0x01, 0x9A, 0xBE, 0xBA,
    0xBE, 0x81, 0x9A, 0xBE, 0x00, 0xBA, 0xBE, 0x85, 0x9A, 0xBE, 0x85, 0xBA, 0xBE, 0x82, 0x9A, 0xBE,
    0x82, 0xBA, 0xC6, 0x02, 0xDA, 0xC6, 0xBA, 0xC6, 0xBA, 0xBE, 0x81, 0x9A, 0xBE, 0x82, 0xBA, 0xC6,
    0x82, 0x9A, 0xBE, 0x82, 0xBA, 0xC6, 0x01, 0xDA, 0xC6, 0xBA, 0xC6, 0x82, 0xBA, 0xBE, 0x86, 0x9A,
    0xBE, 0x83, 0xBA, 0xBE, 0x83, 0x9A, 0xBE, 0x85, 0xBA, 0xC6, 0x01, 0xBA, 0xBE, 0x9A, 0xBE, 0x82,
    0xBA, 0xC6, 0x00, 0xBA, 0xBE, 0x81, 0x9A, 0xBE, 0x00, 0xBA, 0xBE, 0x81, 0xBA, 0xC6, 0x01, 0xDA,
    0xC6, 0xBA, 0xC6, 0x83, 0xBA, 0xBE, 0x85, 0x9A, 0xBE, 0x83, 0xBA, 0xBE, 0x83, 0x9A, 0xBE, 0x00,
    0xBA, 0xBE, 0x84, 0xBA, 0xC6, 0x02, 0xBA, 0xBE, 0x9A, 0xBE, 0xBA, 0xBE, 0x82, 0xBA, 0xC6, 0x81,
    0x9A, 0xBE, 0x00, 0xBA, 0xBE, 0x82, 0xBA, 0xC6, 0x01, 0xDA, 0xC6, 0xBA, 0xC6, 0x82, 0xBA, 0xBE,
    0x85, 0x9A, 0xBE, 0x85, 0xBA, 0xBE, 0x81, 0x9A, 0xBE, 0x01, 0xBA, 0xBE, 0x7A, 0xBE, 0x81, 0x9A,
    0xBE, 0x00, 0xBA, 0xBE, 0x83, 0x9A, 0xBE, 0x81, 0xBA, 0xBE, 0x84, 0x9A, 0xBE, 0x81, 0xBA, 0xC6,
    0x82, 0xDA, 0xC6, 0x81, 0xBA, 0xC6, 0x01, 0xBA, 0xBE, 0x9A, 0xBE, 0x82, 0xBA, 0xC6, 0x02, 0xBA,
    0xBE, 0x9A, 0xBE, 0xBA, 0xBE, 0x81, 0xDA, 0xC6, 0x83, 0xBA, 0xC6, 0x00, 0x9A, 0xBE, 0x81, 0x7A,
    0xBE, 0x85, 0x9A, 0xBE, 0x81, 0xBA, 0xBE, 0x84, 0x9A, 0xBE, 0x01, 0xBA, 0xBE, 0xBA, 0xC6, 0x82,
    0xDA, 0xC6, 0x82, 0xBA, 0xC6, 0x01, 0x9A, 0xBE, 0xBA, 0xBE, 0x82, 0xBA, 0xC6, 0x81, 0x9A, 0xBE,
    0x00, 0xBA, 0xC6, 0x81, 0xDA, 0xC6, 0x82, 0xBA, 0xC6, 0x02, 0xBA, 0xBE, 0x9A, 0xBE, 0x7A, 0xBE,
    0x86, 0x9A, 0xBE, 0x00, 0xBA, 0xBE, 0x85, 0x9A, 0xBE, 0x81, 0xBA, 0xC6, 0x81, 0xDA, 0xC6, 0x82,
    0xBA, 0xC6, 0x81, 0x9A, 0xBE, 0x82, 0xBA, 0xC6, 0x81, 0x9A, 0xBE, 0x00, 0xBA, 0xC6, 0x81, 0xDA,
    0xC6, 0x83, 0xBA, 0xC6, 0x01, 0x9A, 0xBE, 0x7A, 0xBE, 0x81, 0x9A, 0xBE, 0x00, 0xBA, 0xBE, 0x83,
    0x9A, 0xBE, 0x81, 0xBA, 0xBE, 0x84, 0x9A, 0xBE, 0x00, 0xBA, 0xC6, 0x81, 0x7A, 0xBE, 0x03, 0x9A,
    0xBE, 0xBA, 0xC6, 0x9A, 0xBE, 0x7A, 0xBE, 0x86, 0x9A, 0xBE, 0x01, 0x7A, 0xBE, 0x9A, 0xBE, 0x81,
    0xBA, 0xC6, 0x84, 0xDA, 0xC6, 0x00, 0xBA, 0xC6, 0x81, 0x9A, 0xBE, 0x00, 0xBA, 0xBE, 0x81, 0xBA,
    0xC6, 0x00, 0xBA, 0xBE, 0x85, 0xBA, 0xC6, 0x81, 0x9A, 0xBE, 0x81, 0x7A, 0xBE, 0x03, 0x9A, 0xBE,
    0xBA, 0xC6, 0x9A, 0xBE, 0x7A, 0xBE, 0x88, 0x9A, 0xBE, 0x81, 0xBA, 0xC6, 0x82, 0xDA, 0xC6, 0x00,
    0xBA, 0xC6, 0x81, 0xDA, 0xC6, 0x02, 0xBA, 0xBE, 0x9A, 0xBE, 0xBA, 0xBE, 0x81, 0xBA, 0xC6, 0x00,
    0xBA, 0xBE, 0x85, 0xBA, 0xC6, 0x00, 0xBA, 0xBE, 0x81, 0x9A, 0xBE, 0x04, 0x7A, 0xBE, 0x9A, 0xBE,
    0xBA, 0xC6, 0xBA, 0xBE, 0x7A, 0xBE, 0x88, 0x9A, 0xBE, 0x00, 0xBA, 0xBE, 0x81, 0xBA, 0xC6, 0x81,
    0xDA, 0xC6, 0x00, 0xBA, 0xC6, 0x81, 0xDA, 0xC6, 0x02, 0xBA, 0xBE, 0x9A, 0xBE, 0xBA, 0xBE, 0x82,
    0xBA, 0xC6, 0x00, 0xBA, 0xBE, 0x84, 0xBA, 0xC6, 0x00, 0xBA, 0xBE, 0x81, 0x9A, 0xBE, 0x81, 0x7A,
    0xBE, 0x03, 0xBA, 0xBE, 0xBA, 0xC6, 0x9A, 0xBE, 0x7A, 0xBE, 0x86, 0x9A, 0xBE, 0x06, 0x7A, 0xBE,
    0x9A, 0xBE, 0xBA, 0xC6, 0x7A, 0xBE, 0x9A, 0xBE, 0xBA, 0xBE, 0xBA, 0xC6, 0x84, 0x9A, 0xBE, 0x00,
    0xBA, 0xBE, 0x81, 0xBA, 0xC6, 0x81, 0x9A, 0xBE, 0x00, 0xBA, 0xBE, 0x81, 0xBA, 0xC6, 0x84, 0xDA,
    0xC6, 0x81, 0xBA, 0xC6, 0x82, 0xBA, 0xBE, 0x00, 0xBA, 0xC6, 0x83, 0xBA, 0xBE, 0x81, 0xBA, 0xC6,
    0x81, 0x9A, 0xBE, 0x81, 0x7A, 0xBE, 0x03, 0x9A, 0xBE, 0xBA, 0xBE, 0xBA, 0xC6, 0xBA, 0xBE, 0x84,
    0x9A, 0xBE, 0x02, 0xBA, 0xBE, 0xBA, 0xC6, 0xBA, 0xBE, 0x81, 0x9A, 0xBE, 0x81, 0xBA, 0xC6, 0x85,
    0xDA, 0xC6, 0x00, 0xBA, 0xC6, 0x82, 0xBA, 0xBE, 0x81, 0xBA, 0xC6, 0x82, 0xBA, 0xBE, 0x81, 0xBA,
    0xC6, 0x01, 0xBA, 0xBE, 0x9A, 0xBE, 0x81, 0x7A, 0xBE, 0x81, 0x9A, 0xBE, 0x81, 0xBA, 0xC6, 0x84,
    0x9A, 0xBE, 0x00, 0xBA, 0xBE, 0x81, 0xBA, 0xC6, 0x81, 0x9A, 0xBE, 0x00, 0xBA, 0xBE, 0x81, 0xBA,
    0xC6, 0x84, 0xDA, 0xC6, 0x00, 0xBA, 0xC6, 0x81, 0xBA, 0xBE, 0x02, 0x9A, 0xBE, 0xBA, 0xBE, 0xBA,
    0xC6, 0x82, 0xBA, 0xBE, 0x81, 0xBA, 0xC6, 0x01, 0xBA, 0xBE, 0x9A, 0xBE, 0x81, 0x7A, 0xBE, 0x81,
    0x9A, 0xBE, 0x81, 0xBA, 0xC6, 0x84, 0x9A, 0xBE, 0x00, 0xBA, 0xBE, 0x81, 0xBA, 0xC6, 0x81, 0x9A,
    0xBE, 0x03, 0xBA, 0xBE, 0xBA, 0xC6, 0x7A, 0xBE, 0xBA, 0xBE, 0x82, 0xBA, 0xC6, 0x00, 0xBA, 0xBE,
    0x81, 0x9A, 0xBE, 0x00, 0xBA, 0xBE, 0x82, 0xBA, 0xC6, 0x82, 0xBA, 0xBE, 0x81, 0xBA, 0xC6, 0x82,
    0xDA, 0xC6, 0x83, 0xBA, 0xC6, 0x01, 0xBA, 0xBE, 0x9A, 0xBE, 0x81, 0xBA, 0xBE, 0x02, 0x9A, 0xBE,
    0x7A, 0xBE, 0x9A, 0xBE, 0x81, 0xBA, 0xC6, 0x81, 0x9A, 0xBE, 0x00, 0x7A, 0xBE, 0x81, 0x7B, 0xB6,
    0x04, 0x9A, 0xBE, 0xBA, 0xC6, 0xDA, 0xC6, 0xBA, 0xC6, 0xBA, 0xBE, 0x82, 0x9A, 0xBE, 0x81, 0xBA,
    0xC6, 0x01, 0xDA, 0xC6, 0xBA, 0xC6, 0x81, 0xBA, 0xBE, 0x81, 0xBA, 0xC6, 0x83, 0xDA, 0xC6, 0x82,
    0xBA, 0xC6, 0x00, 0xBA, 0xBE, 0x81, 0x9A, 0xBE, 0x03, 0xBA, 0xBE, 0x9A, 0xBE, 0x7A, 0xBE, 0x9A,
    0xBE, 0x81, 0xBA, 0xC6, 0x02, 0xBA, 0xBE, 0x9A, 0xBE, 0x7A, 0xBE, 0x81, 0x7B, 0xB6, 0x02, 0x9A,
    0xBE, 0xBA, 0xC6, 0xDA, 0xC6, 0x81, 0xBA, 0xC6, 0x82, 0x9A, 0xBE, 0x03, 0xBA, 0xBE, 0xBA, 0xC6,
    0xDA, 0xC6, 0xBA, 0xC6, 0x81, 0xBA, 0xBE, 0x81, 0xBA, 0xC6, 0x83, 0xDA, 0xC6, 0x83, 0xBA, 0xC6,
    0x01, 0xBA, 0xBE, 0x9A, 0xBE, 0x81, 0xBA, 0xBE, 0x02, 0x9A, 0xBE, 0x7A, 0xBE, 0x9A, 0xBE, 0x81,
    0xBA, 0xC6, 0x01, 0x9A, 0xBE, 0x7A, 0xBE, 0x81, 0x7B, 0xB6, 0x02, 0x7A, 0xBE, 0xBA, 0xBE, 0xDA,
    0xC6, 0x81, 0xBA, 0xC6, 0x82, 0x9A, 0xBE, 0x00, 0xBA, 0xBE, 0x82, 0xBA, 0xC6, 0x81, 0xBA, 0xBE,
    0x81, 0xBA, 0xC6, 0x02, 0x7A, 0xBE, 0xBA, 0xC6, 0xDA, 0xC6, 0x82, 0xBA, 0xC6, 0x81, 0xBA, 0xBE,
    0x81, 0xBA, 0xC6, 0x81, 0xDA, 0xC6, 0x83, 0xBA, 0xC6, 0x81, 0xDA, 0xC6, 0x84, 0xBA, 0xC6, 0x0A,
    0xBA, 0xBE, 0x9A, 0xBE, 0x7A, 0xBE, 0xBA, 0xBE, 0xBA, 0xC6, 0x9A, 0xBE, 0x7B, 0xB6, 0x9A, 0xBE,
    0xBA, 0xC6, 0xBA, 0xBE, 0x9A, 0xBE, 0x81, 0x7A, 0xBE, 0x81, 0x7B, 0xB6, 0x00, 0xBA, 0xBE, 0x81,
    0xDA, 0xC6, 0x81, 0xBA, 0xC6, 0x82, 0xBA, 0xBE, 0x81, 0xBA, 0xC6, 0x00, 0xDA, 0xC6, 0x83, 0xBA,
    0xC6, 0x82, 0xDA, 0xC6, 0x84, 0xBA, 0xC6, 0x06, 0x9A, 0xBE, 0x7A, 0xBE, 0x9A, 0xBE, 0xBA, 0xC6,
    0x9A, 0xBE, 0x7B, 0xB6, 0x9A, 0xBE, 0x81, 0xBA, 0xC6, 0x00, 0x9A, 0xBE, 0x81, 0x7A, 0xBE, 0x81,
    0x7B, 0xB6, 0x00, 0x9A, 0xBE, 0x81, 0xDA, 0xC6, 0x81, 0xBA, 0xC6, 0x82, 0xBA, 0xBE, 0x81, 0xBA,
    0xC6, 0x81, 0xDA, 0xC6, 0x82, 0xBA, 0xC6, 0x82, 0xDA, 0xC6, 0x84, 0xBA, 0xC6, 0x04, 0x9A, 0xBE,
    0x7A, 0xBE, 0x9A, 0xBE, 0xBA, 0xC6, 0x9A, 0xBE, 0x81, 0x7A, 0xBE, 0x02, 0xBA, 0xBE, 0xBA, 0xC6,
    0x9A, 0xBE, 0x81, 0x7A, 0xBE, 0x04, 0x7A, 0xB6, 0x5B, 0xB6, 0x9A, 0xBE, 0xBA, 0xC6, 0xDA, 0xC6,
    0x82, 0xBA, 0xC6, 0x81, 0xBA, 0xBE, 0x81, 0xBA, 0xC6, 0x81, 0xDA, 0xC6, 0x83, 0xBA, 0xC6, 0x01,
    0x9A, 0xBE, 0xBA, 0xC6, 0x81, 0xDA, 0xC6, 0x81, 0xBA, 0xC6, 0x81, 0x9A, 0xBE, 0x81, 0xBA, 0xC6,
    0x81, 0xDA, 0xC6, 0x01, 0xBA, 0xC6, 0xBA, 0xBE, 0x81, 0xBA, 0xC6, 0x04, 0xDA, 0xC6, 0xBA, 0xC6,
    0x9A, 0xBE, 0xBA, 0xC6, 0xDA, 0xC6, 0x82, 0xBA, 0xC6, 0x82, 0x9A, 0xBE, 0x81, 0xBA, 0xBE, 0x01,
    0x9A, 0xBE, 0xBA, 0xBE, 0x81, 0x9A, 0xBE, 0x81, 0x7B, 0xB6, 0x03, 0x7A, 0xB6, 0x7A, 0xBE, 0x9A,
    0xBE, 0xBA, 0xC6, 0x81, 0xDA, 0xC6, 0x00, 0xBA, 0xC6, 0x81, 0xBA, 0xBE, 0x00, 0x9A, 0xBE, 0x81,
    0xBA, 0xBE, 0x82, 0xDA, 0xC6, 0x02, 0xBA, 0xC6, 0xBA, 0xBE, 0xBA, 0xC6, 0x81, 0xDA, 0xC6, 0x01,
    0x9A, 0xBE, 0xBA, 0xBE, 0x83, 0xBA, 0xC6, 0x82, 0x9A, 0xBE, 0x81, 0xBA, 0xBE, 0x00, 0x9A, 0xBE,
    0x81, 0xBA, 0xBE, 0x01, 0x9A, 0xBE, 0x7A, 0xBE, 0x81, 0x7B, 0xB6, 0x02, 0x7A, 0xBE, 0x9A, 0xBE,
    0xBA, 0xBE, 0x81, 0xDA, 0xC6, 0x81, 0xBA, 0xC6, 0x03, 0xBA, 0xBE, 0x9A, 0xBE, 0xBA, 0xBE, 0xBA,
    0xC6, 0x82, 0xDA, 0xC6, 0x01, 0xBA, 0xC6, 0xBA, 0xBE, 0x81, 0xBA, 0xC6, 0x00, 0xDA, 0xC6, 0x81,
    0xBA, 0xBE, 0x01, 0xBA, 0xC6, 0xDA, 0xC6, 0x81, 0xBA, 0xC6, 0x00, 0xBA, 0xBE, 0x81, 0x9A, 0xBE,
    0x81, 0xBA, 0xBE, 0x00, 0x9A, 0xBE, 0x81, 0xBA, 0xBE, 0x01, 0x9A, 0xBE, 0x7A, 0xBE, 0x81, 0x7B,
    0xB6, 0x00, 0x7A, 0xBE, 0x81, 0x9A, 0xBE, 0x00, 0xBA, 0xC6, 0x81, 0xDA, 0xC6, 0x81, 0xBA, 0xC6,
    0x81, 0x9A, 0xBE, 0x81, 0xBA, 0xC6, 0x81, 0xDA, 0xC6, 0x01, 0xBA, 0xC6, 0xBA, 0xBE, 0x83, 0xBA,
    0xC6, 0x81, 0xDA, 0xC6, 0x00, 0xBA, 0xC6, 0x83, 0xBA, 0xBE, 0x81, 0x9A, 0xBE, 0x00, 0xBA, 0xBE,
    0x81, 0xBA, 0xC6, 0x00, 0xBA, 0xBE, 0x82, 0xBA, 0xC6, 0x01, 0x9A, 0xBE, 0xBA, 0xBE, 0x81, 0xDA,
    0xC6, 0x81, 0xBA, 0xC6, 0x83, 0xBA, 0xBE, 0x02, 0xBA, 0xC6, 0xBA, 0xBE, 0x9A, 0xBE, 0x81, 0x7A,
    0xBE, 0x81, 0x5B, 0xB6, 0x02, 0x7B, 0xB6, 0x9A, 0xBE, 0xBA, 0xBE, 0x81, 0xBA, 0xC6, 0x01, 0xDA,
    0xC6, 0xBA, 0xC6, 0x83, 0xBA, 0xBE, 0x82, 0x9A, 0xBE, 0x81, 0xBA, 0xC6, 0x81, 0xBA, 0xBE, 0x81,
    0xBA, 0xC6, 0x81, 0x9A, 0xBE, 0x82, 0xDA, 0xC6, 0x00, 0xBA, 0xC6, 0x83, 0xBA, 0xBE, 0x81, 0xBA,
    0xC6, 0x81, 0x9A, 0xBE, 0x05, 0x7A, 0xBE, 0x7B, 0xB6, 0x5B, 0xB6, 0x7B, 0xB6, 0x9A, 0xBE, 0xBA,
    0xBE, 0x81, 0xBA, 0xC6, 0x01, 0xDA, 0xC6, 0xBA, 0xC6, 0x82, 0xBA, 0xBE, 0x83, 0x9A, 0xBE, 0x81,
    0xBA, 0xC6, 0x81, 0xBA, 0xBE, 0x01, 0xBA, 0xC6, 0xDA, 0xC6, 0x81, 0x9A, 0xBE, 0x00, 0xBA, 0xC6,
    0x81, 0xDA, 0xC6, 0x00, 0xBA, 0xC6, 0x83, 0xBA, 0xBE, 0x81, 0xBA, 0xC6, 0x81, 0x9A, 0xBE, 0x01,
    0x7A, 0xBE, 0x7A, 0xB6, 0x81, 0x5B, 0xB6, 0x81, 0x9A, 0xBE, 0x81, 0xBA, 0xC6, 0x81, 0xDA, 0xC6,
    0x00, 0xBA, 0xC6, 0x81, 0xBA, 0xBE, 0x01, 0x9A, 0xBE, 0xBA, 0xBE, 0x81, 0x9A, 0xBE, 0x82, 0xBA,
    0xC6, 0x01, 0xBA, 0xBE, 0xBA, 0xC6, 0x81, 0xBA, 0xBE, 0x81, 0xBA, 0xC6, 0x81, 0xBA, 0xBE, 0x82,
    0xBA, 0xC6, 0x02, 0x7A, 0xB6, 0x7B, 0xB6, 0x9A, 0xBE, 0x81, 0xBA, 0xC6, 0x81, 0xBA, 0xBE, 0x03,
    0xBA, 0xC6, 0xBA, 0xBE, 0x9A, 0xBE, 0xBA, 0xC6, 0x81, 0xDA, 0xC6, 0x81, 0xBA, 0xC6, 0x00, 0xBA,
    0xBE, 0x83, 0xBA, 0xC6, 0x07, 0x9A, 0xBE, 0x7A, 0xBE, 0x7A, 0xB6, 0x7A, 0xBE, 0x7A, 0xB6, 0x5B,
    0xB6, 0x7A, 0xBE, 0x9A, 0xBE, 0x81, 0xBA, 0xBE, 0x82, 0xBA, 0xC6, 0x00, 0xBA, 0xBE, 0x81, 0xBA,
    0xC6, 0x04, 0xDA, 0xC6, 0x7A, 0xBE, 0x7B, 0xB6, 0x7A, 0xBE, 0xBA, 0xBE, 0x81, 0xBA, 0xC6, 0x00,
    0x9A, 0xBE, 0x81, 0xBA, 0xC6, 0x01, 0x9A, 0xBE, 0xBA, 0xC6, 0x82, 0xDA, 0xC6, 0x01, 0xBA, 0xC6,
    0xBA, 0xBE, 0x83, 0xBA, 0xC6, 0x81, 0x9A, 0xBE, 0x00, 0x7A, 0xB6, 0x81, 0x7A, 0xBE, 0x02, 0x5B,
    0xB6, 0x7A, 0xB6, 0x9A, 0xBE, 0x81, 0xBA, 0xBE, 0x82, 0xBA, 0xC6, 0x81, 0xBA, 0xBE, 0x05, 0xBA,
    0xC6, 0xDA, 0xC6, 0x9A, 0xBE, 0x7B, 0xB6, 0x7A, 0xBE, 0xBA, 0xBE, 0x81, 0xBA, 0xC6, 0x04, 0x9A,
    0xBE, 0xBA, 0xBE, 0xBA, 0xC6, 0x9A, 0xBE, 0xBA, 0xBE, 0x82, 0xDA, 0xC6, 0x01, 0xBA, 0xC6, 0xBA,
    0xBE, 0x83, 0xBA, 0xC6, 0x07, 0xBA, 0xBE, 0x9A, 0xBE, 0x7A, 0xBE, 0x7A, 0xB6, 0x7A, 0xBE, 0x5B,
    0xB6, 0x7B, 0xB6, 0x9A, 0xBE, 0x82, 0xBA, 0xBE, 0x81, 0xBA, 0xC6, 0x81, 0xBA, 0xBE, 0x02, 0xBA,
    0xC6, 0xDA, 0xC6, 0xBA, 0xBE, 0x81, 0x7B, 0xB6, 0x00, 0x9A, 0xBE, 0x81, 0xBA, 0xC6, 0x01, 0x9A,
    0xBE, 0xBA, 0xBE, 0x81, 0x9A, 0xBE, 0x01, 0xBA, 0xBE, 0xBA, 0xC6, 0x81, 0x9A, 0xBE, 0x81, 0xBA,
    0xC6, 0x03, 0x9A, 0xBE, 0x7A, 0xB6, 0x7B, 0xB6, 0x9A, 0xBE, 0x82, 0xBA, 0xC6, 0x00, 0xBA, 0xBE,
    0x81, 0xBA, 0xC6, 0x01, 0xBA, 0xBE, 0xBA, 0xC6, 0x82, 0xDA, 0xC6, 0x00, 0xBA, 0xC6, 0x81, 0xBA,
    0xBE, 0x82, 0xBA, 0xC6, 0x83, 0x9A, 0xBE, 0x03, 0x7A, 0xBE, 0x7A, 0xB6, 0x9A, 0xBE, 0xBA, 0xBE,
    0x82, 0x9A, 0xBE, 0x08, 0xBA, 0xC6, 0xBA, 0xBE, 0x9A, 0xBE, 0xBA, 0xBE, 0xBA, 0xC6, 0xBA, 0xBE,
    0x7A, 0xBE, 0x7B, 0xB6, 0x9A, 0xBE, 0x82, 0xBA, 0xC6, 0x81, 0xBA, 0xBE, 0x02, 0xBA, 0xC6, 0xBA,
    0xBE, 0xBA, 0xC6, 0x82, 0xDA, 0xC6, 0x00, 0xBA, 0xC6, 0x81, 0xBA, 0xBE, 0x82, 0xBA, 0xC6, 0x84,
    0x9A, 0xBE, 0x03, 0x7A, 0xB6, 0x7A, 0xBE, 0x9A, 0xBE, 0xBA, 0xBE, 0x81, 0x9A, 0xBE, 0x81, 0xBA,
    0xC6, 0x81, 0x9A, 0xBE, 0x81, 0xBA, 0xC6, 0x02, 0x9A, 0xBE, 0x7B, 0xB6, 0x7A, 0xBE, 0x82, 0xBA,
    0xC6, 0x81, 0xBA, 0xBE, 0x02, 0xBA, 0xC6, 0xBA, 0xBE, 0xBA, 0xC6, 0x82, 0xDA, 0xC6, 0x81, 0xBA,
    0xC6, 0x00, 0xBA, 0xBE, 0x82, 0xBA, 0xC6, 0x00, 0xBA, 0xBE, 0x83, 0x9A, 0xBE, 0x81, 0x7A, 0xBE,
    0x01, 0x9A, 0xBE, 0xBA, 0xBE, 0x81, 0x9A, 0xBE, 0x01, 0xBA, 0xBE, 0xBA, 0xC6, 0x81, 0x9A, 0xBE,
    0x81, 0xBA, 0xC6, 0x03, 0x9A, 0xBE, 0x7B, 0xB6, 0x7A, 0xB6, 0x9A, 0xBE, 0x82, 0xBA, 0xC6, 0x02,
    0xBA, 0xBE, 0x9A, 0xBE, 0xBA, 0xBE, 0x81, 0x9A, 0xBE, 0x07, 0x7A, 0xBE, 0x9A, 0xBE, 0xBA, 0xBE,
    0xBA, 0xC6, 0xBA, 0xBE, 0x7A, 0xBE, 0x7A, 0xB6, 0x9A, 0xBE, 0x86, 0xBA, 0xC6, 0x00, 0xDA, 0xC6,
    0x83, 0xBA, 0xC6, 0x00, 0xBA, 0xBE, 0x8A, 0x9A, 0xBE, 0x01, 0xBA, 0xBE, 0x9A, 0xBE, 0x82, 0xBA,
    0xBE, 0x02, 0x9A, 0xBE, 0x7A, 0xBE, 0x9A, 0xBE, 0x81, 0xBA, 0xC6, 0x03, 0x9A, 0xBE, 0x7A, 0xB6,
    0x9A, 0xBE, 0xBA, 0xBE, 0x85, 0xBA, 0xC6, 0x81, 0xDA, 0xC6, 0x82, 0xBA, 0xC6, 0x00, 0xBA, 0xBE,
    0x8A, 0x9A, 0xBE, 0x82, 0xBA, 0xBE, 0x00, 0xBA, 0xC6, 0x81, 0x9A, 0xBE, 0x01, 0x7A, 0xBE, 0x9A,
    0xBE, 0x81, 0xBA, 0xC6, 0x00, 0x9A, 0xBE, 0x81, 0x7A, 0xBE, 0x00, 0x9A, 0xBE, 0x85, 0xBA, 0xC6,
    0x81, 0xDA, 0xC6, 0x83, 0xBA, 0xC6, 0x8A, 0x9A, 0xBE, 0x81, 0xBA, 0xBE, 0x01, 0x9A, 0xBE, 0xBA,
    0xC6, 0x81, 0x9A, 0xBE, 0x01, 0x7A, 0xBE, 0x9A, 0xBE, 0x81, 0xBA, 0xC6, 0x00, 0xBA, 0xBE, 0x81,
    0x7A, 0xBE, 0x00, 0x9A, 0xBE, 0x83, 0xBA, 0xC6, 0x00, 0xBA, 0xBE, 0x82, 0x9A, 0xBE, 0x00, 0x7A,
    0xBE, 0x81, 0x9A, 0xBE, 0x03, 0xBA, 0xC6, 0xBA, 0xBE, 0x9A, 0xBE, 0x7A, 0xBE, 0x81, 0x9A, 0xBE,
    0x84, 0xBA, 0xC6, 0x81, 0xDA, 0xC6, 0x00, 0xBA, 0xC6, 0x81, 0xBA, 0xBE, 0x81, 0xBA, 0xC6, 0x01,
    0xBA, 0xBE, 0x9A, 0xBE, 0x81, 0x7A, 0xBE, 0x02, 0x7B, 0xB6, 0x7A, 0xBE, 0x9A, 0xBE, 0x81, 0xBA,
    0xBE, 0x03, 0x9A, 0xBE, 0xBA, 0xBE, 0xBA, 0xC6, 0xBA, 0xBE, 0x85, 0x9A, 0xBE, 0x81, 0xBA, 0xC6,
    0x00, 0x9A, 0xBE, 0x81, 0x7A, 0xBE, 0x01, 0x9A, 0xBE, 0xBA, 0xBE, 0x84, 0xBA, 0xC6, 0x00, 0xDA,
    0xC6, 0x81, 0xBA, 0xC6, 0x04, 0xBA, 0xBE, 0xBA, 0xC6, 0xDA, 0xC6, 0xBA, 0xBE, 0x9A, 0xBE, 0x81,
    0x7A, 0xBE, 0x81, 0x7A, 0xB6, 0x02, 0x9A, 0xBE, 0xBA, 0xBE, 0xBA, 0xC6, 0x81, 0x9A, 0xBE, 0x00,
    0xBA, 0xC6, 0x81, 0xBA, 0xBE, 0x82, 0x9A, 0xBE, 0x04, 0x7A, 0xBE, 0x9A, 0xBE, 0xBA, 0xBE, 0xBA,
    0xC6, 0x9A, 0xBE, 0x81, 0x7A, 0xBE, 0x01, 0x9A, 0xBE, 0xBA, 0xBE, 0x84, 0xBA, 0xC6, 0x00, 0xDA,
    0xC6, 0x81, 0xBA, 0xC6, 0x03, 0xBA, 0xBE, 0xBA, 0xC6, 0xDA, 0xC6, 0xBA, 0xC6, 0x81, 0x9A, 0xBE,
    0x81, 0x7A, 0xBE, 0x00, 0x7A, 0xB6, 0x81, 0x9A, 0xBE, 0x00, 0xBA, 0xC6, 0x81, 0x9A, 0xBE, 0x00,
    0xBA, 0xC6, 0x81, 0xBA, 0xBE, 0x82, 0x9A, 0xBE, 0x04, 0x7A, 0xBE, 0x9A, 0xBE, 0xBA, 0xBE, 0xBA,
    0xC6, 0xBA, 0xBE, 0x81, 0x7A, 0xBE, 0x81, 0x9A, 0xBE, 0x85, 0xBA, 0xC6, 0x00, 0xBA, 0xBE, 0x82,
    0x9A, 0xBE, 0x00, 0xBA, 0xBE, 0x83, 0x9A, 0xBE, 0x00, 0xBA, 0xBE, 0x82, 0xBA, 0xC6, 0x81, 0xBA,
    0xBE, 0x82, 0xBA, 0xC6, 0x81, 0xBA, 0xBE, 0x81, 0xDA, 0xC6, 0x01, 0xBA, 0xC6, 0x9A, 0xBE, 0x81,
    0x7B, 0xB6, 0x05, 0x7A, 0xB6, 0x9A, 0xBE, 0xBA, 0xBE, 0xBA, 0xC6, 0xBA, 0xBE, 0x9A, 0xBE, 0x81,
    0xBA, 0xBE, 0x83, 0xBA, 0xC6, 0x83, 0x9A, 0xBE, 0x00, 0xBA, 0xBE, 0x82, 0x9A, 0xBE, 0x00, 0xBA,
    0xBE, 0x82, 0xBA, 0xC6, 0x81, 0xBA, 0xBE, 0x82, 0xBA, 0xC6, 0x81, 0xBA, 0xBE, 0x03, 0xBA, 0xC6,
    0xDA, 0xC6, 0xBA, 0xC6, 0x9A, 0xBE, 0x81, 0x7B, 0xB6, 0x06, 0x7A, 0xB6, 0x9A, 0xBE, 0xBA, 0xBE,
    0xBA, 0xC6, 0xBA, 0xBE, 0x9A, 0xBE, 0xBA, 0xBE, 0x84, 0xBA, 0xC6, 0x83, 0x9A, 0xBE, 0x00, 0xBA,
    0xBE, 0x82, 0x9A, 0xBE, 0x00, 0xBA, 0xBE, 0x83, 0xBA, 0xC6, 0x81, 0xBA, 0xBE, 0x81, 0xBA, 0xC6,
    0x81, 0xBA, 0xBE, 0x04, 0xBA, 0xC6, 0xDA, 0xC6, 0xBA, 0xC6, 0xBA, 0xBE, 0x7A, 0xBE, 0x81, 0x7B,
    0xB6, 0x07, 0x7A, 0xBE, 0x9A, 0xBE, 0xBA, 0xC6, 0xBA, 0xBE, 0x9A, 0xBE, 0xBA, 0xBE, 0xBA, 0xC6,
    0xBA, 0xBE, 0x82, 0xBA, 0xC6, 0x00, 0xBA, 0xBE, 0x82, 0x9A, 0xBE, 0x00, 0xBA, 0xBE, 0x83, 0x9A,
    0xBE, 0x00, 0xBA, 0xBE, 0x84, 0xBA, 0xC6, 0x01, 0xDA, 0xC6, 0xBA, 0xC6, 0x85, 0x9A, 0xBE, 0x81,
    0xBA, 0xBE, 0x81, 0xBA, 0xC6, 0x83, 0xBA, 0xBE, 0x86, 0xBA, 0xC6, 0x01, 0xBA, 0xBE, 0x9A, 0xBE,
    0x81, 0x7B, 0xB6, 0x83, 0x9A, 0xBE, 0x83, 0xBA, 0xBE, 0x81, 0xBA, 0xC6, 0x81, 0xDA, 0xC6, 0x85,
    0x9A, 0xBE, 0x81, 0xBA, 0xBE, 0x81, 0xBA, 0xC6, 0x83, 0xBA, 0xBE, 0x86, 0xBA, 0xC6, 0x01, 0xBA,
    0xBE, 0x9A, 0xBE, 0x81, 0x7B, 0xB6, 0x00, 0x7A, 0xBE, 0x83, 0x9A, 0xBE, 0x82, 0xBA, 0xBE, 0x81,
    0xBA, 0xC6, 0x81, 0xDA, 0xC6, 0x00, 0xBA, 0xBE, 0x84, 0x9A, 0xBE, 0x81, 0xBA, 0xBE, 0x81, 0xBA,
    0xC6, 0x83, 0xBA, 0xBE, 0x86, 0xBA, 0xC6, 0x06, 0xBA, 0xBE, 0x9A, 0xBE, 0x7A, 0xB6, 0x7B, 0xB6,
    0x7A, 0xB6, 0x9A, 0xBE, 0xBA, 0xBE, 0x81, 0x9A, 0xBE, 0x82, 0xBA, 0xBE, 0x82, 0xBA, 0xC6, 0x01,
    0xDA, 0xC6, 0xBA, 0xC6, 0x84, 0x9A, 0xBE, 0x81, 0xBA, 0xBE, 0x82, 0xBA, 0xC6, 0x81, 0xBA, 0xBE,
    0x81, 0xBA, 0xC6, 0x02, 0xDA, 0xC6, 0xBA, 0xBE, 0x9A, 0xBE, 0x81, 0x7A, 0xBE, 0x82, 0x9A, 0xBE,
    0x00, 0xBA, 0xBE, 0x82, 0xBA, 0xC6, 0x82, 0x9A, 0xBE, 0x00, 0xBA, 0xBE, 0x85, 0xBA, 0xC6, 0x02,
    0xBA, 0xBE, 0x9A, 0xBE, 0x7A, 0xBE, 0x81, 0x7B, 0xB6, 0x83, 0x9A, 0xBE, 0x01, 0xBA, 0xBE, 0xBA,
    0xC6, 0x81, 0xBA, 0xBE, 0x81, 0xBA, 0xC6, 0x02, 0xDA, 0xC6, 0xBA, 0xC6, 0x9A, 0xBE, 0x81, 0x7A,
    0xBE, 0x82, 0x9A, 0xBE, 0x00, 0xBA, 0xBE, 0x82, 0xBA, 0xC6, 0x00, 0xBA, 0xBE, 0x81, 0x9A, 0xBE,
    0x00, 0xBA, 0xBE, 0x85, 0xBA, 0xC6, 0x01, 0xBA, 0xBE, 0x9A, 0xBE, 0x81, 0x7A, 0xBE, 0x01, 0x7B,
    0xB6, 0x7A, 0xBE, 0x82, 0x9A, 0xBE, 0x01, 0xBA, 0xBE, 0xBA, 0xC6, 0x81, 0xBA, 0xBE, 0x81, 0xBA,
    0xC6, 0x02, 0xDA, 0xC6, 0xBA, 0xC6, 0x9A, 0xBE, 0x81, 0x7A, 0xBE, 0x82, 0x9A, 0xBE, 0x00, 0xBA,
    0xBE, 0x83, 0xBA, 0xC6, 0x82, 0x9A, 0xBE, 0x85, 0xBA, 0xC6, 0x01, 0xBA, 0xBE, 0x9A, 0xBE, 0x81,
    0x7A, 0xBE, 0x01, 0x7B, 0xB6, 0x7A, 0xB6, 0x83, 0x9A, 0xBE, 0x81, 0xBA, 0xC6, 0x81, 0xBA, 0xBE,
    0x82, 0xBA, 0xC6, 0x02, 0xBA, 0xBE, 0x9A, 0xBE, 0x7A, 0xBE, 0x83, 0x9A, 0xBE, 0x00, 0xBA, 0xBE,
    0x82, 0xBA, 0xC6, 0x81, 0x9A, 0xBE, 0x82, 0xBA, 0xBE, 0x89, 0x9A, 0xBE, 0x00, 0xBA, 0xC6, 0x81,
    0x9A, 0xBE, 0x85, 0xBA, 0xBE, 0x87, 0x9A, 0xBE, 0x00, 0xBA, 0xBE, 0x81, 0x9A, 0xBE, 0x86, 0xBA,
    0xBE, 0x89, 0x9A, 0xBE, 0x00, 0xBA, 0xC6, 0x82, 0x9A, 0xBE, 0x84, 0xBA, 0xBE, 0x87, 0x9A, 0xBE,
    0x00, 0xBA, 0xBE, 0x81, 0x9A, 0xBE, 0x87, 0xBA, 0xBE, 0x88, 0x9A, 0xBE, 0x81, 0xBA, 0xBE, 0x81,
    0x9A, 0xBE, 0x84, 0xBA, 0xBE, 0x88, 0x9A, 0xBE, 0x00, 0xBA, 0xBE, 0x81, 0x9A, 0xBE, 0x86, 0xBA,
    0xBE, 0x88, 0x9A, 0xBE, 0x01, 0xBA, 0xBE, 0xBA, 0xC6, 0x85, 0x9A, 0xBE, 0x82, 0xBA, 0xBE, 0x04,
    0x9A, 0xBE, 0xBA, 0xBE, 0xBA, 0xC6, 0xBA, 0xBE, 0x9A, 0xBE, 0x82, 0xBA, 0xBE, 0x81, 0xBA, 0xC6,
    0x00, 0xBA, 0xBE, 0x83, 0x9A, 0xBE, 0x81, 0x7A, 0xBE, 0x00, 0x9A, 0xBE, 0x81, 0xBA, 0xBE, 0x81,
    0x9A, 0xBE, 0x81, 0xBA, 0xBE, 0x81, 0x9A, 0xBE, 0x81, 0xBA, 0xBE, 0x81, 0xBA, 0xC6, 0x84, 0x9A,
    0xBE, 0x81, 0xBA, 0xBE, 0x02, 0x9A, 0xBE, 0xBA, 0xBE, 0xBA, 0xC6, 0x81, 0xBA, 0xBE, 0x00, 0x9A,
    0xBE, 0x81, 0xBA, 0xBE, 0x82, 0xBA, 0xC6, 0x83, 0x9A, 0xBE, 0x01, 0x7A, 0xBE, 0x7A, 0xB6, 0x81,
    0x9A, 0xBE, 0x00, 0xBA, 0xBE, 0x81, 0x9A, 0xBE, 0x01, 0xBA, 0xBE, 0xBA, 0xC6, 0x81, 0x9A, 0xBE,
    0x81, 0xBA, 0xBE, 0x81, 0xBA, 0xC6, 0x84, 0x9A, 0xBE, 0x82, 0xBA, 0xBE, 0x01, 0x9A, 0xBE, 0xBA,
    0xC6, 0x81, 0xBA, 0xBE, 0x00, 0x9A, 0xBE, 0x82, 0xBA, 0xBE, 0x81, 0xBA, 0xC6, 0x00, 0xBA, 0xBE,
    0x83, 0x9A, 0xBE, 0x81, 0x7A, 0xBE, 0x00, 0x9A, 0xBE, 0x81, 0xBA, 0xBE, 0x81, 0x9A, 0xBE, 0x00,
    0xBA, 0xC6, 0x81, 0x9A, 0xBE, 0x81, 0xBA, 0xBE, 0x81, 0xBA, 0xC6, 0x00, 0xBA, 0xBE, 0x83, 0x9A,
    0xBE, 0x82, 0xBA, 0xBE, 0x00, 0x9A, 0xBE, 0x81, 0xBA, 0xC6, 0x01, 0xBA, 0xBE, 0x9A, 0xBE, 0x82,
    0xBA, 0xBE, 0x02, 0xBA, 0xC6, 0x7A, 0xBE, 0x7A, 0xB6, 0x8A, 0x9A, 0xBE, 0x83, 0xBA, 0xC6, 0x00,
    0xBA, 0xBE, 0x83, 0x9A, 0xBE, 0x81, 0x7A, 0xBE, 0x81, 0x9A, 0xBE, 0x81, 0xBA, 0xBE, 0x01, 0x9A,
    0xBE, 0xBA, 0xC6, 0x81, 0x9A, 0xBE, 0x82, 0xBA, 0xBE, 0x04, 0xBA, 0xC6, 0xBA, 0xBE, 0x9A, 0xBE,
    0x7A, 0xB6, 0x7A, 0xBE, 0x88, 0x9A, 0xBE, 0x00, 0xBA, 0xBE, 0x83, 0xBA, 0xC6, 0x00, 0xBA, 0xBE,
    0x83, 0x9A, 0xBE, 0x82, 0x7A, 0xBE, 0x00, 0x9A, 0xBE, 0x84, 0xBA, 0xBE, 0x00, 0x9A, 0xBE, 0x82,
    0xBA, 0xBE, 0x81, 0xBA, 0xC6, 0x00, 0x9A, 0xBE, 0x81, 0x7A, 0xBE, 0x88, 0x9A, 0xBE, 0x81, 0xBA,
    0xBE, 0x82, 0xBA, 0xC6, 0x00, 0xBA, 0xBE, 0x83, 0x9A, 0xBE, 0x82, 0x7A, 0xBE, 0x00, 0x9A, 0xBE,
    0x83, 0xBA, 0xBE, 0x00, 0xBA, 0xC6, 0x81, 0x9A, 0xBE, 0x81, 0xBA, 0xBE, 0x81, 0xBA, 0xC6, 0x00,
    0x9A, 0xBE, 0x81, 0x7A, 0xBE, 0x89, 0x9A, 0xBE, 0x00, 0xBA, 0xBE, 0x82, 0xBA, 0xC6, 0x82, 0x9A,
    0xBE, 0x00, 0x7A, 0xBE, 0x83, 0x9A, 0xBE, 0x82, 0xBA, 0xBE, 0x81, 0xBA, 0xC6, 0x82, 0xBA, 0xBE,
    0x89, 0x9A, 0xBE, 0x83, 0xBA, 0xBE, 0x02, 0x9A, 0xBE, 0xBA, 0xBE, 0xBA, 0xC6, 0x81, 0x9A, 0xBE,
    0x00, 0xBA, 0xBE, 0x83, 0x9A, 0xBE, 0x00, 0x7A, 0xBE, 0x83, 0x9A, 0xBE, 0x82, 0xBA, 0xBE, 0x81,
    0xBA, 0xC6, 0x82, 0xBA, 0xBE, 0x89, 0x9A, 0xBE, 0x01, 0xBA, 0xBE, 0xBA, 0xC6, 0x82, 0xBA, 0xBE,
    0x01, 0x9A, 0xBE, 0xBA, 0xC6, 0x81, 0x9A, 0xBE, 0x81, 0xBA, 0xBE, 0x87, 0x9A, 0xBE, 0x82, 0xBA,
    0xBE, 0x81, 0xBA, 0xC6, 0x83, 0xBA, 0xBE, 0x89, 0x9A, 0xBE, 0x00, 0xBA, 0xC6, 0x82, 0xBA, 0xBE,
    0x03, 0x9A, 0xBE, 0xBA, 0xC6, 0xBA, 0xBE, 0x9A, 0xBE, 0x81, 0xBA, 0xBE, 0x83, 0x9A, 0xBE, 0x00,
    0x7A, 0xBE, 0x82, 0x9A, 0xBE, 0x82, 0xBA, 0xBE, 0x82, 0xBA, 0xC6, 0x82, 0xBA, 0xBE, 0x84, 0x9A,
    0xBE, 0x00, 0xBA, 0xBE, 0x81, 0x9A, 0xBE, 0x82, 0xBA, 0xC6, 0x82, 0xBA, 0xBE, 0x84, 0x9A, 0xBE,
    0x01, 0xBA, 0xBE, 0x9A, 0xBE, 0x81, 0xBA, 0xBE, 0x82, 0x9A, 0xBE, 0x07, 0xBA, 0xBE, 0x9A, 0xBE,
    0xBA, 0xBE, 0xBA, 0xC6, 0xBA, 0xBE, 0x9A, 0xBE, 0xBA, 0xBE, 0x9A, 0xBE, 0x81, 0xBA, 0xBE, 0x85,
    0x9A, 0xBE, 0x00, 0xBA, 0xBE, 0x81, 0x9A, 0xBE, 0x84, 0xBA, 0xC6, 0x00, 0xBA, 0xBE, 0x84, 0x9A,
    0xBE, 0x01, 0xBA, 0xBE, 0x9A, 0xBE, 0x81, 0xBA, 0xBE, 0x82, 0x9A, 0xBE, 0x03, 0xBA, 0xBE, 0x9A,
    0xBE, 0xBA, 0xBE, 0xBA, 0xC6, 0x81, 0xBA, 0xBE, 0x00, 0x9A, 0xBE, 0x82, 0xBA, 0xBE, 0x88, 0x9A,
    0xBE, 0x00, 0xBA, 0xBE, 0x83, 0xBA, 0xC6, 0x00, 0xBA, 0xBE, 0x84, 0x9A, 0xBE, 0x81, 0xBA, 0xBE,
    0x00, 0x9A, 0xBE, 0x81, 0xBA, 0xBE, 0x81, 0x9A, 0xBE, 0x81, 0xBA, 0xBE, 0x00, 0x9A, 0xBE, 0x82,
    0xBA, 0xBE, 0x03, 0x9A, 0xBE, 0xBA, 0xBE, 0x9A, 0xBE, 0xBA, 0xBE, 0x86, 0x9A, 0xBE, 0x02, 0xBA,
    0xBE, 0x9A, 0xBE, 0xBA, 0xBE, 0x82, 0xBA, 0xC6, 0x81, 0xBA, 0xBE, 0x83, 0x9A, 0xBE, 0x81, 0xBA,
    0xBE, 0x00, 0x9A, 0xBE, 0x81, 0xBA, 0xBE, 0x01, 0x9A, 0xBE, 0xBA, 0xBE, 0x81, 0xBA, 0xC6, 0x82,
    0xBA, 0xBE, 0x81, 0x9A, 0xBE, 0x00, 0x7A, 0xBE, 0x81, 0x9A, 0xBE, 0x00, 0xBA, 0xBE, 0x83, 0xBA,
    0xC6, 0x05, 0xBA, 0xBE, 0x9A, 0xBE, 0xBA, 0xBE, 0xBA, 0xC6, 0x9A, 0xBE, 0xBA, 0xBE, 0x83, 0xBA,
    0xC6, 0x81, 0xBA, 0xBE, 0x82, 0x9A, 0xBE, 0x81, 0xBA, 0xBE, 0x81, 0x9A, 0xBE, 0x02, 0xBA, 0xBE,
    0x9A, 0xBE, 0xBA, 0xBE, 0x81, 0xBA, 0xC6, 0x82, 0xBA, 0xBE, 0x81, 0x9A, 0xBE, 0x00, 0x7A, 0xBE,
    0x82, 0x9A, 0xBE, 0x84, 0xBA, 0xC6, 0x04, 0x9A, 0xBE, 0xBA, 0xBE, 0xBA, 0xC6, 0xBA, 0xBE, 0x9A,
    0xBE, 0x83, 0xBA, 0xC6, 0x81, 0xBA, 0xBE, 0x82, 0x9A, 0xBE, 0x81, 0xBA, 0xBE, 0x81, 0x9A, 0xBE,
    0x81, 0xBA, 0xBE, 0x00, 0x9A, 0xBE, 0x81, 0xBA, 0xC6, 0x82, 0xBA, 0xBE, 0x81, 0x9A, 0xBE, 0x00,
    0x7A, 0xBE, 0x82, 0x9A, 0xBE, 0x84, 0xBA, 0xC6, 0x05, 0x9A, 0xBE, 0xBA, 0xBE, 0xBA, 0xC6, 0xBA,
    0xBE, 0x9A, 0xBE, 0xBA, 0xBE, 0x82, 0xBA, 0xC6, 0x81, 0xBA, 0xBE, 0x83, 0x9A, 0xBE, 0x00, 0xBA,
    0xBE, 0x81, 0x9A, 0xBE, 0x81, 0xBA, 0xBE, 0x02, 0x9A, 0xBE, 0xBA, 0xBE, 0xBA, 0xC6, 0x83, 0xBA,
    0xBE, 0x81, 0x9A, 0xBE, 0x00, 0x7A, 0xBE,
};
