// Generated from: intro2.png by tools/png2rle565.py
// Format: RGB565_LE, run length encoded, draw with pushImageRLE()
// Original size: 128x128 = 32768 bytes, encoded: 24406 bytes

const uint16_t default_intro2_width = 128;
const uint16_t default_intro2_height = 128;

const uint8_t default_intro2_rle[] PLATFORM_PROGMEM = {
    0x02, 0x7A, 0xBE, 0xBA, 0xC6, 0xDA, 0xC6, 0x82, 0xBA, 0xC6, 0x81, 0xBA, 0xBE, 0x81, 0xBA, 0xC6,
    0x81, 0xDA, 0xC6, 0x83, 0xBA, 0xC6, 0x81, 0xDA, 0xC6, 0x01, 0xBA, 0xC6, 0xDA, 0xC6, 0x82, 0xBA,
    0xC6, 0x0A, 0xBA, 0xBE, 0x9A, 0xBE, 0x7A, 0xBE, 0xBA, 0xBE, 0xBA, 0xC6, 0x9A, 0xBE, 0x7B, 0xB6,
    0x9A, 0xBE, 0xBA, 0xC6, 0xBA, 0xBE, 0x9A, 0xBE, 0x81, 0x7A, 0xBE, 0x81, 0x7B, 0xB6, 0x00, 0xBA,
    0xBE, 0x81, 0xDA, 0xC6, 0x81, 0xBA, 0xC6, 0x82, 0xBA, 0xBE, 0x81, 0xBA, 0xC6, 0x00, 0xDA, 0xC6,
    0x83, 0xBA, 0xC6, 0x82, 0xDA, 0xC6, 0x84, 0xBA, 0xC6, 0x06, 0x9A, 0xBE, 0x7A, 0xBE, 0x9A, 0xBE,
    0xBA, 0xC6, 0x9A, 0xBE, 0x7B, 0xB6, 0x9A, 0xBE, 0x81, 0xBA, 0xC6, 0x00, 0x9A, 0xBE, 0x81, 0x7A,
    0xBE, 0x81, 0x7B, 0xB6, 0x00, 0x9A, 0xBE, 0x81, 0xDA, 0xC6, 0x81, 0xBA, 0xC6, 0x82, 0xBA, 0xBE,
    0x81, 0xBA, 0xC6, 0x81, 0xDA, 0xC6, 0x82, 0xBA, 0xC6, 0x82, 0xDA, 0xC6, 0x84, 0xBA, 0xC6, 0x04,
    0x9A, 0xBE, 0x7A, 0xBE, 0x9A, 0xBE, 0xBA, 0xC6, 0x9A, 0xBE, 0x81, 0x7A, 0xBE, 0x02, 0xBA, 0xBE,
    0xBA, 0xC6, 0x9A, 0xBE, 0x81, 0x7A, 0xBE, 0x04, 0x7A, 0xB6, 0x5B, 0xB6, 0x9A, 0xBE, 0xBA, 0xC6,
    0xDA, 0xC6, 0x82, 0xBA, 0xC6, 0x81, 0xBA, 0xBE, 0x81, 0xBA, 0xC6, 0x81, 0xDA, 0xC6, 0x83, 0xBA,
    0xC6, 0x01, 0x9A, 0xBE, 0xBA, 0xC6, 0x81, 0xDA, 0xC6, 0x81, 0xBA, 0xC6, 0x81, 0x9A, 0xBE, 0x81,
    0xBA, 0xC6, 0x81, 0xDA, 0xC6, 0x01, 0xBA, 0xC6, 0xBA, 0xBE, 0x81, 0xBA, 0xC6, 0x04, 0xDA, 0xC6,
    0xBA, 0xC6, 0x9A, 0xBE, 0xBA, 0xC6, 0xDA, 0xC6, 0x82, 0xBA, 0xC6, 0x82, 0x9A, 0xBE, 0x81, 0xBA,
    0xBE, 0x01, 0x9A, 0xBE, 0xBA, 0xBE, 0x81, 0x9A, 0xBE, 0x81, 0x7B, 0xB6, 0x03, 0x7A, 0xB6, 0x7A,
    0xBE, 0x9A, 0xBE, 0xBA, 0xC6, 0x81, 0xDA, 0xC6, 0x00, 0xBA, 0xC6, 0x81, 0xBA, 0xBE, 0x00, 0x9A,
    0xBE, 0x81, 0xBA, 0xBE, 0x82, 0xDA, 0xC6, 0x02, 0xBA, 0xC6, 0xBA, 0xBE, 0xBA, 0xC6, 0x81, 0xDA,
    0xC6, 0x01, 0x9A, 0xBE, 0xBA, 0xBE, 0x83, 0xBA, 0xC6, 0x82, 0x9A, 0xBE, 0x81, 0xBA, 0xBE, 0x00,
    0x9A, 0xBE, 0x81, 0xBA, 0xBE, 0x01, 0x9A, 0xBE, 0x7A, 0xBE, 0x81, 0x7B, 0xB6, 0x02, 0x7A, 0xBE,
    0x9A, 0xBE, 0xBA, 0xBE, 0x81, 0xDA, 0xC6, 0x81, 0xBA, 0xC6, 0x03, 0xBA, 0xBE, 0x9A, 0xBE, 0xBA,
    0xBE, 0xBA, 0xC6, 0x82, 0xDA, 0xC6, 0x01, 0xBA, 0xC6, 0xBA, 0xBE, 0x81, 0xBA, 0xC6, 0x00, 0xDA,
    0xC6, 0x81, 0xBA, 0xBE, 0x01, 0xBA, 0xC6, 0xDA, 0xC6, 0x81, 0xBA, 0xC6, 0x00, 0xBA, 0xBE, 0x81,
    0x9A, 0xBE, 0x81, 0xBA, 0xBE, 0x00, 0x9A, 0xBE, 0x81, 0xBA, 0xBE, 0x01, 0x9A, 0xBE, 0x7A, 0xBE,
    0x81, 0x7B, 0xB6, 0x00, 0x7A, 0xBE, 0x81, 0x9A, 0xBE, 0x00, 0xBA, 0xC6, 0x81, 0xDA, 0xC6, 0x81,
    0xBA, 0xC6, 0x81, 0x9A, 0xBE, 0x81, 0xBA, 0xC6, 0x81, 0xDA, 0xC6, 0x01, 0xBA, 0xC6, 0xBA, 0xBE,
    0x83, 0xBA, 0xC6, 0x81, 0xDA, 0xC6, 0x00, 0xBA, 0xC6, 0x83, 0xBA, 0xBE, 0x81, 0x9A, 0xBE, 0x00,
    0xBA, 0xBE, 0x81, 0xBA, 0xC6, 0x00, 0xBA, 0xBE, 0x82, 0xBA, 0xC6, 0x01, 0x9A, 0xBE, 0xBA, 0xBE,
    0x81, 0xDA, 0xC6, 0x81, 0xBA, 0xC6, 0x83, 0xBA, 0xBE, 0x02, 0xBA, 0xC6, 0xBA, 0xBE, 0x9A, 0xBE,
    0x81, 0x7A, 0xBE, 0x81, 0x5B, 0xB6, 0x02, 0x7B, 0xB6, 0x9A, 0xBE, 0xBA, 0xBE, 0x81, 0xBA, 0xC6,
    0x01, 0xDA, 0xC6, 0xBA, 0xC6, 0x83, 0xBA, 0xBE, 0x82, 0x9A, 0xBE, 0x81, 0xBA, 0xC6, 0x81, 0xBA,
    0xBE, 0x81, 0xBA, 0xC6, 0x81, 0x9A, 0xBE, 0x82, 0xDA, 0xC6, 0x00, 0xBA, 0xC6, 0x83, 0xBA, 0xBE,
    0x81, 0xBA, 0xC6, 0x81, 0x9A, 0xBE, 0x05, 0x7A, 0xBE, 0x7B, 0xB6, 0x5B, 0xB6, 0x7B, 0xB6, 0x9A,
    0xBE, 0xBA, 0xBE, 0x81, 0xBA, 0xC6, 0x01, 0xDA, 0xC6, 0xBA, 0xC6, 0x82, 0xBA, 0xBE, 0x83, 0x9A,
    0xBE, 0x81, 0xBA, 0xC6, 0x81, 0xBA, 0xBE, 0x01, 0xBA, 0xC6, 0xDA, 0xC6, 0x81, 0x9A, 0xBE, 0x00,
    0xBA, 0xC6, 0x81, 0xDA, 0xC6, 0x00, 0xBA, 0xC6, 0x83, 0xBA, 0xBE, 0x81, 0xBA, 0xC6, 0x81, 0x9A,
    0xBE, 0x01, 0x7A, 0xBE, 0x7A, 0xB6, 0x81, 0x5B, 0xB6, 0x81, 0x9A, 0xBE, 0x81, 0xBA, 0xC6, 0x81,
    0xDA, 0xC6, 0x00, 0xBA, 0xC6, 0x81, 0xBA, 0xBE, 0x01, 0x9A, 0xBE, 0xBA, 0xBE, 0x81, 0x9A, 0xBE,
    0x82, 0xBA, 0xC6, 0x01, 0xBA, 0xBE, 0xBA, 0xC6, 0x81, 0xBA, 0xBE, 0x81, 0xBA, 0xC6, 0x81, 0xBA,
    0xBE, 0x82, 0xBA, 0xC6, 0x02, 0x7A, 0xB6, 0x7B, 0xB6, 0x9A, 0xBE, 0x81, 0xBA, 0xC6, 0x81, 0xBA,
    0xBE, 0x03, 0xBA, 0xC6, 0xBA, 0xBE, 0x9A, 0xBE, 0xBA, 0xC6, 0x81, 0xDA, 0xC6, 0x81, 0xBA, 0xC6,
    0x00, 0xBA, 0xBE, 0x83, 0xBA, 0xC6, 0x07, 0x9A, 0xBE, 0x7A, 0xBE, 0x7A, 0xB6, 0x7A, 0xBE, 0x7A,
    0xB6, 0x5B, 0xB6, 0x7A, 0xBE, 0x9A, 0xBE, 0x81, 0xBA, 0xBE, 0x82, 0xBA, 0xC6, 0x00, 0xBA, 0xBE,
    0x81, 0xBA, 0xC6, 0x04, 0xDA, 0xC6, 0x7A, 0xBE, 0x7B, 0xB6, 0x7A, 0xBE, 0xBA, 0xBE, 0x81, 0xBA,
    0xC6, 0x00, 0x9A, 0xBE, 0x81, 0xBA, 0xC6, 0x01, 0x9A, 0xBE, 0xBA, 0xC6, 0x82, 0xDA, 0xC6, 0x01,
    0xBA, 0xC6, 0xBA, 0xBE, 0x83, 0xBA, 0xC6, 0x81, 0x9A, 0xBE, 0x00, 0x7A, 0xB6, 0x81, 0x7A, 0xBE,
    0x02, 0x5B, 0xB6, 0x7A, 0xB6, 0x9A, 0xBE, 0x81, 0xBA, 0xBE, 0x82, 0xBA, 0xC6, 0x81, 0xBA, 0xBE,
    0x05, 0xBA, 0xC6, 0xDA, 0xC6, 0x9A, 0xBE, 0x7B, 0xB6, 0x7A, 0xBE, 0xBA, 0xBE, 0x81, 0xBA, 0xC6,
    0x04, 0x9A, 0xBE, 0xBA, 0xBE, 0xBA, 0xC6, 0x9A, 0xBE, 0xBA, 0xBE, 0x82, 0xDA, 0xC6, 0x01, 0xBA,
    0xC6, 0xBA, 0xBE, 0x83, 0xBA, 0xC6, 0x07, 0xBA, 0xBE, 0x9A, 0xBE, 0x7A, 0xBE, 0x7A, 0xB6, 0x7A,
    0xBE, 0x5B, 0xB6, 0x7B, 0xB6, 0x9A, 0xBE, 0x82, 0xBA, 0xBE, 0x81, 0xBA, 0xC6, 0x81, 0xBA, 0xBE,
    0x02, 0xBA, 0xC6, 0xDA, 0xC6, 0xBA, 0xBE, 0x81, 0x7B, 0xB6, 0x00, 0x9A, 0xBE, 0x81, 0xBA, 0xC6,
    0x01, 0x9A, 0xBE, 0xBA, 0xBE, 0x81, 0x9A, 0xBE, 0x01, 0xBA, 0xBE, 0xBA, 0xC6, 0x81, 0x9A, 0xBE,
    0x81, 0xBA, 0xC6, 0x03, 0x9A, 0xBE, 0x7A, 0xB6, 0x7B, 0xB6, 0x9A, 0xBE, 0x82, 0xBA, 0xC6, 0x00,
    0xBA, 0xBE, 0x81, 0xBA, 0xC6, 0x01, 0xBA, 0xBE, 0xBA, 0xC6, 0x82, 0xDA, 0xC6, 0x00, 0xBA, 0xC6,
    0x81, 0xBA, 0xBE, 0x82, 0xBA, 0xC6, 0x83, 0x9A, 0xBE, 0x03, 0x7A, 0xBE, 0x7A, 0xB6, 0x9A, 0xBE,
    0xBA, 0xBE, 0x82, 0x9A, 0xBE, 0x08, 0xBA, 0xC6, 0xBA, 0xBE, 0x9A, 0xBE, 0xBA, 0xBE, 0xBA, 0xC6,
    0xBA, 0xBE, 0x7A, 0xBE, 0x7B, 0xB6, 0x9A, 0xBE, 0x82, 0xBA, 0xC6, 0x81, 0xBA, 0xBE, 0x02, 0xBA,
    0xC6, 0xBA, 0xBE, 0xBA, 0xC6, 0x82, 0xDA, 0xC6, 0x00, 0xBA, 0xC6, 0x81, 0xBA, 0xBE, 0x82, 0xBA,
    0xC6, 0x84, 0x9A, 0xBE, 0x03, 0x7A, 0xB6, 0x7A, 0xBE, 0x9A, 0xBE, 0xBA, 0xBE, 0x81, 0x9A, 0xBE,
    0x81, 0xBA, 0xC6, 0x81, 0x9A, 0xBE, 0x81, 0xBA, 0xC6, 0x02, 0x9A, 0xBE, 0x7B, 0xB6, 0x7A, 0xBE,
    0x82, 0xBA, 0xC6, 0x81, 0xBA, 0xBE, 0x02, 0xBA, 0xC6, 0xBA, 0xBE, 0xBA, 0xC6, 0x82, 0xDA, 0xC6,
    0x81, 0xBA, 0xC6, 0x00, 0xBA, 0xBE, 0x82, 0xBA, 0xC6, 0x00, 0xBA, 0xBE, 0x83, 0x9A, 0xBE, 0x81,
    0x7A, 0xBE, 0x01, 0x9A, 0xBE, 0xBA, 0xBE, 0x81, 0x9A, 0xBE, 0x01, 0xBA, 0xBE, 0xBA, 0xC6, 0x81,
    0x9A, 0xBE, 0x81, 0xBA, 0xC6, 0x03, 0x9A, 0xBE, 0x7B, 0xB6, 0x7A, 0xB6, 0x9A, 0xBE, 0x82, 0xBA,
    0xC6, 0x02, 0xBA, 0xBE, 0x9A, 0xBE, 0xBA, 0xBE, 0x81, 0x9A, 0xBE, 0x07, 0x7A, 0xBE, 0x9A, 0xBE,
    0xBA, 0xBE, 0xBA, 0xC6, 0xBA, 0xBE, 0x7A, 0xBE, 0x7A, 0xB6, 0x9A, 0xBE, 0x86, 0xBA, 0xC6, 0x00,
    0xDA, 0xC6, 0x83, 0xBA, 0xC6, 0x00, 0xBA, 0xBE, 0x8A, 0x9A, 0xBE, 0x01, 0xBA, 0xBE, 0x9A, 0xBE,
    0x82, 0xBA, 0xBE, 0x02, 0x9A, 0xBE, 0x7A, 0xBE, 0x9A, 0xBE, 0x81, 0xBA, 0xC6, 0x03, 0x9A, 0xBE,
    0x7A, 0xB6, 0x9A, 0xBE, 0xBA, 0xBE, 0x85, 0xBA, 0xC6, 0x81, 0xDA, 0xC6, 0x82, 0xBA, 0xC6, 0x00,
    0xBA, 0xBE, 0x8A, 0x9A, 0xBE, 0x82, 0xBA, 0xBE, 0x00, 0xBA, 0xC6, 0x81, 0x9A, 0xBE, 0x01, 0x7A,
    0xBE, 0x9A, 0xBE, 0x81, 0xBA, 0xC6, 0x00, 0x9A, 0xBE, 0x81, 0x7A, 0xBE, 0x00, 0x9A, 0xBE, 0x85,
    0xBA, 0xC6, 0x81, 0xDA, 0xC6, 0x83, 0xBA, 0xC6, 0x8A, 0x9A, 0xBE, 0x81, 0xBA, 0xBE, 0x01, 0x9A,
    0xBE, 0xBA, 0xC6, 0x81, 0x9A, 0xBE, 0x01, 0x7A, 0xBE, 0x9A, 0xBE, 0x81, 0xBA, 0xC6, 0x00, 0xBA,
    0xBE, 0x81, 0x7A, 0xBE, 0x00, 0x9A, 0xBE, 0x83, 0xBA, 0xC6, 0x00, 0xBA, 0xBE, 0x82, 0x9A, 0xBE,
    0x00, 0x7A, 0xBE, 0x81, 0x9A, 0xBE, 0x03, 0xBA, 0xC6, 0xBA, 0xBE, 0x9A, 0xBE, 0x7A, 0xBE, 0x81,
    0x9A, 0xBE, 0x84, 0xBA, 0xC6, 0x81, 0xDA, 0xC6, 0x00, 0xBA, 0xC6, 0x81, 0xBA, 0xBE, 0x81, 0xBA,
    0xC6, 0x01, 0xBA, 0xBE, 0x9A, 0xBE, 0x81, 0x7A, 0xBE, 0x02, 0x7B, 0xB6, 0x7A, 0xBE, 0x9A, 0xBE,
    0x81, 0xBA, 0xBE, 0x03, 0x9A, 0xBE, 0xBA, 0xBE, 0xBA, 0xC6, 0xBA, 0xBE, 0x85, 0x9A, 0xBE, 0x81,
    0xBA, 0xC6, 0x00, 0x9A, 0xBE, 0x81, 0x7A, 0xBE, 0x01, 0x9A, 0xBE, 0xBA, 0xBE, 0x84, 0xBA, 0xC6,
    0x00, 0xDA, 0xC6, 0x81, 0xBA, 0xC6, 0x04, 0xBA, 0xBE, 0xBA, 0xC6, 0xDA, 0xC6, 0xBA, 0xBE, 0x9A,
    0xBE, 0x81, 0x7A, 0xBE, 0x81, 0x7A, 0xB6, 0x02, 0x9A, 0xBE, 0xBA, 0xBE, 0xBA, 0xC6, 0x81, 0x9A,
    0xBE, 0x00, 0xBA, 0xC6, 0x81, 0xBA, 0xBE, 0x82, 0x9A, 0xBE, 0x04, 0x7A, 0xBE, 0x9A, 0xBE, 0xBA,
    0xBE, 0xBA, 0xC6, 0x9A, 0xBE, 0x81, 0x7A, 0xBE, 0x01, 0x9A, 0xBE, 0xBA, 0xBE, 0x84, 0xBA, 0xC6,
    0x00, 0xDA, 0xC6, 0x81, 0xBA, 0xC6, 0x03, 0xBA, 0xBE, 0xBA, 0xC6, 0xDA, 0xC6, 0xBA, 0xC6, 0x81,
    0x9A, 0xBE, 0x81, 0x7A, 0xBE, 0x00, 0x7A, 0xB6, 0x81, 0x9A, 0xBE, 0x00, 0xBA, 0xC6, 0x81, 0x9A,
    0xBE, 0x00, 0xBA, 0xC6, 0x81, 0xBA, 0xBE, 0x82, 0x9A, 0xBE, 0x04, 0x7A, 0xBE, 0x9A, 0xBE, 0xBA,
    0xBE, 0xBA, 0xC6, 0xBA, 0xBE, 0x81, 0x7A, 0xBE, 0x81, 0x9A, 0xBE, 0x85, 0xBA, 0xC6, 0x00, 0xBA,
    0xBE, 0x82, 0x9A, 0xBE, 0x00, 0xBA, 0xBE, 0x83, 0x9A, 0xBE, 0x00, 0xBA, 0xBE, 0x82, 0xBA, 0xC6,
    0x81, 0xBA, 0xBE, 0x82, 0xBA, 0xC6, 0x81, 0xBA, 0xBE, 0x81, 0xDA, 0xC6, 0x01, 0xBA, 0xC6, 0x9A,
    0xBE, 0x81, 0x7B, 0xB6, 0x05, 0x7A, 0xB6, 0x9A, 0xBE, 0xBA, 0xBE, 0xBA, 0xC6, 0xBA, 0xBE, 0x9A,
    0xBE, 0x81, 0xBA, 0xBE, 0x83, 0xBA, 0xC6, 0x83, 0x9A, 0xBE, 0x00, 0xBA, 0xBE, 0x82, 0x9A, 0xBE,
    0x00, 0xBA, 0xBE, 0x82, 0xBA, 0xC6, 0x81, 0xBA, 0xBE, 0x82, 0xBA, 0xC6, 0x81, 0xBA, 0xBE, 0x03,
    0xBA, 0xC6, 0xDA, 0xC6, 0xBA, 0xC6, 0x9A, 0xBE, 0x81, 0x7B, 0xB6, 0x06, 0x7A, 0xB6, 0x9A, 0xBE,
    0xBA, 0xBE, 0xBA, 0xC6, 0xBA, 0xBE, 0x9A, 0xBE, 0xBA, 0xBE, 0x84, 0xBA, 0xC6, 0x83, 0x9A, 0xBE,
    0x00, 0xBA, 0xBE, 0x82, 0x9A, 0xBE, 0x00, 0xBA, 0xBE, 0x83, 0xBA, 0xC6, 0x81, 0xBA, 0xBE, 0x81,
    0xBA, 0xC6, 0x81, 0xBA, 0xBE, 0x04, 0xBA, 0xC6, 0xDA, 0xC6, 0xBA, 0xC6, 0xBA, 0xBE, 0x7A, 0xBE,
    0x81, 0x7B, 0xB6, 0x07, 0x7A, 0xBE, 0x9A, 0xBE, 0xBA, 0xC6, 0xBA, 0xBE, 0x9A, 0xBE, 0xBA, 0xBE,
    0xBA, 0xC6, 0xBA, 0xBE, 0x82, 0xBA, 0xC6, 0x00, 0xBA, 0xBE, 0x82, 0x9A, 0xBE, 0x00, 0xBA, 0xBE,
    0x83, 0x9A, 0xBE, 0x00, 0xBA, 0xBE, 0x84, 0xBA, 0xC6, 0x01, 0xDA, 0xC6, 0xBA, 0xC6, 0x85, 0x9A,
    0xBE, 0x81, 0xBA, 0xBE, 0x81, 0xBA, 0xC6, 0x83, 0xBA, 0xBE, 0x86, 0xBA, 0xC6, 0x01, 0xBA, 0xBE,
    0x9A, 0xBE, 0x81, 0x7B, 0xB6, 0x83, 0x9A, 0xBE, 0x83, 0xBA, 0xBE, 0x81, 0xBA, 0xC6, 0x81, 0xDA,
    0xC6, 0x85, 0x9A, 0xBE, 0x81, 0xBA, 0xBE, 0x81, 0xBA, 0xC6, 0x83, 0xBA, 0xBE, 0x86, 0xBA, 0xC6,
    0x01, 0xBA, 0xBE, 0x9A, 0xBE, 0x81, 0x7B, 0xB6, 0x00, 0x7A, 0xBE, 0x83, 0x9A, 0xBE, 0x82, 0xBA,
    0xBE, 0x81, 0xBA, 0xC6, 0x81, 0xDA, 0xC6, 0x00, 0xBA, 0xBE, 0x84, 0x9A, 0xBE, 0x81, 0xBA, 0xBE,
    0x81, 0xBA, 0xC6, 0x83, 0xBA, 0xBE, 0x86, 0xBA, 0xC6, 0x06, 0xBA, 0xBE, 0x9A, 0xBE, 0x7A, 0xB6,
    0x7B, 0xB6, 0x7A, 0xB6, 0x9A, 0xBE, 0xBA, 0xBE, 0x81, 0x9A, 0xBE, 0x82, 0xBA, 0xBE, 0x82, 0xBA,
    0xC6, 0x01, 0xDA, 0xC6, 0xBA, 0xC6, 0x84, 0x9A, 0xBE, 0x81, 0xBA, 0xBE, 0x82, 0xBA, 0xC6, 0x81,
    0xBA, 0xBE, 0x81, 0xBA, 0xC6, 0x02, 0xDA, 0xC6, 0xBA, 0xBE, 0x9A, 0xBE, 0x81, 0x7A, 0xBE, 0x82,
    0x9A, 0xBE, 0x00, 0xBA, 0xBE, 0x82, 0xBA, 0xC6, 0x82, 0x9A, 0xBE, 0x00, 0xBA, 0xBE, 0x85, 0xBA,
    0xC6, 0x02, 0xBA, 0xBE, 0x9A, 0xBE, 0x7A, 0xBE, 0x81, 0x7B, 0xB6, 0x83, 0x9A, 0xBE, 0x01, 0xBA,
    0xBE, 0xBA, 0xC6, 0x81, 0xBA, 0xBE, 0x81, 0xBA, 0xC6, 0x02, 0xDA, 0xC6, 0xBA, 0xC6, 0x9A, 0xBE,
    0x81, 0x7A, 0xBE, 0x82, 0x9A, 0xBE, 0x00, 0xBA, 0xBE, 0x82, 0xBA, 0xC6, 0x00, 0xBA, 0xBE, 0x81,
    0x9A, 0xBE, 0x00, 0xBA, 0xBE, 0x85, 0xBA, 0xC6, 0x01, 0xBA, 0xBE, 0x9A, 0xBE, 0x81, 0x7A, 0xBE,
    0x01, 0x7B, 0xB6, 0x7A, 0xBE, 0x82, 0x9A, 0xBE, 0x01, 0xBA, 0xBE, 0xBA, 0xC6, 0x81, 0xBA, 0xBE,
    0x81, 0xBA, 0xC6, 0x02, 0xDA, 0xC6, 0xBA, 0xC6, 0x9A, 0xBE, 0x81, 0x7A, 0xBE, 0x82, 0x9A, 0xBE,
    0x00, 0xBA, 0xBE, 0x83, 0xBA, 0xC6, 0x82, 0x9A, 0xBE, 0x85, 0xBA, 0xC6, 0x01, 0xBA, 0xBE, 0x9A,
    0xBE, 0x81, 0x7A, 0xBE, 0x01, 0x7B, 0xB6, 0x7A, 0xB6, 0x83, 0x9A, 0xBE, 0x81, 0xBA, 0xC6, 0x81,
    0xBA, 0xBE, 0x82, 0xBA, 0xC6, 0x02, 0xBA, 0xBE, 0x9A, 0xBE, 0x7A, 0xBE, 0x83, 0x9A, 0xBE, 0x00,
    0xBA, 0xBE, 0x82, 0xBA, 0xC6, 0x81, 0x9A, 0xBE, 0x82, 0xBA, 0xBE, 0x89, 0x9A, 0xBE, 0x00, 0xBA,
    0xC6, 0x81, 0x9A, 0xBE, 0x85, 0xBA, 0xBE, 0x87, 0x9A, 0xBE, 0x00, 0xBA, 0xBE, 0x81, 0x9A, 0xBE,
    0x86, 0xBA, 0xBE, 0x89, 0x9A, 0xBE, 0x00, 0xBA, 0xC6, 0x82, 0x9A, 0xBE, 0x84, 0xBA, 0xBE, 0x87,
    0x9A, 0xBE, 0x00, 0xBA, 0xBE, 0x81, 0x9A, 0xBE, 0x87, 0xBA, 0xBE, 0x88, 0x9A, 0xBE, 0x81, 0xBA,
    0xBE, 0x81, 0x9A, 0xBE, 0x84, 0xBA, 0xBE, 0x88, 0x9A, 0xBE, 0x00, 0xBA, 0xBE, 0x81, 0x9A, 0xBE,
    0x86, 0xBA, 0xBE, 0x88, 0x9A, 0xBE, 0x01, 0xBA, 0xBE, 0xBA, 0xC6, 0x85, 0x9A, 0xBE, 0x82, 0xBA,
    0xBE, 0x04, 0x9A, 0xBE, 0xBA, 0xBE, 0xBA, 0xC6, 0xBA, 0xBE, 0x9A, 0xBE, 0x82, 0xBA, 0xBE, 0x81,
    0xBA, 0xC6, 0x00, 0xBA, 0xBE, 0x83, 0x9A, 0xBE, 0x81, 0x7A, 0xBE, 0x00, 0x9A, 0xBE, 0x81, 0xBA,
    0xBE, 0x81, 0x9A, 0xBE, 0x81, 0xBA, 0xBE, 0x81, 0x9A, 0xBE, 0x81, 0xBA, 0xBE, 0x81, 0xBA, 0xC6,
    0x84, 0x9A, 0xBE, 0x81, 0xBA, 0xBE, 0x02, 0x9A, 0xBE, 0xBA, 0xBE, 0xBA, 0xC6, 0x81, 0xBA, 0xBE,
    0x00, 0x9A, 0xBE, 0x81, 0xBA, 0xBE, 0x82, 0xBA, 0xC6, 0x83, 0x9A, 0xBE, 0x01, 0x7A, 0xBE, 0x7A,
    0xB6, 0x81, 0x9A, 0xBE, 0x00, 0xBA, 0xBE, 0x81, 0x9A, 0xBE, 0x01, 0xBA, 0xBE, 0xBA, 0xC6, 0x81,
    0x9A, 0xBE, 0x81, 0xBA, 0xBE, 0x81, 0xBA, 0xC6, 0x84, 0x9A, 0xBE, 0x82, 0xBA, 0xBE, 0x01, 0x9A,
    0xBE, 0xBA, 0xC6, 0x81, 0xBA, 0xBE, 0x00, 0x9A, 0xBE, 0x82, 0xBA, 0xBE, 0x81, 0xBA, 0xC6, 0x00,
    0xBA, 0xBE, 0x83, 0x9A, 0xBE, 0x81, 0x7A, 0xBE, 0x00, 0x9A, 0xBE, 0x81, 0xBA, 0xBE, 0x81, 0x9A,
    0xBE, 0x00, 0xBA, 0xC6, 0x81, 0x9A, 0xBE, 0x81, 0xBA, 0xBE, 0x81, 0xBA, 0xC6, 0x00, 0xBA, 0xBE,
    0x83, 0x9A, 0xBE, 0x82, 0xBA, 0xBE, 0x00, 0x9A, 0xBE, 0x81, 0xBA, 0xC6, 0x01, 0xBA, 0xBE, 0x9A,
    0xBE, 0x82, 0xBA, 0xBE, 0x02, 0xBA, 0xC6, 0x7A, 0xBE, 0x7A, 0xB6, 0x8A, 0x9A, 0xBE, 0x83, 0xBA,
    0xC6, 0x00, 0xBA, 0xBE, 0x83, 0x9A, 0xBE, 0x81, 0x7A, 0xBE, 0x81, 0x9A, 0xBE, 0x81, 0xBA, 0xBE,
    0x01, 0x9A, 0xBE, 0xBA, 0xC6, 0x81, 0x9A, 0xBE, 0x82, 0xBA, 0xBE, 0x04, 0xBA, 0xC6, 0xBA, 0xBE,
    0x9A, 0xBE, 0x7A, 0xB6, 0x7A, 0xBE, 0x88, 0x9A, 0xBE, 0x00, 0xBA, 0xBE, 0x83, 0xBA, 0xC6, 0x00,
    0xBA, 0xBE, 0x83, 0x9A, 0xBE, 0x82, 0x7A, 0xBE, 0x00, 0x9A, 0xBE, 0x84, 0xBA, 0xBE, 0x00, 0x9A,
    0xBE, 0x82, 0xBA, 0xBE, 0x81, 0xBA, 0xC6, 0x00, 0x9A, 0xBE, 0x81, 0x7A, 0xBE, 0x88, 0x9A, 0xBE,
    0x81, 0xBA, 0xBE, 0x82, 0xBA, 0xC6, 0x00, 0xBA, 0xBE, 0x83, 0x9A, 0xBE, 0x82, 0x7A, 0xBE, 0x00,
    0x9A, 0xBE, 0x83, 0xBA, 0xBE, 0x00, 0xBA, 0xC6, 0x81, 0x9A, 0xBE, 0x81, 0xBA, 0xBE, 0x81, 0xBA,
    0xC6, 0x00, 0x9A, 0xBE, 0x81, 0x7A, 0xBE, 0x89, 0x9A, 0xBE, 0x00, 0xBA, 0xBE, 0x82, 0xBA, 0xC6,
    0x82, 0x9A, 0xBE, 0x00, 0x7A, 0xBE, 0x83, 0x9A, 0xBE, 0x82, 0xBA, 0xBE, 0x81, 0xBA, 0xC6, 0x82,
    0xBA, 0xBE, 0x89, 0x9A, 0xBE, 0x83, 0xBA, 0xBE, 0x02, 0x9A, 0xBE, 0xBA, 0xBE, 0xBA, 0xC6, 0x81,
    0x9A, 0xBE, 0x00, 0xBA, 0xBE, 0x83, 0x9A, 0xBE, 0x00, 0x7A, 0xBE, 0x83, 0x9A, 0xBE, 0x82, 0xBA,
    0xBE, 0x81, 0xBA, 0xC6, 0x82, 0xBA, 0xBE, 0x89, 0x9A, 0xBE, 0x01, 0xBA, 0xBE, 0xBA, 0xC6, 0x82,
    0xBA, 0xBE, 0x01, 0x9A, 0xBE, 0xBA, 0xC6, 0x81, 0x9A, 0xBE, 0x81, 0xBA, 0xBE, 0x87, 0x9A, 0xBE,
    0x82, 0xBA, 0xBE, 0x81, 0xBA, 0xC6, 0x83, 0xBA, 0xBE, 0x89, 0x9A, 0xBE, 0x00, 0xBA, 0xC6, 0x82,
    0xBA, 0xBE, 0x03, 0x9A, 0xBE, 0xBA, 0xC6, 0xBA, 0xBE, 0x9A, 0xBE, 0x81, 0xBA, 0xBE, 0x83, 0x9A,
    0xBE, 0x00, 0x7A, 0xBE, 0x82, 0x9A, 0xBE, 0x82, 0xBA, 0xBE, 0x82, 0xBA, 0xC6, 0x82, 0xBA, 0xBE,
    0x84, 0x9A, 0xBE, 0x00, 0xBA, 0xBE, 0x81, 0x9A, 0xBE, 0x82, 0xBA, 0xC6, 0x82, 0xBA, 0xBE, 0x84,
    0x9A, 0xBE, 0x01, 0xBA, 0xBE, 0x9A, 0xBE, 0x81, 0xBA, 0xBE, 0x82, 0x9A, 0xBE, 0x07, 0xBA, 0xBE,
    0x9A, 0xBE, 0xBA, 0xBE, 0xBA, 0xC6, 0xBA, 0xBE, 0x9A, 0xBE, 0xBA, 0xBE, 0x9A, 0xBE, 0x81, 0xBA,
    0xBE, 0x85, 0x9A, 0xBE, 0x00, 0xBA, 0xBE, 0x81, 0x9A, 0xBE, 0x84, 0xBA, 0xC6, 0x00, 0xBA, 0xBE,
    0x84, 0x9A, 0xBE, 0x01, 0xBA, 0xBE, 0x9A, 0xBE, 0x81, 0xBA, 0xBE, 0x82, 0x9A, 0xBE, 0x03, 0xBA,
    0xBE, 0x9A, 0xBE, 0xBA, 0xBE, 0xBA, 0xC6, 0x81, 0xBA, 0xBE, 0x00, 0x9A, 0xBE, 0x82, 0xBA, 0xBE,
    0x88, 0x9A, 0xBE, 0x00, 0xBA, 0xBE, 0x83, 0xBA, 0xC6, 0x00, 0xBA, 0xBE, 0x84, 0x9A, 0xBE, 0x81,
    0xBA, 0xBE, 0x00, 0x9A, 0xBE, 0x81, 0xBA, 0xBE, 0x81, 0x9A, 0xBE, 0x81, 0xBA, 0xBE, 0x00, 0x9A,
    0xBE, 0x82, 0xBA, 0xBE, 0x03, 0x9A, 0xBE, 0xBA, 0xBE, 0x9A, 0xBE, 0xBA, 0xBE, 0x86, 0x9A, 0xBE,
    0x02, 0xBA, 0xBE, 0x9A, 0xBE, 0xBA, 0xBE, 0x82, 0xBA, 0xC6, 0x81, 0xBA, 0xBE, 0x83, 0x9A, 0xBE,
    0x81, 0xBA, 0xBE, 0x00, 0x9A, 0xBE, 0x81, 0xBA, 0xBE, 0x01, 0x9A, 0xBE, 0xBA, 0xBE, 0x81, 0xBA,
    0xC6, 0x82, 0xBA, 0xBE, 0x81, 0x9A, 0xBE, 0x00, 0x7A, 0xBE, 0x81, 0x9A, 0xBE, 0x00, 0xBA, 0xBE,
    0x83, 0xBA, 0xC6, 0x01, 0xBA, 0xBE, 0x9A, 0xBE, 0x81, 0xBA, 0xBE, 0x01, 0x9A, 0xBE, 0xBA, 0xBE,
    0x83, 0xBA, 0xC6, 0x81, 0xBA, 0xBE, 0x82, 0x9A, 0xBE, 0x81, 0xBA, 0xBE, 0x81, 0x9A, 0xBE, 0x00,
    0xBA, 0xBE, 0x81, 0x9A, 0xBE, 0x81, 0xBA, 0xC6, 0x82, 0xBA, 0xBE, 0x81, 0x9A, 0xBE, 0x00, 0x7A,
    0xBE, 0x82, 0x9A, 0xBE, 0x84, 0xBA, 0xC6, 0x04, 0x9A, 0xBE, 0xBA, 0xBE, 0xBA, 0xC6, 0xBA, 0xBE,
    0x9A, 0xBE, 0x83, 0xBA, 0xC6, 0x81, 0xBA, 0xBE, 0x82, 0x9A, 0xBE, 0x81, 0xBA, 0xBE, 0x81, 0x9A,
    0xBE, 0x81, 0xBA, 0xBE, 0x00, 0x9A, 0xBE, 0x81, 0xBA, 0xC6, 0x82, 0xBA, 0xBE, 0x81, 0x9A, 0xBE,
    0x00, 0x7A, 0xBE, 0x82, 0x9A, 0xBE, 0x84, 0xBA, 0xC6, 0x05, 0x9A, 0xBE, 0xBA, 0xBE, 0xBA, 0xC6,
    0xBA, 0xBE, 0x9A, 0xBE, 0xBA, 0xBE, 0x82, 0xBA, 0xC6, 0x81, 0xBA, 0xBE, 0x83, 0x9A, 0xBE, 0x00,
    0xBA, 0xBE, 0x81, 0x9A, 0xBE, 0x81, 0xBA, 0xBE, 0x02, 0x9A, 0xBE, 0xBA, 0xBE, 0xBA, 0xC6, 0x83,
    0xBA, 0xBE, 0x81, 0x9A, 0xBE, 0x00, 0x7A, 0xBE, 0x86, 0xBA, 0xBE, 0x01, 0xBA, 0xC6, 0xBA, 0xBE,
    0x81, 0x9A, 0xBE, 0x02, 0xBA, 0xC6, 0xBA, 0xBE, 0x9A, 0xBE, 0x81, 0x7A, 0xBE, 0x81, 0x9A, 0xBE,
    0x84, 0xBA, 0xC6, 0x81, 0xBA, 0xBE, 0x87, 0xBA, 0xC6, 0x00, 0xBA, 0xBE, 0x82, 0x9A, 0xBE, 0x87,
    0xBA, 0xBE, 0x00, 0xBA, 0xC6, 0x81, 0x9A, 0xBE, 0x81, 0xBA, 0xBE, 0x81, 0x9A, 0xBE, 0x81, 0x7A,
    0xBE, 0x00, 0x9A, 0xBE, 0x85, 0xBA, 0xC6, 0x00, 0xBA, 0xBE, 0x87, 0xBA, 0xC6, 0x00, 0xBA, 0xBE,
    0x83, 0x9A, 0xBE, 0x86, 0xBA, 0xBE, 0x01, 0xBA, 0xC6, 0xBA, 0xBE, 0x81, 0x9A, 0xBE, 0x00, 0xBA,
    0xBE, 0x81, 0x9A, 0xBE, 0x81, 0x7A, 0xBE, 0x01, 0x9A, 0xBE, 0xBA, 0xBE, 0x84, 0xBA, 0xC6, 0x00,
    0xBA, 0xBE, 0x88, 0xBA, 0xC6, 0x83, 0x9A, 0xBE, 0x86, 0xBA, 0xBE, 0x01, 0xBA, 0xC6, 0xBA, 0xBE,
    0x81, 0x9A, 0xBE, 0x00, 0xBA, 0xC6, 0x81, 0x9A, 0xBE, 0x81, 0x7A, 0xBE, 0x88, 0xBA, 0xBE, 0x81,
    0x9A, 0xBE, 0x01, 0xBA, 0xC6, 0xBA, 0xBE, 0x81, 0x9A, 0xBE, 0x00, 0x7A, 0xBE, 0x81, 0x9A, 0xBE,
    0x01, 0xBA, 0xC6, 0xDA, 0xC6, 0x81, 0xBA, 0xC6, 0x82, 0xBA, 0xBE, 0x84, 0xBA, 0xC6, 0x02, 0xBA,
    0xBE, 0x9A, 0xBE, 0xBA, 0xBE, 0x81, 0x9A, 0xBE, 0x01, 0x7A, 0xBE, 0x9A, 0xBE, 0x88, 0xBA, 0xBE,
    0x81, 0x9A, 0xBE, 0x81, 0xBA, 0xBE, 0x81, 0x9A, 0xBE, 0x81, 0x7A, 0xBE, 0x00, 0x9A, 0xBE, 0x84,
    0xBA, 0xC6, 0x81, 0xBA, 0xBE, 0x85, 0xBA, 0xC6, 0x01, 0x9A, 0xBE, 0xBA, 0xBE, 0x84, 0x9A, 0xBE,
    0x87, 0xBA, 0xBE, 0x81, 0x9A, 0xBE, 0x81, 0xBA, 0xBE, 0x82, 0x9A, 0xBE, 0x02, 0x7A, 0xBE, 0x9A,
    0xBE, 0xBA, 0xBE, 0x83, 0xBA, 0xC6, 0x82, 0xBA, 0xBE, 0x84, 0xBA, 0xC6, 0x81, 0x9A, 0xBE, 0x00,
    0xBA, 0xBE, 0x83, 0x9A, 0xBE, 0x88, 0xBA, 0xBE, 0x02, 0x9A, 0xBE, 0xBA, 0xBE, 0xBA, 0xC6, 0x82,
    0x9A, 0xBE, 0x00, 0x7A, 0xBE, 0x83, 0xBA, 0xBE, 0x83, 0x9A, 0xBE, 0x81, 0xBA, 0xBE, 0x82, 0xBA,
    0xC6, 0x84, 0x9A, 0xBE, 0x00, 0xBA, 0xBE, 0x83, 0xBA, 0xC6, 0x81, 0xBA, 0xBE, 0x81, 0xBA, 0xC6,
    0x82, 0xBA, 0xBE, 0x81, 0x9A, 0xBE, 0x02, 0xBA, 0xBE, 0x9A, 0xBE, 0x7A, 0xBE, 0x81, 0x9A, 0xBE,
    0x84, 0xBA, 0xBE, 0x82, 0x9A, 0xBE, 0x81, 0xBA, 0xBE, 0x82, 0xBA, 0xC6, 0x00, 0xBA, 0xBE, 0x83,
    0x9A, 0xBE, 0x00, 0xBA, 0xBE, 0x84, 0xBA, 0xC6, 0x81, 0xBA, 0xBE, 0x81, 0xBA, 0xC6, 0x82, 0xBA,
    0xBE, 0x02, 0x9A, 0xBE, 0xBA, 0xBE, 0x9A, 0xBE, 0x81, 0x7A, 0xBE, 0x02, 0x9A, 0xBE, 0xBA, 0xBE,
    0xBA, 0xC6, 0x82, 0xBA, 0xBE, 0x82, 0x9A, 0xBE, 0x82, 0xBA, 0xBE, 0x00, 0xBA, 0xC6, 0x81, 0xBA,
    0xBE, 0x83, 0x9A, 0xBE, 0x00, 0xBA, 0xBE, 0x81, 0xBA, 0xC6, 0x00, 0xBA, 0xBE, 0x81, 0xBA, 0xC6,
    0x81, 0xBA, 0xBE, 0x81, 0xBA, 0xC6, 0x82, 0xBA, 0xBE, 0x81, 0x9A, 0xBE, 0x05, 0xBA, 0xBE, 0x9A,
    0xBE, 0x7A, 0xBE, 0x9A, 0xBE, 0xBA, 0xBE, 0xBA, 0xC6, 0x82, 0xBA, 0xBE, 0x82, 0x9A, 0xBE, 0x82,
    0xBA, 0xBE, 0x82, 0xBA, 0xC6, 0x82, 0x9A, 0xBE, 0x86, 0xBA, 0xBE, 0x00, 0x9A, 0xBE, 0x81, 0xBA,
    0xBE, 0x82, 0xBA, 0xC6, 0x00, 0xBA, 0xBE, 0x84, 0x9A, 0xBE, 0x81, 0xBA, 0xBE, 0x81, 0xBA, 0xC6,
    0x03, 0xBA, 0xBE, 0x9A, 0xBE, 0xBA, 0xC6, 0xBA, 0xBE, 0x83, 0x9A, 0xBE, 0x81, 0xBA, 0xBE, 0x03,
    0x9A, 0xBE, 0x7B, 0xB6, 0x7A, 0xBE, 0x9A, 0xBE, 0x86, 0xBA, 0xBE, 0x00, 0x9A, 0xBE, 0x81, 0xBA,
    0xBE, 0x83, 0xBA, 0xC6, 0x85, 0x9A, 0xBE, 0x81, 0xBA, 0xBE, 0x81, 0xBA, 0xC6, 0x02, 0x9A, 0xBE,
    0xBA, 0xC6, 0xBA, 0xBE, 0x83, 0x9A, 0xBE, 0x05, 0xBA, 0xBE, 0xBA, 0xC6, 0x9A, 0xBE, 0x7B, 0xB6,
    0x7A, 0xB6, 0x9A, 0xBE, 0x86, 0xBA, 0xBE, 0x00, 0x9A, 0xBE, 0x82, 0xBA, 0xBE, 0x82, 0xBA, 0xC6,
    0x00, 0xBA, 0xBE, 0x84, 0x9A, 0xBE, 0x81, 0xBA, 0xBE, 0x81, 0xBA, 0xC6, 0x81, 0xBA, 0xBE, 0x00,
    0xBA, 0xC6, 0x83, 0x9A, 0xBE, 0x05, 0xBA, 0xBE, 0xBA, 0xC6, 0x9A, 0xBE, 0x7A, 0xB6, 0x7B, 0xB6,
    0x9A, 0xBE, 0x86, 0xBA, 0xBE, 0x00, 0x9A, 0xBE, 0x82, 0xBA, 0xBE, 0x82, 0xBA, 0xC6, 0x00, 0xBA,
    0xBE, 0x82, 0x9A, 0xBE, 0x81, 0xBA, 0xBE, 0x81, 0x9A, 0xBE, 0x81, 0xBA, 0xBE, 0x81, 0x9A, 0xBE,
    0x01, 0xBA, 0xBE, 0xBA, 0xC6, 0x83, 0xBA, 0xBE, 0x84, 0x9A, 0xBE, 0x82, 0xBA, 0xC6, 0x85, 0x9A,
    0xBE, 0x81, 0x7A, 0xBE, 0x04, 0xBA, 0xBE, 0x9A, 0xBE, 0x7A, 0xB6, 0x5B, 0xB6, 0x7A, 0xB6, 0x81,
    0x9A, 0xBE, 0x82, 0xBA, 0xBE, 0x02, 0x9A, 0xBE, 0xBA, 0xBE, 0xBA, 0xC6, 0x82, 0x9A, 0xBE, 0x00,
    0xBA, 0xC6, 0x83, 0xBA, 0xBE, 0x84, 0x9A, 0xBE, 0x00, 0xBA, 0xBE, 0x81, 0xBA, 0xC6, 0x85, 0x9A,
    0xBE, 0x81, 0x7A, 0xBE, 0x81, 0x9A, 0xBE, 0x02, 0x7A, 0xBE, 0x5B, 0xB6, 0x7A, 0xB6, 0x82, 0x9A,
    0xBE, 0x05, 0xBA, 0xC6, 0xBA, 0xBE, 0x9A, 0xBE, 0xBA, 0xBE, 0xBA, 0xC6, 0xBA, 0xBE, 0x81, 0x9A,
    0xBE, 0x00, 0xBA, 0xC6, 0x83, 0xBA, 0xBE, 0x84, 0x9A, 0xBE, 0x00, 0xBA, 0xBE, 0x81, 0xBA, 0xC6,
    0x00, 0xBA, 0xBE, 0x84, 0x9A, 0xBE, 0x81, 0x7A, 0xBE, 0x02, 0x9A, 0xBE, 0xBA, 0xBE, 0x9A, 0xBE,
    0x81, 0x7B, 0xB6, 0x00, 0x7A, 0xBE, 0x81, 0x9A, 0xBE, 0x81, 0xBA, 0xBE, 0x81, 0x9A, 0xBE, 0x01,
    0xBA, 0xC6, 0xBA, 0xBE, 0x81, 0x9A, 0xBE, 0x01, 0xBA, 0xBE, 0xBA, 0xC6, 0x83, 0xBA, 0xBE, 0x81,
    0x9A, 0xBE, 0x81, 0xBA, 0xC6, 0x81, 0x9A, 0xBE, 0x82, 0xBA, 0xBE, 0x01, 0xBA, 0xC6, 0xBA, 0xBE,
    0x88, 0x9A, 0xBE, 0x00, 0xBA, 0xBE, 0x81, 0xBA, 0xC6, 0x02, 0xBA, 0xBE, 0x9A, 0xBE, 0x7A, 0xBE,
    0x81, 0x9A, 0xBE, 0x07, 0xBA, 0xBE, 0x9A, 0xBE, 0x7A, 0xB6, 0x7B, 0xB6, 0x7A, 0xB6, 0x7A, 0xBE,
    0x7B, 0xB6, 0x7A, 0xB6, 0x82, 0x9A, 0xBE, 0x81, 0xBA, 0xC6, 0x01, 0xBA, 0xBE, 0x9A, 0xBE, 0x82,
    0xBA, 0xBE, 0x01, 0xBA, 0xC6, 0xBA, 0xBE, 0x81, 0x9A, 0xBE, 0x00, 0x7A, 0xBE, 0x81, 0x9A, 0xBE,
    0x00, 0xBA, 0xBE, 0x83, 0x9A, 0xBE, 0x82, 0xBA, 0xC6, 0x01, 0x9A, 0xBE, 0x7A, 0xBE, 0x81, 0x9A,
    0xBE, 0x02, 0xBA, 0xBE, 0x9A, 0xBE, 0x7A, 0xBE, 0x81, 0x7B, 0xB6, 0x02, 0x7A, 0xBE, 0x7B, 0xB6,
    0x7A, 0xB6, 0x82, 0x9A, 0xBE, 0x03, 0xBA, 0xBE, 0xBA, 0xC6, 0xBA, 0xBE, 0x9A, 0xBE, 0x83, 0xBA,
    0xBE, 0x00, 0xBA, 0xC6, 0x81, 0x9A, 0xBE, 0x00, 0x7A, 0xBE, 0x86, 0x9A, 0xBE, 0x00, 0xBA, 0xBE,
    0x81, 0xBA, 0xC6, 0x00, 0x9A, 0xBE, 0x81, 0x7A, 0xBE, 0x01, 0x9A, 0xBE, 0xBA, 0xBE, 0x81, 0x9A,
    0xBE, 0x81, 0x7B, 0xB6, 0x81, 0x7A, 0xBE, 0x00, 0x7B, 0xB6, 0x83, 0x9A, 0xBE, 0x81, 0xBA, 0xC6,
    0x81, 0x9A, 0xBE, 0x82, 0xBA, 0xBE, 0x01, 0xBA, 0xC6, 0xBA, 0xBE, 0x85, 0x9A, 0xBE, 0x83, 0xBA,
    0xBE, 0x00, 0xBA, 0xC6, 0x82, 0xBA, 0xBE, 0x81, 0xBA, 0xC6, 0x02, 0xBA, 0xBE, 0x9A, 0xBE, 0x7A,
    0xBE, 0x81, 0x9A, 0xBE, 0x00, 0xBA, 0xC6, 0x81, 0xBA, 0xBE, 0x01, 0xBA, 0xC6, 0xBA, 0xBE, 0x81,
    0xBA, 0xC6, 0x00, 0xBA, 0xBE, 0x83, 0x9A, 0xBE, 0x81, 0xBA, 0xBE, 0x02, 0x9A, 0xBE, 0x5B, 0xB6,
    0x7B, 0xB6, 0x82, 0x7A, 0xBE, 0x82, 0x9A, 0xBE, 0x82, 0xBA, 0xBE, 0x00, 0xBA, 0xC6, 0x82, 0xBA,
    0xBE, 0x82, 0xBA, 0xC6, 0x00, 0x9A, 0xBE, 0x81, 0x7A, 0xBE, 0x00, 0x9A, 0xBE, 0x81, 0xBA, 0xBE,
    0x00, 0x9A, 0xBE, 0x82, 0xBA, 0xBE, 0x81, 0xBA, 0xC6, 0x83, 0x9A, 0xBE, 0x81, 0xBA, 0xBE, 0x00,
    0x9A, 0xBE, 0x81, 0x7B, 0xB6, 0x82, 0x7A, 0xBE, 0x82, 0x9A, 0xBE, 0x83, 0xBA, 0xBE, 0x00, 0xBA,
    0xC6, 0x81, 0xBA, 0xBE, 0x82, 0xBA, 0xC6, 0x00, 0x9A, 0xBE, 0x81, 0x7A, 0xBE, 0x00, 0x9A, 0xBE,
    0x81, 0xBA, 0xBE, 0x00, 0x9A, 0xBE, 0x82, 0xBA, 0xBE, 0x81, 0xBA, 0xC6, 0x83, 0x9A, 0xBE, 0x81,
    0xBA, 0xBE, 0x03, 0x9A, 0xBE, 0x7A, 0xB6, 0x5B, 0xB6, 0x7A, 0xB6, 0x82, 0x7A, 0xBE, 0x81, 0x9A,
    0xBE, 0x83, 0xBA, 0xBE, 0x00, 0xBA, 0xC6, 0x81, 0xBA, 0xBE, 0x82, 0xBA, 0xC6, 0x00, 0xBA, 0xBE,
    0x81, 0x7A, 0xBE, 0x01, 0x9A, 0xBE, 0xBA, 0xBE, 0x81, 0xBA, 0xC6, 0x01, 0xBA, 0xBE, 0x9A, 0xBE,
    0x81, 0xBA, 0xBE, 0x81, 0xBA, 0xC6, 0x00, 0xBA, 0xBE, 0x81, 0xBA, 0xC6, 0x81, 0x9A, 0xBE, 0x00,
    0x7A, 0xBE, 0x81, 0x9A, 0xBE, 0x01, 0xBA, 0xC6, 0xBA, 0xBE, 0x84, 0xBA, 0xC6, 0x04, 0x9A, 0xBE,
    0x7A, 0xBE, 0x9A, 0xBE, 0xBA, 0xBE, 0x9A, 0xBE, 0x81, 0xBA, 0xBE, 0x01, 0x9A, 0xBE, 0x7A, 0xB6,
    0x84, 0x9A, 0xBE, 0x82, 0xBA, 0xBE, 0x81, 0x9A, 0xBE, 0x00, 0xBA, 0xBE, 0x84, 0xBA, 0xC6, 0x02,
    0xBA, 0xBE, 0x9A, 0xBE, 0x7A, 0xBE, 0x81, 0x9A, 0xBE, 0x81, 0xBA, 0xC6, 0x00, 0xBA, 0xBE, 0x83,
    0xBA, 0xC6, 0x00, 0xBA, 0xBE, 0x81, 0x9A, 0xBE, 0x81, 0xBA, 0xBE, 0x04, 0x9A, 0xBE, 0xBA, 0xBE,
    0x9A, 0xBE, 0x7A, 0xB6, 0x7A, 0xBE, 0x84, 0x9A, 0xBE, 0x81, 0xBA, 0xBE, 0x81, 0x9A, 0xBE, 0x00,
    0xBA, 0xBE, 0x81, 0xBA, 0xC6, 0x00, 0xBA, 0xBE, 0x81, 0xBA, 0xC6, 0x00, 0xBA, 0xBE, 0x81, 0x9A,
    0xBE, 0x04, 0x7A, 0xBE, 0x9A, 0xBE, 0xBA, 0xBE, 0xBA, 0xC6, 0xBA, 0xBE, 0x84, 0xBA, 0xC6, 0x08,
    0x9A, 0xBE, 0x7A, 0xBE, 0x9A, 0xBE, 0xBA, 0xBE, 0x9A, 0xBE, 0xBA, 0xBE, 0x9A, 0xBE, 0x7A, 0xBE,
    0x7A, 0xB6, 0x84, 0x9A, 0xBE, 0x04, 0xBA, 0xBE, 0xBA, 0xC6, 0xBA, 0xBE, 0x9A, 0xBE, 0xBA, 0xBE,
    0x81, 0xBA, 0xC6, 0x81, 0xBA, 0xBE, 0x01, 0xBA, 0xC6, 0xBA, 0xBE, 0x81, 0x9A, 0xBE, 0x02, 0x7A,
    0xBE, 0x9A, 0xBE, 0xBA, 0xBE, 0x81, 0xBA, 0xC6, 0x00, 0xBA, 0xBE, 0x83, 0x9A, 0xBE, 0x82, 0xBA,
    0xBE, 0x85, 0x9A, 0xBE, 0x00, 0xBA, 0xBE, 0x84, 0xBA, 0xC6, 0x00, 0xBA, 0xBE, 0x82, 0x9A, 0xBE,
    0x81, 0xBA, 0xC6, 0x04, 0xBA, 0xBE, 0x9A, 0xBE, 0x7A, 0xBE, 0x9A, 0xBE, 0xBA, 0xBE, 0x84, 0x9A,
    0xBE, 0x81, 0xBA, 0xC6, 0x83, 0x9A, 0xBE, 0x83, 0xBA, 0xBE, 0x84, 0x9A, 0xBE, 0x00, 0xBA, 0xBE,
    0x84, 0xBA, 0xC6, 0x00, 0xBA, 0xBE, 0x82, 0x9A, 0xBE, 0x81, 0xBA, 0xC6, 0x01, 0xBA, 0xBE, 0x9A,
    0xBE, 0x81, 0x7A, 0xBE, 0x85, 0x9A, 0xBE, 0x01, 0xBA, 0xBE, 0xBA, 0xC6, 0x83, 0x9A, 0xBE, 0x03,
    0xBA, 0xBE, 0xBA, 0xC6, 0x9A, 0xBE, 0xBA, 0xBE, 0x84, 0x9A, 0xBE, 0x00, 0xBA, 0xBE, 0x85, 0xBA,
    0xC6, 0x00, 0xBA, 0xBE, 0x81, 0x9A, 0xBE, 0x01, 0xBA, 0xBE, 0xBA, 0xC6, 0x81, 0xBA, 0xBE, 0x03,
    0x9A, 0xBE, 0x7A, 0xBE, 0x9A, 0xBE, 0xBA, 0xBE, 0x83, 0x9A, 0xBE, 0x02, 0xBA, 0xBE, 0xBA, 0xC6,
    0xBA, 0xBE, 0x83, 0x9A, 0xBE, 0x02, 0xBA, 0xC6, 0x9A, 0xBE, 0xBA, 0xBE, 0x84, 0x9A, 0xBE, 0x81,
    0xBA, 0xBE, 0x81, 0xBA, 0xC6, 0x00, 0xBA, 0xBE, 0x82, 0x9A, 0xBE, 0x81, 0xBA, 0xBE, 0x85, 0x9A,
    0xBE, 0x81, 0xBA, 0xBE, 0x83, 0xBA, 0xC6, 0x00, 0xBA, 0xBE, 0x81, 0x9A, 0xBE, 0x00, 0xBA, 0xBE,
    0x81, 0xBA, 0xC6, 0x81, 0xBA, 0xBE, 0x03, 0x9A, 0xBE, 0x7A, 0xBE, 0x9A, 0xBE, 0xBA, 0xBE, 0x84,
    0x9A, 0xBE, 0x81, 0xBA, 0xC6, 0x00, 0xBA, 0xBE, 0x82, 0x9A, 0xBE, 0x01, 0xBA, 0xBE, 0xBA, 0xC6,
    0x85, 0x9A, 0xBE, 0x81, 0xBA, 0xBE, 0x83, 0xBA, 0xC6, 0x81, 0xBA, 0xBE, 0x01, 0x9A, 0xBE, 0xBA,
    0xBE, 0x81, 0xBA, 0xC6, 0x81, 0xBA, 0xBE, 0x03, 0x9A, 0xBE, 0x7A, 0xBE, 0x9A, 0xBE, 0xBA, 0xBE,
    0x84, 0x9A, 0xBE, 0x00, 0xBA, 0xBE, 0x81, 0xBA, 0xC6, 0x82, 0x9A, 0xBE, 0x01, 0xBA, 0xBE, 0xBA,
    0xC6, 0x83, 0x9A, 0xBE, 0x00, 0xBA, 0xBE, 0x81, 0x9A, 0xBE, 0x81, 0xBA, 0xBE, 0x82, 0xBA, 0xC6,
    0x81, 0xBA, 0xBE, 0x81, 0x9A, 0xBE, 0x81, 0xBA, 0xC6, 0x81, 0xBA, 0xBE, 0x03, 0x9A, 0xBE, 0x7A,
    0xBE, 0x9A, 0xBE, 0xBA, 0xBE, 0x85, 0x9A, 0xBE, 0x81, 0xBA, 0xC6, 0x83, 0x9A, 0xBE, 0x01, 0xBA,
    0xC6, 0xBA, 0xBE, 0x82, 0x9A, 0xBE, 0x00, 0xBA, 0xBE, 0x81, 0x9A, 0xBE, 0x81, 0xBA, 0xBE, 0x02,
    0xBA, 0xC6, 0xDA, 0xC6, 0xBA, 0xC6, 0x81, 0x9A, 0xBE, 0x81, 0xBA, 0xBE, 0x01, 0xBA, 0xC6, 0xBA,
    0xBE, 0x81, 0x9A, 0xBE, 0x02, 0xBA, 0xC6, 0xBA, 0xBE, 0x9A, 0xBE, 0x81, 0xBA, 0xBE, 0x83, 0xBA,
    0xC6, 0x00, 0xBA, 0xBE, 0x81, 0x9A, 0xBE, 0x81, 0xBA, 0xC6, 0x81, 0x9A, 0xBE, 0x83, 0xBA, 0xBE,
    0x84, 0x9A, 0xBE, 0x03, 0xBA, 0xBE, 0xBA, 0xC6, 0xDA, 0xC6, 0xBA, 0xC6, 0x81, 0x9A, 0xBE, 0x81,
    0xBA, 0xBE, 0x01, 0xBA, 0xC6, 0xBA, 0xBE, 0x81, 0x9A, 0xBE, 0x01, 0xBA, 0xBE, 0xBA, 0xC6, 0x82,
    0xBA, 0xBE, 0x84, 0xBA, 0xC6, 0x04, 0xBA, 0xBE, 0x9A, 0xBE, 0xBA, 0xBE, 0xBA, 0xC6, 0xBA, 0xBE,
    0x81, 0x9A, 0xBE, 0x82, 0xBA, 0xBE, 0x84, 0x9A, 0xBE, 0x00, 0xBA, 0xBE, 0x81, 0xBA, 0xC6, 0x01,
    0xDA, 0xC6, 0xBA, 0xBE, 0x81, 0x9A, 0xBE, 0x00, 0xBA, 0xBE, 0x81, 0xBA, 0xC6, 0x81, 0x9A, 0xBE,
    0x04, 0xBA, 0xBE, 0xBA, 0xC6, 0xBA, 0xBE, 0x9A, 0xBE, 0xBA, 0xBE, 0x84, 0xBA, 0xC6, 0x04, 0xBA,
    0xBE, 0x9A, 0xBE, 0xBA, 0xBE, 0xBA, 0xC6, 0xBA, 0xBE, 0x81, 0x9A, 0xBE, 0x83, 0xBA, 0xBE, 0x83,
    0x9A, 0xBE, 0x00, 0xBA, 0xBE, 0x81, 0xBA, 0xC6, 0x01, 0xDA, 0xC6, 0xBA, 0xC6, 0x81, 0x9A, 0xBE,
    0x00, 0xBA, 0xBE, 0x81, 0xBA, 0xC6, 0x00, 0xBA, 0xBE, 0x81, 0x9A, 0xBE, 0x03, 0xBA, 0xC6, 0xBA,
    0xBE, 0x9A, 0xBE, 0xBA, 0xBE, 0x81, 0xBA, 0xC6, 0x01, 0xDA, 0xC6, 0xBA, 0xC6, 0x81, 0x9A, 0xBE,
    0x00, 0xBA, 0xBE, 0x82, 0xBA, 0xC6, 0x81, 0x9A, 0xBE, 0x01, 0xBA, 0xC6, 0xBA, 0xBE, 0x82, 0x9A,
    0xBE, 0x81, 0xBA, 0xC6, 0x00, 0xDA, 0xC6, 0x81, 0xBA, 0xC6, 0x84, 0x9A, 0xBE, 0x09, 0x7A, 0xBE,
    0x9A, 0xBE, 0xBA, 0xC6, 0xDA, 0xC6, 0xBA, 0xC6, 0xBA, 0xBE, 0x9A, 0xBE, 0xBA, 0xBE, 0xBA, 0xC6,
    0xBA, 0xBE, 0x81, 0xBA, 0xC6, 0x01, 0xDA, 0xC6, 0xBA, 0xC6, 0x82, 0x9A, 0xBE, 0x82, 0xBA, 0xC6,
    0x81, 0x9A, 0xBE, 0x81, 0xBA, 0xC6, 0x82, 0x9A, 0xBE, 0x02, 0xBA, 0xBE, 0xBA, 0xC6, 0xDA, 0xC6,
    0x81, 0xBA, 0xC6, 0x84, 0x9A, 0xBE, 0x05, 0x7A, 0xBE, 0x9A, 0xBE, 0xBA, 0xC6, 0xDA, 0xC6, 0xBA,
    0xC6, 0xBA, 0xBE, 0x81, 0x9A, 0xBE, 0x83, 0xBA, 0xC6, 0x81, 0xDA, 0xC6, 0x00, 0xBA, 0xBE, 0x81,
    0x9A, 0xBE, 0x00, 0xBA, 0xBE, 0x81, 0xBA, 0xC6, 0x04, 0xBA, 0xBE, 0x9A, 0xBE, 0xBA, 0xBE, 0xBA,
    0xC6, 0xBA, 0xBE, 0x82, 0x9A, 0xBE, 0x00, 0xBA, 0xC6, 0x81, 0xDA, 0xC6, 0x01, 0xBA, 0xC6, 0xBA,
    0xBE, 0x83, 0x9A, 0xBE, 0x81, 0x7A, 0xBE, 0x02, 0xBA, 0xC6, 0xDA, 0xC6, 0xBA, 0xC6, 0x81, 0xBA,
    0xBE, 0x04, 0x9A, 0xBE, 0xBA, 0xBE, 0xBA, 0xC6, 0xBA, 0xBE, 0xBA, 0xC6, 0x81, 0xDA, 0xC6, 0x00,
    0xBA, 0xC6, 0x81, 0x9A, 0xBE, 0x00, 0xBA, 0xBE, 0x81, 0xBA, 0xC6, 0x04, 0xBA, 0xBE, 0x9A, 0xBE,
    0xBA, 0xBE, 0xBA, 0xC6, 0xBA, 0xBE, 0x82, 0x9A, 0xBE, 0x02, 0xBA, 0xC6, 0xDA, 0xC6, 0xBA, 0xC6,
    0x82, 0x9A, 0xBE, 0x01, 0xBA, 0xC6, 0xBA, 0xBE, 0x82, 0x9A, 0xBE, 0x01, 0xBA, 0xC6, 0xBA, 0xBE,
    0x83, 0x9A, 0xBE, 0x81, 0xBA, 0xC6, 0x03, 0xBA, 0xBE, 0x9A, 0xBE, 0x7B, 0xB6, 0x7A, 0xBE, 0x83,
    0x9A, 0xBE, 0x00, 0xBA, 0xC6, 0x81, 0xDA, 0xC6, 0x00, 0xBA, 0xC6, 0x82, 0xBA, 0xBE, 0x01, 0xBA,
    0xC6, 0xDA, 0xC6, 0x81, 0xBA, 0xC6, 0x01, 0xDA, 0xC6, 0xBA, 0xC6, 0x82, 0x9A, 0xBE, 0x01, 0xBA,
    0xC6, 0xBA, 0xBE, 0x82, 0x9A, 0xBE, 0x01, 0xBA, 0xBE, 0xBA, 0xC6, 0x83, 0x9A, 0xBE, 0x82, 0xBA,
    0xC6, 0x02, 0x9A, 0xBE, 0x7A, 0xBE, 0x7A, 0xB6, 0x83, 0x9A, 0xBE, 0x00, 0xBA, 0xC6, 0x81, 0xDA,
    0xC6, 0x00, 0xBA, 0xC6, 0x82, 0xBA, 0xBE, 0x01, 0xBA, 0xC6, 0xDA, 0xC6, 0x81, 0xBA, 0xC6, 0x01,
    0xDA, 0xC6, 0xBA, 0xC6, 0x82, 0x9A, 0xBE, 0x02, 0xBA, 0xBE, 0xBA, 0xC6, 0xBA, 0xBE, 0x82, 0x9A,
    0xBE, 0x00, 0xBA, 0xC6, 0x83, 0x9A, 0xBE, 0x00, 0xBA, 0xBE, 0x81, 0xBA, 0xC6, 0x02, 0xBA, 0xBE,
    0x7A, 0xBE, 0x7A, 0xB6, 0x83, 0x9A, 0xBE, 0x02, 0xBA, 0xBE, 0xBA, 0xC6, 0xDA, 0xC6, 0x81, 0xBA,
    0xC6, 0x81, 0xBA, 0xBE, 0x01, 0xBA, 0xC6, 0xDA, 0xC6, 0x81, 0xBA, 0xC6, 0x02, 0xDA, 0xC6, 0xBA,
    0xC6, 0xBA, 0xBE, 0x82, 0x9A, 0xBE, 0x01, 0xBA, 0xC6, 0xBA, 0xBE, 0x82, 0x9A, 0xBE, 0x01, 0xBA,
    0xC6, 0xBA, 0xBE, 0x82, 0x9A, 0xBE, 0x81, 0xBA, 0xC6, 0x82, 0x9A, 0xBE, 0x82, 0xBA, 0xBE, 0x82,
    0x9A, 0xBE, 0x83, 0xBA, 0xBE, 0x84, 0x9A, 0xBE, 0x02, 0x7A, 0xB6, 0x7B, 0xB6, 0x7A, 0xBE, 0x81,
    0x9A, 0xBE, 0x00, 0xBA, 0xBE, 0x84, 0xBA, 0xC6, 0x82, 0xBA, 0xBE, 0x01, 0xBA, 0xC6, 0xDA, 0xC6,
    0x82, 0xBA, 0xC6, 0x00, 0xBA, 0xBE, 0x82, 0x9A, 0xBE, 0x81, 0xBA, 0xBE, 0x82, 0x9A, 0xBE, 0x83,
    0xBA, 0xBE, 0x84, 0x9A, 0xBE, 0x02, 0x7A, 0xBE, 0x7B, 0xB6, 0x7A, 0xB6, 0x81, 0x9A, 0xBE, 0x00,
    0xBA, 0xBE, 0x84, 0xBA, 0xC6, 0x82, 0xBA, 0xBE, 0x01, 0xBA, 0xC6, 0xDA, 0xC6, 0x82, 0xBA, 0xC6,
    0x00, 0xBA, 0xBE, 0x82, 0x9A, 0xBE, 0x81, 0xBA, 0xBE, 0x83, 0x9A, 0xBE, 0x82, 0xBA, 0xBE, 0x84,
    0x9A, 0xBE, 0x00, 0x7A, 0xBE, 0x81, 0x7B, 0xB6, 0x81, 0x9A, 0xBE, 0x81, 0xBA, 0xBE, 0x84, 0xBA,
    0xC6, 0x81, 0xBA, 0xBE, 0x00, 0xBA, 0xC6, 0x81, 0xDA, 0xC6, 0x82, 0xBA, 0xC6, 0x82, 0x9A, 0xBE,
    0x81, 0xBA, 0xBE, 0x83, 0x9A, 0xBE, 0x82, 0xBA, 0xBE, 0x81, 0x9A, 0xBE, 0x00, 0xBA, 0xBE, 0x89,
    0x9A, 0xBE, 0x02, 0xBA, 0xBE, 0x9A, 0xBE, 0xBA, 0xBE, 0x8A, 0x9A, 0xBE, 0x82, 0xBA, 0xBE, 0x81,
    0x9A, 0xBE, 0x00, 0xBA, 0xBE, 0x81, 0x9A, 0xBE, 0x00, 0xBA, 0xBE, 0x83, 0xBA, 0xC6, 0x89, 0x9A,
    0xBE, 0x83, 0xBA, 0xBE, 0x89, 0x9A, 0xBE, 0x82, 0xBA, 0xBE, 0x81, 0x9A, 0xBE, 0x00, 0xBA, 0xBE,
    0x81, 0x9A, 0xBE, 0x81, 0xBA, 0xBE, 0x82, 0xBA, 0xC6, 0x89, 0x9A, 0xBE, 0x83, 0xBA, 0xBE, 0x8A,
    0x9A, 0xBE, 0x81, 0xBA, 0xBE, 0x82, 0x9A, 0xBE, 0x01, 0xBA, 0xBE, 0x9A, 0xBE, 0x81, 0xBA, 0xBE,
    0x82, 0xBA, 0xC6, 0x00, 0xBA, 0xBE, 0x89, 0x9A, 0xBE, 0x02, 0xBA, 0xBE, 0x9A, 0xBE, 0xBA, 0xBE,
    0x81, 0x9A, 0xBE, 0x00, 0xBA, 0xC6, 0x83, 0x9A, 0xBE, 0x01, 0x7A, 0xB6, 0x7A, 0xBE, 0x81, 0x9A,
    0xBE, 0x82, 0xBA, 0xBE, 0x01, 0x9A, 0xBE, 0xBA, 0xBE, 0x81, 0x9A, 0xBE, 0x83, 0xBA, 0xBE, 0x01,
    0xBA, 0xC6, 0xBA, 0xBE, 0x89, 0x9A, 0xBE, 0x81, 0xBA, 0xBE, 0x83, 0xBA, 0xC6, 0x83, 0x9A, 0xBE,
    0x01, 0x7A, 0xBE, 0x7A, 0xB6, 0x82, 0x9A, 0xBE, 0x81, 0xBA, 0xBE, 0x84, 0x9A, 0xBE, 0x82, 0xBA,
    0xBE, 0x01, 0xBA, 0xC6, 0xBA, 0xBE, 0x83, 0x9A, 0xBE, 0x00, 0xBA, 0xBE, 0x83, 0x9A, 0xBE, 0x02,
    0xBA, 0xBE, 0x9A, 0xBE, 0xBA, 0xBE, 0x83, 0xBA, 0xC6, 0x00, 0xBA, 0xBE, 0x82, 0x9A, 0xBE, 0x01,
    0x7A, 0xBE, 0x7A, 0xB6, 0x82, 0x9A, 0xBE, 0x81, 0xBA, 0xBE, 0x84, 0x9A, 0xBE, 0x82, 0xBA, 0xBE,
    0x01, 0xBA, 0xC6, 0xBA, 0xBE, 0x83, 0x9A, 0xBE, 0x00, 0xBA, 0xBE, 0x83, 0x9A, 0xBE, 0x02, 0xBA,
    0xBE, 0x9A, 0xBE, 0xBA, 0xBE, 0x84, 0xBA, 0xC6, 0x83, 0x9A, 0xBE, 0x01, 0x7A, 0xB6, 0x7A, 0xBE,
    0x81, 0x9A, 0xBE, 0x82, 0xBA, 0xBE, 0x01, 0x9A, 0xBE, 0xBA, 0xBE, 0x81, 0x9A, 0xBE, 0x01, 0xBA,
    0xC6, 0xBA, 0xBE, 0x82, 0x9A, 0xBE, 0x01, 0x7A, 0xBE, 0x9A, 0xBE, 0x84, 0xBA, 0xBE, 0x83, 0x9A,
    0xBE, 0x00, 0xBA, 0xBE, 0x83, 0xBA, 0xC6, 0x01, 0xBA, 0xBE, 0x9A, 0xBE, 0x83, 0xBA, 0xBE, 0x82,
    0x9A, 0xBE, 0x00, 0xBA, 0xBE, 0x81, 0xBA, 0xC6, 0x01, 0xDA, 0xC6, 0xBA, 0xC6, 0x81, 0xBA, 0xBE,
    0x01, 0xBA, 0xC6, 0xBA, 0xBE, 0x82, 0x9A, 0xBE, 0x81, 0x7A, 0xBE, 0x00, 0x9A, 0xBE, 0x83, 0xBA,
    0xBE, 0x83, 0x9A, 0xBE, 0x00, 0xBA, 0xBE, 0x83, 0xBA, 0xC6, 0x00, 0xBA, 0xBE, 0x81, 0x9A, 0xBE,
    0x81, 0xBA, 0xBE, 0x00, 0xBA, 0xC6, 0x82, 0x9A, 0xBE, 0x00, 0xBA, 0xBE, 0x83, 0xBA, 0xC6, 0x82,
    0xBA, 0xBE, 0x00, 0xBA, 0xC6, 0x82, 0x9A, 0xBE, 0x81, 0x7A, 0xBE, 0x00, 0x9A, 0xBE, 0x83, 0xBA,
    0xBE, 0x83, 0x9A, 0xBE, 0x00, 0xBA, 0xBE, 0x84, 0xBA, 0xC6, 0x01, 0xBA, 0xBE, 0x9A, 0xBE, 0x81,
    0xBA, 0xBE, 0x01, 0xBA, 0xC6, 0xBA, 0xBE, 0x82, 0x9A, 0xBE, 0x82, 0xBA, 0xC6, 0x01, 0xDA, 0xC6,
    0xBA, 0xC6, 0x81, 0xBA, 0xBE, 0x01, 0xBA, 0xC6, 0xBA, 0xBE, 0x81, 0x9A, 0xBE, 0x81, 0x7A, 0xBE,
    0x00, 0x9A, 0xBE, 0x84, 0xBA, 0xBE, 0x8B, 0x9A, 0xBE, 0x81, 0xBA, 0xBE, 0x84, 0x9A, 0xBE, 0x00,
    0xBA, 0xBE, 0x81, 0xBA, 0xC6, 0x81, 0xDA, 0xC6, 0x81, 0xBA, 0xC6, 0x01, 0xBA, 0xBE, 0x9A, 0xBE,
    0x82, 0xBA, 0xC6, 0x04, 0xBA, 0xBE, 0x9A, 0xBE, 0xBA, 0xBE, 0xBA, 0xC6, 0xDA, 0xC6, 0x83, 0xBA,
    0xC6, 0x88, 0x9A, 0xBE, 0x82, 0xBA, 0xBE, 0x84, 0x9A, 0xBE, 0x81, 0xBA, 0xC6, 0x81, 0xDA, 0xC6,
    0x81, 0xBA, 0xC6, 0x02, 0xBA, 0xBE, 0x9A, 0xBE, 0xBA, 0xBE, 0x82, 0xBA, 0xC6, 0x81, 0x9A, 0xBE,
    0x82, 0xBA, 0xC6, 0x00, 0xDA, 0xC6, 0x81, 0xBA, 0xC6, 0x00, 0xBA, 0xBE, 0x87, 0x9A, 0xBE, 0x82,
    0xBA, 0xBE, 0x84, 0x9A, 0xBE, 0x82, 0xBA, 0xC6, 0x00, 0xDA, 0xC6, 0x82, 0xBA, 0xC6, 0x01, 0x9A,
    0xBE, 0xBA, 0xBE, 0x82, 0xBA, 0xC6, 0x81, 0x9A, 0xBE, 0x81, 0xBA, 0xC6, 0x00, 0xDA, 0xC6, 0x82,
    0xBA, 0xC6, 0x00, 0xBA, 0xBE, 0x88, 0x9A, 0xBE, 0x81, 0xBA, 0xBE, 0x84, 0x9A, 0xBE, 0x00, 0xBA,
    0xC6, 0x81, 0x7A, 0xBE, 0x03, 0x9A, 0xBE, 0xBA, 0xC6, 0x9A, 0xBE, 0x7A, 0xBE, 0x88, 0x9A, 0xBE,
    0x81, 0xBA, 0xC6, 0x82, 0xDA, 0xC6, 0x04, 0xBA, 0xC6, 0xDA, 0xC6, 0xBA, 0xC6, 0x9A, 0xBE, 0xBA,
    0xBE, 0x81, 0xBA, 0xC6, 0x00, 0x58, 0xB6, 0x81, 0x92, 0x84, 0x02, 0xB2, 0x84, 0x92, 0x84, 0x54,
    0x95, 0x81, 0xBA, 0xC6, 0x01, 0xBA, 0xBE, 0x9A, 0xBE, 0x81, 0x7A, 0xBE, 0x03, 0x9A, 0xBE, 0xBA,
    0xC6, 0x9A, 0xBE, 0x7A, 0xBE, 0x88, 0x9A, 0xBE, 0x01, 0xBA, 0xBE, 0xBA, 0xC6, 0x82, 0xDA, 0xC6,
    0x04, 0xBA, 0xC6, 0xDA, 0xC6, 0xBA, 0xC6, 0x59, 0xB6, 0x92, 0x7C, 0x82, 0x92, 0x84, 0x01, 0x14,
    0x8D, 0xBA, 0xBE, 0x84, 0xBA, 0xC6, 0x01, 0xBA, 0xBE, 0x9A, 0xBE, 0x81, 0x7A, 0xBE, 0x00, 0x9A,
    0xBE, 0x81, 0xBA, 0xBE, 0x00, 0x7A, 0xBE, 0x88, 0x9A, 0xBE, 0x05, 0x18, 0xAE, 0x34, 0x95, 0xF3,
    0x8C, 0xD2, 0x8C, 0x54, 0x95, 0x38, 0xB6, 0x81, 0xDA, 0xC6, 0x02, 0xBA, 0xBE, 0x9A, 0xBE, 0xBA,
    0xBE, 0x81, 0xBA, 0xC6, 0x81, 0xBA, 0xBE, 0x85, 0xBA, 0xC6, 0x01, 0xBA, 0xBE, 0x9A, 0xBE, 0x81,
    0x7A, 0xBE, 0x01, 0xBA, 0xBE, 0xBA, 0xC6, 0x8A, 0x9A, 0xBE, 0x06, 0xBA, 0xC6, 0x7A, 0xBE, 0x9A,
    0xBE, 0xBA, 0xBE, 0xBA, 0xC6, 0x9A, 0xBE, 0x7A, 0xBE, 0x83, 0x9A, 0xBE, 0x01, 0xBA, 0xBE, 0xBA,
    0xC6, 0x82, 0x9A, 0xBE, 0x03, 0x55, 0x9D, 0x92, 0x84, 0xB2, 0x84, 0xB1, 0x84, 0x81, 0xB2, 0x84,
    0x00, 0xB1, 0x84, 0x85, 0x92, 0x84, 0x00, 0xB2, 0x84, 0x81, 0xBA, 0xC6, 0x03, 0xB6, 0x9D, 0x54,
    0x95, 0xBA, 0xC6, 0xBA, 0xBE, 0x81, 0x9A, 0xBE, 0x00, 0x7A, 0xBE, 0x81, 0x9A, 0xBE, 0x02, 0xBA,
    0xC6, 0x9A, 0xBE, 0x7A, 0xBE, 0x83, 0x9A, 0xBE, 0x02, 0xBA, 0xBE, 0xBA, 0xC6, 0xBA, 0xBE, 0x81,
    0x9A, 0xBE, 0x81, 0xBA, 0xC6, 0x85, 0xDA, 0xC6, 0x01, 0x79, 0xBE, 0x92, 0x84, 0x81, 0xBA, 0xBE,
    0x01, 0xF7, 0xAD, 0x14, 0x95, 0x84, 0xBA, 0xC6, 0x00, 0xBA, 0xBE, 0x84, 0x9A, 0xBE, 0x81, 0xBA,
    0xC6, 0x84, 0x9A, 0xBE, 0x0A, 0xBA, 0xBE, 0xBA, 0xC6, 0xBA, 0xBE, 0x9A, 0xBE, 0x96, 0x9D, 0x92,
    0x84, 0x75, 0x9D, 0x58, 0xB6, 0x99, 0xBE, 0xF3, 0x8C, 0xD6, 0xA5, 0x81, 0xDA, 0xC6, 0x00, 0xBA,
    0xC6, 0x81, 0xBA, 0xBE, 0x01, 0x9A, 0xBE, 0xBA, 0xBE, 0x86, 0xBA, 0xC6, 0x84, 0x9A, 0xBE, 0x03,
    0xBA, 0xBE, 0xBA, 0xC6, 0x9A, 0xBE, 0x7A, 0xBE, 0x82, 0x9A, 0xBE, 0x00, 0xBA, 0xBE, 0x81, 0xBA,
    0xC6, 0x81, 0x9A, 0xBE, 0x03, 0xBA, 0xBE, 0xBA, 0xC6, 0x7A, 0xBE, 0x9A, 0xBE, 0x82, 0xBA, 0xC6,
    0x83, 0x9A, 0xBE, 0x82, 0xBA, 0xC6, 0x04, 0xBA, 0xBE, 0x9A, 0xBE, 0xBA, 0xBE, 0x55, 0x9D, 0x95,
    0x9D, 0x82, 0xDA, 0xC6, 0x01, 0xBA, 0xC6, 0xDA, 0xC6, 0x82, 0xBA, 0xC6, 0x81, 0xBA, 0xBE, 0x81,
    0x92, 0x84, 0x81, 0x9A, 0xBE, 0x07, 0xB6, 0x9D, 0x54, 0x95, 0xBA, 0xBE, 0x9A, 0xBE, 0x7A, 0xBE,
    0x7B, 0xB6, 0x7A, 0xB6, 0x9A, 0xBE, 0x82, 0xBA, 0xC6, 0x83, 0x9A, 0xBE, 0x81, 0xBA, 0xC6, 0x03,
    0xDA, 0xC6, 0xBA, 0xBE, 0x9A, 0xBE, 0xBA, 0xBE, 0x81, 0xBA, 0xC6, 0x85, 0xDA, 0xC6, 0x01, 0x79,
    0xBE, 0xB2, 0x84, 0x81, 0xBA, 0xBE, 0x01, 0xF7, 0xA5, 0x14, 0x8D, 0x81, 0x9A, 0xBE, 0x00, 0xBA,
    0xBE, 0x81, 0xBA, 0xC6, 0x01, 0x9A, 0xBE, 0x7A, 0xBE, 0x81, 0x7B, 0xB6, 0x01, 0x9A, 0xBE, 0xBA,
    0xBE, 0x81, 0xBA, 0xC6, 0x00, 0xBA, 0xBE, 0x82, 0x9A, 0xBE, 0x06, 0xBA, 0xBE, 0xBA, 0xC6, 0xDA,
    0xC6, 0xBA, 0xC6, 0x59, 0xB6, 0x92, 0x84, 0x59, 0xB6, 0x81, 0xBA, 0xC6, 0x02, 0xDA, 0xC6, 0x33,
    0x95, 0xD6, 0xA5, 0x81, 0xDA, 0xC6, 0x81, 0xBA, 0xC6, 0x01, 0xBA, 0xBE, 0x9A, 0xBE, 0x81, 0xBA,
    0xBE, 0x81, 0x9A, 0xBE, 0x00, 0xBA, 0xBE, 0x81, 0xBA, 0xC6, 0x01, 0x9A, 0xBE, 0x7A, 0xBE, 0x81,
    0x7B, 0xB6, 0x01, 0x7A, 0xBE, 0xBA, 0xBE, 0x81, 0xBA, 0xC6, 0x00, 0xBA, 0xBE, 0x82, 0x9A, 0xBE,
    0x00, 0xBA, 0xBE, 0x82, 0xBA, 0xC6, 0x06, 0xBA, 0xBE, 0x9A, 0xBE, 0xBA, 0xBE, 0xBA, 0xC6, 0x7A,
    0xBE, 0xBA, 0xC6, 0xDA, 0xC6, 0x82, 0xBA, 0xC6, 0x81, 0x9A, 0xBE, 0x00, 0xBA, 0xBE, 0x81, 0xBA,
    0xC6, 0x00, 0xDA, 0xC6, 0x82, 0xBA, 0xC6, 0x01, 0x55, 0x9D, 0x95, 0x9D, 0x82, 0xDA, 0xC6, 0x82,
    0xBA, 0xC6, 0x00, 0xBA, 0xBE, 0x81, 0x9A, 0xBE, 0x00, 0xBA, 0xBE, 0x81, 0x92, 0x84, 0x04, 0x7B,
    0xB6, 0x9A, 0xBE, 0xB6, 0xA5, 0x54, 0x95, 0x9A, 0xBE, 0x81, 0x7A, 0xBE, 0x02, 0x5B, 0xB6, 0x7B,
    0xB6, 0x9A, 0xBE, 0x81, 0xDA, 0xC6, 0x81, 0xBA, 0xC6, 0x02, 0xBA, 0xBE, 0x9A, 0xBE, 0xBA, 0xBE,
    0x81, 0xBA, 0xC6, 0x00, 0xDA, 0xC6, 0x83, 0xBA, 0xC6, 0x83, 0xDA, 0xC6, 0x82, 0xBA, 0xC6, 0x01,
    0x79, 0xBE, 0x92, 0x84, 0x81, 0x9A, 0xBE, 0x03, 0xF7, 0xAD, 0xF4, 0x8C, 0x7B, 0xB6, 0x7A, 0xBE,
    0x81, 0xBA, 0xC6, 0x81, 0x9A, 0xBE, 0x03, 0x7A, 0xBE, 0x7B, 0xB6, 0x5B, 0xB6, 0x9A, 0xBE, 0x81,
    0xDA, 0xC6, 0x81, 0xBA, 0xC6, 0x00, 0xBA, 0xBE, 0x81, 0x9A, 0xBE, 0x81, 0xBA, 0xC6, 0x03, 0xDA,
    0xC6, 0xBA, 0xC6, 0xF7, 0xAD, 0xD2, 0x84, 0x81, 0xBA, 0xC6, 0x03, 0x37, 0xB6, 0xF2, 0x8C, 0xB2,
    0x84, 0xB6, 0xA5, 0x82, 0xBA, 0xC6, 0x00, 0xBA, 0xBE, 0x81, 0x9A, 0xBE, 0x06, 0xBA, 0xC6, 0x9A,
    0xBE, 0x7B, 0xB6, 0x7A, 0xB6, 0xBA, 0xBE, 0xBA, 0xC6, 0xBA, 0xBE, 0x81, 0x9A, 0xBE, 0x04, 0x7A,
    0xB6, 0x5B, 0xB6, 0x5A, 0xB6, 0x79, 0xB6, 0xDA, 0xC6, 0x82, 0xBA, 0xC6, 0x81, 0x9A, 0xBE, 0x01,
    0xBA, 0xBE, 0xBA, 0xC6, 0x81, 0xDA, 0xC6, 0x83, 0xBA, 0xC6, 0x01, 0x9A, 0xBE, 0xBA, 0xC6, 0x81,
    0xDA, 0xC6, 0x81, 0xBA, 0xC6, 0x01, 0x9A, 0xBE, 0xBA, 0xBE, 0x81, 0xBA, 0xC6, 0x81, 0xDA, 0xC6,
    0x08, 0xBA, 0xC6, 0xBA, 0xBE, 0xBA, 0xC6, 0x75, 0x9D, 0xD2, 0x8C, 0xF3, 0x8C, 0xD3, 0x8C, 0xF3,
    0x8C, 0x99, 0xBE, 0x81, 0xBA, 0xC6, 0x03, 0x14, 0x8D, 0xD3, 0x84, 0xB3, 0x84, 0xD3, 0x84, 0x81,
    0x92, 0x84, 0x81, 0x9A, 0xBE, 0x0F, 0xB6, 0x9D, 0xB2, 0x84, 0x93, 0x84, 0x93, 0x7C, 0x14, 0x8D,
    0xF8, 0xA5, 0x7A, 0xBE, 0xBA, 0xC6, 0xDA, 0xC6, 0x99, 0xBE, 0xB6, 0xA5, 0x13, 0x8D, 0xB2, 0x84,
    0xD3, 0x84, 0x34, 0x95, 0x18, 0xAE, 0x81, 0xDA, 0xC6, 0x00, 0x78, 0xB6, 0x82, 0x92, 0x84, 0x1E,
    0xB2, 0x84, 0x13, 0x95, 0xD3, 0x8C, 0xB2, 0x84, 0x34, 0x95, 0x17, 0xAE, 0xBA, 0xC6, 0x79, 0xBE,
    0x92, 0x84, 0x7A, 0xBE, 0x9A, 0xBE, 0xF7, 0xA5, 0x14, 0x8D, 0x96, 0x9D, 0x92, 0x7C, 0x92, 0x84,
    0x92, 0x7C, 0x72, 0x7C, 0x3A, 0xB6, 0x7A, 0xB6, 0x39, 0xB6, 0x55, 0x95, 0xF3, 0x8C, 0xD2, 0x84,
    0x13, 0x8D, 0x75, 0x9D, 0x58, 0xB6, 0xBA, 0xC6, 0x9A, 0xBE, 0xBA, 0xBE, 0xBA, 0xC6, 0x81, 0xDA,
    0xC6, 0x05, 0xF3, 0x8C, 0x92, 0x84, 0xF3, 0x8C, 0xBA, 0xC6, 0xDA, 0xC6, 0x13, 0x8D, 0x81, 0x92,
    0x84, 0x00, 0xF7, 0xAD, 0x81, 0xBA, 0xC6, 0x0A, 0xF7, 0xAD, 0x14, 0x95, 0x93, 0x84, 0x92, 0x84,
    0x14, 0x8D, 0xD7, 0xA5, 0x7A, 0xBE, 0x9A, 0xBE, 0x79, 0xBE, 0x92, 0x84, 0x72, 0x7C, 0x81, 0x52,
    0x7C, 0x00, 0xB3, 0x84, 0x81, 0x72, 0x7C, 0x01, 0x95, 0x9D, 0xDA, 0xC6, 0x82, 0xBA, 0xC6, 0x01,
    0x9A, 0xBE, 0xBA, 0xBE, 0x81, 0xBA, 0xC6, 0x81, 0xDA, 0xC6, 0x01, 0xBA, 0xC6, 0xBA, 0xBE, 0x81,
    0xBA, 0xC6, 0x01, 0xBA, 0xBE, 0xBA, 0xC6, 0x81, 0xDA, 0xC6, 0x00, 0xBA, 0xC6, 0x81, 0xBA, 0xBE,
    0x00, 0x9A, 0xBE, 0x81, 0xBA, 0xBE, 0x83, 0xBA, 0xC6, 0x0A, 0xBA, 0xBE, 0x38, 0xB6, 0xD7, 0xAD,
    0xD7, 0xA5, 0xB7, 0xA5, 0xB2, 0x84, 0x78, 0xBE, 0xDA, 0xC6, 0xBA, 0xC6, 0xB2, 0x84, 0x96, 0x9D,
    0x81, 0xD7, 0xA5, 0x22, 0x96, 0x9D, 0xB2, 0x84, 0xBA, 0xC6, 0x9A, 0xBE, 0x96, 0x9D, 0xB3, 0x84,
    0xF9, 0xAD, 0x1A, 0xAE, 0x56, 0x95, 0x92, 0x7C, 0x18, 0xAE, 0xBA, 0xC6, 0x58, 0xB6, 0xD2, 0x8C,
    0xF3, 0x8C, 0xF7, 0xAD, 0x79, 0xBE, 0x38, 0xB6, 0x75, 0x9D, 0x92, 0x84, 0x96, 0x9D, 0xBA, 0xC6,
    0x58, 0xB6, 0xB2, 0x84, 0xBA, 0xBE, 0xBA, 0xC6, 0x34, 0x95, 0xF3, 0x8C, 0x18, 0xAE, 0x79, 0xBE,
    0xD6, 0xA5, 0xB2, 0x84, 0xF7, 0xAD, 0x79, 0xBE, 0x92, 0x84, 0x81, 0x9A, 0xBE, 0x00, 0xF7, 0xA5,
    0x81, 0xB2, 0x84, 0x0F, 0x59, 0xB6, 0x9A, 0xBE, 0x7A, 0xBE, 0xB4, 0x84, 0x77, 0x9D, 0xF9, 0xA5,
    0x92, 0x7C, 0x14, 0x8D, 0x18, 0xAE, 0x99, 0xBE, 0x38, 0xB6, 0x54, 0x95, 0x92, 0x84, 0x96, 0x9D,
    0xBA, 0xBE, 0x9A, 0xBE, 0x81, 0xBA, 0xBE, 0x02, 0xBA, 0xC6, 0xF3, 0x8C, 0x38, 0xB6, 0x81, 0xBA,
    0xBE, 0x17, 0xBA, 0xC6, 0xDA, 0xC6, 0x9A, 0xBE, 0xB2, 0x84, 0x38, 0xB6, 0xB9, 0xC6, 0x54, 0x95,
    0xB2, 0x84, 0xB6, 0x9D, 0x59, 0xB6, 0x79, 0xB6, 0xD7, 0xA5, 0xB2, 0x84, 0x13, 0x8D, 0x99, 0xBE,
    0x59, 0xB6, 0x72, 0x7C, 0x7A, 0xB6, 0x5B, 0xB6, 0x16, 0x8D, 0xF4, 0x8C, 0x79, 0xB6, 0x55, 0x95,
    0x95, 0x9D, 0x81, 0xDA, 0xC6, 0x00, 0xBA, 0xC6, 0x81, 0xBA, 0xBE, 0x00, 0x9A, 0xBE, 0x81, 0xBA,
    0xBE, 0x82, 0xBA, 0xC6, 0x81, 0xBA, 0xBE, 0x84, 0xBA, 0xC6, 0x81, 0xBA, 0xBE, 0x81, 0xBA, 0xC6,
    0x03, 0xBA, 0xBE, 0x7A, 0xBE, 0x7A, 0xB6, 0x9A, 0xBE, 0x81, 0xBA, 0xC6, 0x81, 0xBA, 0xBE, 0x81,
    0xBA, 0xC6, 0x02, 0x9A, 0xBE, 0xD3, 0x8C, 0x78, 0xBE, 0x81, 0xDA, 0xC6, 0x01, 0x92, 0x84, 0x59,
    0xB6, 0x81, 0xBA, 0xC6, 0x0F, 0x58, 0xB6, 0xB2, 0x84, 0x9A, 0xBE, 0x7A, 0xBE, 0x5A, 0xB6, 0x7A,
    0xBE, 0x7B, 0xB6, 0x5B, 0xB6, 0x7A, 0xBE, 0xB7, 0xA5, 0xF3, 0x8C, 0x9A, 0xBE, 0xD2, 0x8C, 0xD6,
    0xA5, 0xBA, 0xC6, 0xBA, 0xBE, 0x82, 0xBA, 0xC6, 0x04, 0x5A, 0xB6, 0x72, 0x7C, 0x18, 0xAE, 0x59,
    0xB6, 0xB2, 0x84, 0x81, 0xBA, 0xBE, 0x08, 0x99, 0xBE, 0xBA, 0xC6, 0x9A, 0xBE, 0xBA, 0xBE, 0xDA,
    0xC6, 0x37, 0xB6, 0xD2, 0x8C, 0x79, 0xBE, 0x92, 0x84, 0x81, 0xBA, 0xC6, 0x0A, 0xF7, 0xAD, 0x92,
    0x84, 0xB6, 0xA5, 0x9A, 0xBE, 0x7A, 0xB6, 0x35, 0x95, 0xB3, 0x84, 0x1A, 0xAE, 0x73, 0x7C, 0xF8,
    0xA5, 0xBA, 0xBE, 0x83, 0xBA, 0xC6, 0x0A, 0x79, 0xB6, 0x92, 0x84, 0x38, 0xB6, 0xBA, 0xC6, 0x9A,
    0xBE, 0x7A, 0xB6, 0x7A, 0xBE, 0xD3, 0x8C, 0x38, 0xB6, 0xBA, 0xC6, 0x9A, 0xBE, 0x81, 0xBA, 0xC6,
    0x06, 0x9A, 0xBE, 0xB2, 0x84, 0x38, 0xB6, 0x95, 0xA5, 0xF2, 0x8C, 0xBA, 0xC6, 0xBA, 0xBE, 0x83,
    0xBA, 0xC6, 0x0A, 0xF3, 0x8C, 0x35, 0x95, 0x39, 0xB6, 0x72, 0x7C, 0x7A, 0xB6, 0x5B, 0xB6, 0x5A,
    0xB6, 0x9A, 0xBE, 0xBA, 0xBE, 0x34, 0x95, 0x95, 0x9D, 0x81, 0xBA, 0xC6, 0x00, 0xBA, 0xBE, 0x82,
    0xBA, 0xC6, 0x00, 0x9A, 0xBE, 0x81, 0x7A, 0xB6, 0x00, 0x9A, 0xBE, 0x81, 0xBA, 0xC6, 0x00, 0x9A,
    0xBE, 0x81, 0xBA, 0xBE, 0x04, 0x9A, 0xBE, 0xBA, 0xBE, 0xBA, 0xC6, 0xBA, 0xBE, 0x9A, 0xBE, 0x81,
    0xBA, 0xC6, 0x03, 0x9A, 0xBE, 0x7B, 0xB6, 0x5B, 0xB6, 0x9A, 0xBE, 0x82, 0xBA, 0xC6, 0x01, 0xBA,
    0xBE, 0xBA, 0xC6, 0x81, 0xBA, 0xBE, 0x01, 0xD3, 0x8C, 0x78, 0xBE, 0x81, 0xDA, 0xC6, 0x01, 0xB2,
    0x84, 0x59, 0xB6, 0x81, 0xBA, 0xC6, 0x01, 0x58, 0xB6, 0xB2, 0x84, 0x81, 0x9A, 0xBE, 0x03, 0x5A,
    0xB6, 0xD3, 0x84, 0xB3, 0x84, 0x5A, 0xB6, 0x81, 0x9A, 0xBE, 0x02, 0x92, 0x84, 0xD7, 0xA5, 0xB2,
    0x84, 0x81, 0xBA, 0xC6, 0x09, 0xD7, 0xA5, 0x92, 0x84, 0x34, 0x95, 0xBA, 0xBE, 0x7A, 0xB6, 0xD5,
    0x84, 0x76, 0x9D, 0x59, 0xB6, 0xB2, 0x84, 0xBA, 0xC6, 0x81, 0x9A, 0xBE, 0x02, 0xF3, 0x8C, 0xD3,
    0x8C, 0x99, 0xBE, 0x81, 0xDA, 0xC6, 0x02, 0xB2, 0x84, 0x18, 0xAE, 0x92, 0x84, 0x81, 0xBA, 0xC6,
    0x01, 0xF7, 0xAD, 0x34, 0x95, 0x81, 0x9A, 0xBE, 0x14, 0xD8, 0xA5, 0x92, 0x7C, 0x39, 0xAE, 0xF9,
    0xAD, 0x92, 0x7C, 0x9A, 0xBE, 0xBA, 0xBE, 0x35, 0x95, 0x92, 0x84, 0x14, 0x8D, 0xBA, 0xC6, 0x9A,
    0xBE, 0x14, 0x8D, 0x96, 0x9D, 0xBA, 0xBE, 0x9A, 0xBE, 0x5B, 0xB6, 0x7A, 0xBE, 0xD3, 0x8C, 0xB2,
    0x84, 0x34, 0x95, 0x81, 0xBA, 0xBE, 0x00, 0x13, 0x8D, 0x81, 0x92, 0x84, 0x0D, 0xF7, 0xAD, 0xB2,
    0x84, 0x99, 0xBE, 0xBA, 0xC6, 0x9A, 0xBE, 0x13, 0x8D, 0xF3, 0x8C, 0x9A, 0xBE, 0xBA, 0xC6, 0x9A,
    0xBE, 0x92, 0x7C, 0xD8, 0xA5, 0x72, 0x7C, 0x9A, 0xBE, 0x81, 0x7B, 0xB6, 0x07, 0x39, 0xAE, 0x96,
    0x9D, 0xD3, 0x84, 0x96, 0x9D, 0xBA, 0xBE, 0xBA, 0xC6, 0xBA, 0xBE, 0x9A, 0xBE, 0x81, 0xBA, 0xC6,
    0x03, 0x9A, 0xBE, 0x5B, 0xB6, 0x7B, 0xB6, 0x9A, 0xBE, 0x82, 0xBA, 0xC6, 0x01, 0xBA, 0xBE, 0x9A,
    0xBE, 0x82, 0xBA, 0xBE, 0x81, 0x9A, 0xBE, 0x05, 0xBA, 0xBE, 0xBA, 0xC6, 0xBA, 0xBE, 0x7A, 0xBE,
    0x7B, 0xB6, 0x9A, 0xBE, 0x86, 0xBA, 0xC6, 0x01, 0xF3, 0x8C, 0x78, 0xB6, 0x81, 0xBA, 0xC6, 0x05,
    0xB2, 0x84, 0x59, 0xB6, 0x9A, 0xBE, 0xBA, 0xBE, 0x39, 0xB6, 0x92, 0x84, 0x81, 0x9A, 0xBE, 0x13,
    0x76, 0x9D, 0xF4, 0x8C, 0x14, 0x8D, 0x55, 0x95, 0x9A, 0xBE, 0xBA, 0xBE, 0xB2, 0x84, 0x75, 0x9D,
    0x92, 0x84, 0xB2, 0x84, 0x92, 0x84, 0x72, 0x7C, 0x92, 0x84, 0xB2, 0x84, 0xBA, 0xC6, 0x7A, 0xBE,
    0x76, 0x95, 0x15, 0x95, 0x59, 0xB6, 0xB2, 0x84, 0x81, 0xBA, 0xC6, 0x03, 0xB6, 0x9D, 0x13, 0x8D,
    0x34, 0x95, 0x75, 0x9D, 0x81, 0xDA, 0xC6, 0x02, 0xB2, 0x84, 0xF7, 0xAD, 0x92, 0x84, 0x82, 0x9A,
    0xBE, 0x07, 0xBA, 0xBE, 0x9A, 0xBE, 0x39, 0xB6, 0x72, 0x7C, 0xF8, 0xAD, 0x9A, 0xBE, 0xF8, 0xAD,
    0x92, 0x84, 0x81, 0xBA, 0xBE, 0x00, 0x96, 0x9D, 0x82, 0x92, 0x84, 0x09, 0x92, 0x7C, 0x92, 0x84,
    0x75, 0x9D, 0xBA, 0xC6, 0x9A, 0xBE, 0x7B, 0xB6, 0x9A, 0xBE, 0x79, 0xBE, 0x96, 0xA5, 0x13, 0x8D,
    0x81, 0xBA, 0xC6, 0x04, 0xF3, 0x8C, 0xB6, 0xA5, 0x99, 0xBE, 0xF7, 0xAD, 0xD2, 0x8C, 0x81, 0xBA,
    0xC6, 0x08, 0x55, 0x95, 0x14, 0x95, 0x35, 0x95, 0x14, 0x8D, 0xBA, 0xBE, 0x9A, 0xBE, 0xD3, 0x84,
    0x56, 0x95, 0x72, 0x7C, 0x81, 0x9A, 0xBE, 0x04, 0x19, 0xAE, 0xB2, 0x84, 0x34, 0x95, 0x14, 0x95,
    0xD7, 0xA5, 0x81, 0xBA, 0xBE, 0x81, 0x9A, 0xBE, 0x81, 0xBA, 0xC6, 0x00, 0x9A, 0xBE, 0x81, 0x7A,
    0xB6, 0x00, 0x9A, 0xBE, 0x82, 0xBA, 0xC6, 0x81, 0xBA, 0xBE, 0x82, 0x9A, 0xBE, 0x06, 0x7A, 0xBE,
    0x9A, 0xBE, 0xBA, 0xBE, 0xBA, 0xC6, 0xBA, 0xBE, 0x9A, 0xBE, 0x7A, 0xB6, 0x81, 0x9A, 0xBE, 0x84,
    0xBA, 0xC6, 0x02, 0xDA, 0xC6, 0xF3, 0x8C, 0x58, 0xB6, 0x81, 0xBA, 0xC6, 0x01, 0xB2, 0x84, 0x79,
    0xB6, 0x81, 0x9A, 0xBE, 0x10, 0x19, 0xAE, 0x72, 0x7C, 0x7A, 0xB6, 0x7A, 0xBE, 0x96, 0x9D, 0x34,
    0x95, 0x75, 0x9D, 0x35, 0x95, 0x9A, 0xBE, 0xBA, 0xC6, 0xB2, 0x84, 0xD7, 0xAD, 0x14, 0x95, 0x92,
    0x84, 0x35, 0x95, 0x19, 0xAE, 0x9A, 0xBE, 0x81, 0xBA, 0xC6, 0x04, 0x9A, 0xBE, 0x76, 0x9D, 0x15,
    0x8D, 0x39, 0xB6, 0xB2, 0x84, 0x81, 0xBA, 0xC6, 0x03, 0xB6, 0xA5, 0x54, 0x95, 0x95, 0x9D, 0x54,
    0x95, 0x81, 0xBA, 0xC6, 0x02, 0xB2, 0x84, 0xD6, 0xA5, 0xB2, 0x84, 0x83, 0x9A, 0xBE, 0x07, 0x7A,
    0xBE, 0xB7, 0x9D, 0xB3, 0x84, 0x9A, 0xBE, 0xBA, 0xBE, 0x7A, 0xBE, 0x92, 0x84, 0xF7, 0xAD, 0x81,
    0xBA, 0xBE, 0x07, 0x9A, 0xBE, 0x38, 0xB6, 0x35, 0x8D, 0x72, 0x7C, 0x14, 0x95, 0x79, 0xBE, 0xBA,
    0xC6, 0x9A, 0xBE, 0x81, 0x7A, 0xBE, 0x02, 0x9A, 0xBE, 0xB6, 0xA5, 0x13, 0x8D, 0x81, 0xBA, 0xC6,
    0x13, 0xF3, 0x8C, 0xD7, 0xAD, 0xDA, 0xC6, 0xD6, 0xA5, 0x13, 0x8D, 0xBA, 0xBE, 0xBA, 0xC6, 0xF3,
    0x8C, 0xD7, 0xA5, 0xF8, 0xAD, 0xB3, 0x84, 0x9A, 0xBE, 0x7A, 0xBE, 0x15, 0x8D, 0x14, 0x95, 0x92,
    0x84, 0xBA, 0xBE, 0x9A, 0xBE, 0xD7, 0xA5, 0x14, 0x95, 0x81, 0xBA, 0xBE, 0x82, 0x9A, 0xBE, 0x04,
    0x7A, 0xBE, 0x9A, 0xBE, 0xBA, 0xBE, 0xBA, 0xC6, 0xBA, 0xBE, 0x81, 0x7A, 0xBE, 0x81, 0x9A, 0xBE,
    0x84, 0xBA, 0xC6, 0x00, 0xBA, 0xBE, 0x83, 0x9A, 0xBE, 0x00, 0xBA, 0xBE, 0x83, 0x9A, 0xBE, 0x00,
    0xBA, 0xBE, 0x82, 0xBA, 0xC6, 0x81, 0xBA, 0xBE, 0x10, 0xBA, 0xC6, 0xD3, 0x8C, 0x59, 0xB6, 0x9A,
    0xBE, 0xBA, 0xBE, 0xB2, 0x84, 0x79, 0xBE, 0xBA, 0xC6, 0x9A, 0xBE, 0x19, 0xAE, 0x72, 0x7C, 0x7B,
    0xB6, 0x9A, 0xBE, 0x96, 0x9D, 0x54, 0x95, 0x75, 0x9D, 0x35, 0x95, 0x81, 0xBA, 0xBE, 0x0D, 0xB2,
    0x84, 0x95, 0x9D, 0x92, 0x84, 0x79, 0xBE, 0x9A, 0xBE, 0x7A, 0xBE, 0x76, 0x9D, 0x96, 0x9D, 0xBA,
    0xBE, 0x9A, 0xBE, 0x96, 0x9D, 0x14, 0x8D, 0x59, 0xB6, 0xB2, 0x84, 0x81, 0xBA, 0xC6, 0x0B, 0xB6,
    0x9D, 0x34, 0x95, 0x95, 0x9D, 0x54, 0x95, 0xBA, 0xC6, 0xBA, 0xBE, 0xB2, 0x84, 0xD6, 0xA5, 0xB2,
    0x84, 0xBA, 0xC6, 0x9A, 0xBE, 0x7A, 0xB6, 0x81, 0x7B, 0xB6, 0x08, 0x7A, 0xBE, 0xB3, 0x84, 0xB6,
    0xA5, 0xBA, 0xC6, 0x59, 0xB6, 0x76, 0x9D, 0x92, 0x84, 0xF3, 0x8C, 0x38, 0xB6, 0x81, 0xBA, 0xC6,
    0x04, 0x9A, 0xBE, 0x5A, 0xB6, 0x92, 0x84, 0x18, 0xAE, 0xBA, 0xBE, 0x82, 0x9A, 0xBE, 0x02, 0xBA,
    0xBE, 0xB6, 0xA5, 0x13, 0x8D, 0x81, 0xBA, 0xC6, 0x07, 0xD3, 0x8C, 0xD7, 0xA5, 0xBA, 0xC6, 0xD6,
    0xA5, 0xF3, 0x8C, 0x9A, 0xBE, 0xBA, 0xC6, 0xF3, 0x8C, 0x81, 0xF7, 0xAD, 0x00, 0x93, 0x84, 0x81,
    0x7B, 0xB6, 0x07, 0x15, 0x8D, 0x14, 0x95, 0x92, 0x84, 0xBA, 0xC6, 0x9A, 0xBE, 0xD7, 0xA5, 0x14,
    0x95, 0xBA, 0xBE, 0x81, 0xBA, 0xC6, 0x00, 0xBA, 0xBE, 0x82, 0x9A, 0xBE, 0x81, 0xBA, 0xBE, 0x83,
    0x9A, 0xBE, 0x00, 0xBA, 0xBE, 0x84, 0xBA, 0xC6, 0x01, 0xDA, 0xC6, 0xBA, 0xC6, 0x85, 0x9A, 0xBE,
    0x81, 0xBA, 0xBE, 0x81, 0xBA, 0xC6, 0x01, 0xBA, 0xBE, 0xBA, 0xC6, 0x81, 0xBA, 0xBE, 0x02, 0xBA,
    0xC6, 0xD3, 0x8C, 0x59, 0xB6, 0x81, 0xBA, 0xC6, 0x0B, 0xB2, 0x84, 0x79, 0xBE, 0xBA, 0xBE, 0x9A,
    0xBE, 0xF9, 0xAD, 0x72, 0x7C, 0x7A, 0xBE, 0x9A, 0xBE, 0x96, 0x9D, 0x34, 0x95, 0x75, 0x9D, 0x55,
    0x95, 0x81, 0xBA, 0xBE, 0x05, 0xD2, 0x84, 0xF3, 0x8C, 0x13, 0x95, 0xBA, 0xC6, 0x9A, 0xBE, 0xD3,
    0x84, 0x81, 0x92, 0x84, 0x81, 0x9A, 0xBE, 0x03, 0xB6, 0x9D, 0x34, 0x95, 0x59, 0xB6, 0xB2, 0x84,
    0x81, 0xBA, 0xBE, 0x03, 0xB6, 0x9D, 0x34, 0x95, 0x95, 0x9D, 0x54, 0x95, 0x81, 0xBA, 0xC6, 0x0D,
    0xD2, 0x84, 0xD6, 0xA5, 0xB2, 0x84, 0xBA, 0xC6, 0x9A, 0xBE, 0x7B, 0xB6, 0x15, 0x8D, 0x7A, 0xBE,
    0x9A, 0xBE, 0x59, 0xB6, 0x92, 0x84, 0x59, 0xB6, 0x75, 0x9D, 0x92, 0x84, 0x81, 0xB2, 0x84, 0x06,
    0x92, 0x84, 0xB2, 0x84, 0x54, 0x95, 0xBA, 0xBE, 0x9A, 0xBE, 0x14, 0x8D, 0x76, 0x9D, 0x81, 0x9A,
    0xBE, 0x82, 0xBA, 0xBE, 0x08, 0xB6, 0xA5, 0x13, 0x8D, 0xBA, 0xBE, 0xBA, 0xC6, 0xD3, 0x8C, 0xD7,
    0xA5, 0xBA, 0xC6, 0x17, 0xAE, 0xD2, 0x84, 0x81, 0xBA, 0xC6, 0x0C, 0x55, 0x95, 0x34, 0x95, 0x35,
    0x95, 0xD4, 0x84, 0x7B, 0xB6, 0x7A, 0xB6, 0xD3, 0x84, 0x75, 0x9D, 0x92, 0x84, 0x9A, 0xBE, 0xBA,
    0xBE, 0xF7, 0xA5, 0x14, 0x8D, 0x82, 0xBA, 0xC6, 0x01, 0xDA, 0xC6, 0xBA, 0xC6, 0x85, 0x9A, 0xBE,
    0x81, 0xBA, 0xBE, 0x81, 0xBA, 0xC6, 0x00, 0xBA, 0xBE, 0x82, 0xBA, 0xC6, 0x02, 0xDA, 0xC6, 0xBA,
    0xC6, 0x9A, 0xBE, 0x81, 0x7A, 0xBE, 0x82, 0x9A, 0xBE, 0x83, 0xBA, 0xC6, 0x00, 0xBA, 0xBE, 0x81,
    0x9A, 0xBE, 0x03, 0xBA, 0xBE, 0xBA, 0xC6, 0xD3, 0x8C, 0x58, 0xB6, 0x81, 0xBA, 0xC6, 0x05, 0xB2,
    0x84, 0x59, 0xB6, 0x9A, 0xBE, 0x7A, 0xBE, 0x19, 0xAE, 0x72, 0x7C, 0x81, 0x9A, 0xBE, 0x03, 0x96,
    0x9D, 0x35, 0x95, 0x75, 0x9D, 0x55, 0x95, 0x81, 0xBA, 0xBE, 0x07, 0xD2, 0x84, 0xF3, 0x8C, 0x33,
    0x95, 0xBA, 0xC6, 0x9A, 0xBE, 0x35, 0x95, 0x72, 0x7C, 0x55, 0x95, 0x81, 0x9A, 0xBE, 0x09, 0xB6,
    0xA5, 0x34, 0x95, 0x58, 0xB6, 0xB2, 0x84, 0xBA, 0xBE, 0x9A, 0xBE, 0x96, 0x9D, 0x34, 0x95, 0x95,
    0x9D, 0x54, 0x95, 0x81, 0xBA, 0xC6, 0x02, 0xD2, 0x84, 0xD6, 0xA5, 0x92, 0x84, 0x81, 0x9A, 0xBE,
    0x02, 0xB8, 0xA5, 0x52, 0x7C, 0x55, 0x95, 0x81, 0x9A, 0xBE, 0x0C, 0x14, 0x8D, 0x14, 0x95, 0xB6,
    0xA5, 0x14, 0x8D, 0xBA, 0xBE, 0xBA, 0xC6, 0xF3, 0x8C, 0xB2, 0x84, 0xF3, 0x8C, 0x9A, 0xBE, 0x7A,
    0xBE, 0xF5, 0x8C, 0x56, 0x9D, 0x81, 0x9A, 0xBE, 0x00, 0xBA, 0xBE, 0x81, 0xBA, 0xC6, 0x01, 0xD6,
    0xA5, 0x13, 0x8D, 0x81, 0x9A, 0xBE, 0x13, 0xD3, 0x8C, 0xD7, 0xAD, 0xBA, 0xC6, 0x79, 0xBE, 0xB2,
    0x84, 0x99, 0xBE, 0xBA, 0xC6, 0x9A, 0xBE, 0xF4, 0x8C, 0xD3, 0x84, 0x5A, 0xB6, 0x7B, 0xB6, 0x7A,
    0xB6, 0x92, 0x84, 0xF8, 0xAD, 0x92, 0x7C, 0x9A, 0xBE, 0xBA, 0xC6, 0xF7, 0xAD, 0x14, 0x8D, 0x82,
    0xBA, 0xC6, 0x03, 0xDA, 0xC6, 0xBA, 0xBE, 0x9A, 0xBE, 0x7A, 0xB6, 0x82, 0x9A, 0xBE, 0x00, 0xBA,
    0xBE, 0x83, 0xBA, 0xC6, 0x81, 0x9A, 0xBE, 0x82, 0xBA, 0xC6, 0x00, 0xBA, 0xBE, 0x87, 0x9A, 0xBE,
    0x01, 0xBA, 0xBE, 0xBA, 0xC6, 0x82, 0x9A, 0xBE, 0x07, 0xBA, 0xBE, 0xBA, 0xC6, 0xD3, 0x8C, 0x59,
    0xB6, 0xBA, 0xBE, 0x9A, 0xBE, 0x92, 0x84, 0x59, 0xB6, 0x81, 0x9A, 0xBE, 0x07, 0x39, 0xAE, 0x72,
    0x7C, 0x9A, 0xBE, 0xBA, 0xBE, 0x96, 0x9D, 0x34, 0x95, 0x75, 0x9D, 0x55, 0x95, 0x81, 0xBA, 0xBE,
    0x02, 0xB2, 0x84, 0x75, 0x9D, 0xB2, 0x84, 0x86, 0x9A, 0xBE, 0x03, 0xD7, 0xA5, 0xF4, 0x8C, 0x59,
    0xB6, 0xB2, 0x84, 0x81, 0x9A, 0xBE, 0x08, 0x96, 0x9D, 0x34, 0x95, 0x75, 0x9D, 0x55, 0x95, 0xBA,
    0xBE, 0xBA, 0xC6, 0xB2, 0x84, 0xB7, 0xA5, 0x92, 0x84, 0x81, 0x9A, 0xBE, 0x02, 0xD7, 0xA5, 0x92,
    0x7C, 0x72, 0x7C, 0x82, 0x9A, 0xBE, 0x04, 0x92, 0x84, 0x96, 0xA5, 0x92, 0x84, 0x38, 0xB6, 0xBA,
    0xBE, 0x81, 0xBA, 0xC6, 0x04, 0xBA, 0xBE, 0x9A, 0xBE, 0x7A, 0xB6, 0x92, 0x7C, 0x18, 0xAE, 0x84,
    0x9A, 0xBE, 0x01, 0xB6, 0xA5, 0x13, 0x8D, 0x81, 0x9A, 0xBE, 0x01, 0xD3, 0x8C, 0xD7, 0xA5, 0x81,
    0xBA, 0xBE, 0x01, 0x75, 0x9D, 0xD3, 0x84, 0x82, 0x9A, 0xBE, 0x00, 0x7A, 0xBE, 0x81, 0x9A, 0xBE,
    0x08, 0xD4, 0x84, 0x34, 0x95, 0x59, 0xB6, 0x92, 0x84, 0x9A, 0xBE, 0xBA, 0xBE, 0xF7, 0xA5, 0x14,
    0x8D, 0xBA, 0xBE, 0x82, 0xBA, 0xC6, 0x88, 0x9A, 0xBE, 0x81, 0xBA, 0xC6, 0x87, 0x9A, 0xBE, 0x00,
    0xBA, 0xBE, 0x81, 0x9A, 0xBE, 0x01, 0xBA, 0xC6, 0xBA, 0xBE, 0x81, 0x9A, 0xBE, 0x82, 0xBA, 0xBE,
    0x08, 0xBA, 0xC6, 0xBA, 0xBE, 0x9A, 0xBE, 0xD3, 0x84, 0x39, 0xB6, 0x9A, 0xBE, 0x7A, 0xBE, 0x72,
    0x7C, 0x59, 0xB6, 0x81, 0x9A, 0xBE, 0x07, 0x39, 0xB6, 0x92, 0x84, 0x9A, 0xBE, 0xBA, 0xBE, 0x96,
    0x9D, 0x34, 0x95, 0x75, 0x9D, 0x55, 0x95, 0x81, 0xBA, 0xC6, 0x0D, 0xB2, 0x84, 0xF8, 0xAD, 0x55,
    0x95, 0x92, 0x84, 0xB7, 0xA5, 0x79, 0xBE, 0xF8, 0xAD, 0xB3, 0x84, 0x79, 0xB6, 0xBA, 0xC6, 0x79,
    0xBE, 0x92, 0x84, 0xF8, 0xAD, 0x92, 0x84, 0x81, 0xBA, 0xBE, 0x03, 0xB6, 0x9D, 0x34, 0x95, 0x75,
    0x9D, 0x35, 0x95, 0x81, 0x9A, 0xBE, 0x02, 0x93, 0x84, 0x97, 0x9D, 0x72, 0x7C, 0x81, 0x9A, 0xBE,
    0x12, 0xD7, 0xA5, 0x14, 0x8D, 0x35, 0x95, 0x14, 0x95, 0xBA, 0xBE, 0x9A, 0xBE, 0xD7, 0xA5, 0x14,
    0x8D, 0xF7, 0xAD, 0xB2, 0x84, 0x34, 0x95, 0x18, 0xAE, 0x7A, 0xBE, 0x18, 0xAE, 0x55, 0x95, 0x92,
    0x84, 0xB6, 0xA5, 0xBA, 0xBE, 0x9A, 0xBE, 0x82, 0xBA, 0xBE, 0x06, 0x9A, 0xBE, 0xB6, 0xA5, 0xF3,
    0x8C, 0xBA, 0xBE, 0xBA, 0xC6, 0xF3, 0x8C, 0xD7, 0xA5, 0x81, 0x9A, 0xBE, 0x10, 0x7A, 0xBE, 0x14,
    0x8D, 0x92, 0x7C, 0x97, 0x9D, 0x79, 0xB6, 0x7A, 0xBE, 0xD7, 0xA5, 0xB2, 0x84, 0xF4, 0x8C, 0x99,
    0xBE, 0x79, 0xB6, 0x92, 0x84, 0x9A, 0xBE, 0xBA, 0xBE, 0xF7, 0xA5, 0x14, 0x95, 0xBA, 0xBE, 0x84,
    0x9A, 0xBE, 0x81, 0xBA, 0xBE, 0x81, 0x9A, 0xBE, 0x01, 0xBA, 0xC6, 0xBA, 0xBE, 0x81, 0x9A, 0xBE,
    0x82, 0xBA, 0xBE, 0x01, 0x7A, 0xBE, 0x7A, 0xB6, 0x81, 0x9A, 0xBE, 0x00, 0xBA, 0xBE, 0x83, 0x9A,
    0xBE, 0x01, 0xBA, 0xBE, 0x9A, 0xBE, 0x81, 0xBA, 0xBE, 0x83, 0xBA, 0xC6, 0x02, 0xBA, 0xBE, 0x9A,
    0xBE, 0xB3, 0x84, 0x83, 0x72, 0x7C, 0x00, 0x39, 0xB6, 0x81, 0xBA, 0xBE, 0x02, 0x39, 0xB6, 0x92,
    0x7C, 0x92, 0x84, 0x81, 0x72, 0x7C, 0x01, 0x34, 0x95, 0x75, 0x9D, 0x82, 0x92, 0x84, 0x05, 0x72,
    0x7C, 0xD8, 0xA5, 0x7A, 0xBE, 0xD7, 0xA5, 0x14, 0x8D, 0xB2, 0x84, 0x81, 0xF3, 0x8C, 0x00, 0x92,
    0x7C, 0x82, 0x92, 0x84, 0x00, 0x14, 0x8D, 0x83, 0x92, 0x84, 0x01, 0x34, 0x95, 0x75, 0x9D, 0x83,
    0x72, 0x7C, 0x02, 0x97, 0x9D, 0x72, 0x7C, 0x92, 0x7C, 0x81, 0x92, 0x84, 0x0E, 0x14, 0x8D, 0x59,
    0xB6, 0x92, 0x84, 0x72, 0x7C, 0x92, 0x7C, 0x92, 0x84, 0xF7, 0xAD, 0xBA, 0xC6, 0x58, 0xB6, 0x55,
    0x95, 0xB3, 0x84, 0x72, 0x7C, 0xD3, 0x84, 0x55, 0x95, 0x38, 0xAE, 0x83, 0x9A, 0xBE, 0x82, 0xBA,
    0xBE, 0x00, 0xB6, 0xA5, 0x83, 0x92, 0x84, 0x00, 0xD7, 0xA5, 0x82, 0x9A, 0xBE, 0x0A, 0x7A, 0xBE,
    0xB7, 0xA5, 0xF4, 0x8C, 0x92, 0x84, 0xB2, 0x84, 0x14, 0x8D, 0xB7, 0xA5, 0x9A, 0xBE, 0xBA, 0xC6,
    0x59, 0xB6, 0x72, 0x7C, 0x82, 0x92, 0x84, 0x01, 0x14, 0x95, 0xBA, 0xBE, 0x81, 0x7A, 0xBE, 0x81,
    0x9A, 0xBE, 0x00, 0xBA, 0xBE, 0x83, 0x9A, 0xBE, 0x01, 0xBA, 0xBE, 0x9A, 0xBE, 0x82, 0xBA, 0xBE,
    0x81, 0xBA, 0xC6, 0x89, 0x9A, 0xBE, 0x00, 0xBA, 0xBE, 0x83, 0xBA, 0xC6, 0x81, 0xBA, 0xBE, 0x88,
    0x9A, 0xBE, 0x83, 0xBA, 0xBE, 0x02, 0x9A, 0xBE, 0xBA, 0xBE, 0xBA, 0xC6, 0x81, 0x9A, 0xBE, 0x01,
    0xBA, 0xC6, 0xBA, 0xBE, 0x89, 0x9A, 0xBE, 0x00, 0xBA, 0xBE, 0x81, 0xBA, 0xC6, 0x00, 0xBA, 0xBE,
    0x81, 0xBA, 0xC6, 0x00, 0xBA, 0xBE, 0x88, 0x9A, 0xBE, 0x01, 0xBA, 0xBE, 0xBA, 0xC6, 0x82, 0xBA,
    0xBE, 0x03, 0x9A, 0xBE, 0xBA, 0xC6, 0xBA, 0xBE, 0x9A, 0xBE, 0x81, 0xBA, 0xBE, 0x01, 0x9A, 0xBE,
    0x7A, 0xBE, 0x88, 0x9A, 0xBE, 0x02, 0xBA, 0xBE, 0xBA, 0xC6, 0xBA, 0xBE, 0x81, 0xBA, 0xC6, 0x81,
    0xBA, 0xBE, 0x87, 0x9A, 0xBE, 0x01, 0xBA, 0xBE, 0xBA, 0xC6, 0x82, 0xBA, 0xBE, 0x05, 0x9A, 0xBE,
    0xBA, 0xC6, 0xBA, 0xBE, 0x9A, 0xBE, 0xBA, 0xBE, 0xBA, 0xC6, 0x8A, 0x9A, 0xBE, 0x00, 0xBA, 0xBE,
    0x83, 0xBA, 0xC6, 0x00, 0xBA, 0xBE, 0x82, 0x9A, 0xBE, 0x02, 0x7A, 0xBE, 0x9A, 0xBE, 0xBA, 0xBE,
    0x81, 0x9A, 0xBE, 0x81, 0xBA, 0xBE, 0x82, 0xBA, 0xC6, 0x00, 0xBA, 0xBE, 0x8B, 0x9A, 0xBE, 0x04,
    0xBA, 0xBE, 0x9A, 0xBE, 0xBA, 0xBE, 0xBA, 0xC6, 0x9A, 0xBE, 0x81, 0xBA, 0xBE, 0x81, 0x9A, 0xBE,
    0x00, 0xBA, 0xBE, 0x88, 0x9A, 0xBE, 0x81, 0xBA, 0xBE, 0x82, 0xBA, 0xC6, 0x81, 0xBA, 0xBE, 0x8A,
    0x9A, 0xBE, 0x82, 0xBA, 0xBE, 0x03, 0xBA, 0xC6, 0xBA, 0xBE, 0x9A, 0xBE, 0xBA, 0xBE, 0x81, 0x9A,
    0xBE, 0x00, 0xBA, 0xBE, 0x88, 0x9A, 0xBE, 0x81, 0xBA, 0xBE, 0x82, 0xBA, 0xC6, 0x81, 0xBA, 0xBE,
    0x8B, 0x9A, 0xBE, 0x83, 0xBA, 0xBE, 0x00, 0x9A, 0xBE, 0x81, 0xBA, 0xBE, 0x00, 0x9A, 0xBE, 0x81,
    0xBA, 0xBE, 0x83, 0x9A, 0xBE, 0x03, 0x7A, 0xBE, 0x9A, 0xBE, 0xBA, 0xBE, 0x9A, 0xBE, 0x81, 0xBA,
    0xBE, 0x83, 0xBA, 0xC6, 0x00, 0xBA, 0xBE, 0x86, 0x9A, 0xBE, 0x00, 0xBA, 0xBE, 0x81, 0x9A, 0xBE,
    0x82, 0xBA, 0xC6, 0x01, 0x9A, 0xBE, 0xBA, 0xBE, 0x84, 0x9A, 0xBE, 0x82, 0xBA, 0xBE, 0x81, 0xBA,
    0xC6, 0x01, 0xBA, 0xBE, 0x9A, 0xBE, 0x81, 0xBA, 0xBE, 0x81, 0x9A, 0xBE, 0x00, 0xBA, 0xC6, 0x84,
    0xBA, 0xBE, 0x86, 0x9A, 0xBE, 0x00, 0xBA, 0xBE, 0x81, 0x9A, 0xBE, 0x82, 0xBA, 0xC6, 0x81, 0xBA,
    0xBE, 0x85, 0x9A, 0xBE, 0x81, 0xBA, 0xBE, 0x81, 0xBA, 0xC6, 0x01, 0xBA, 0xBE, 0x9A, 0xBE, 0x81,
    0xBA, 0xBE, 0x81, 0x9A, 0xBE, 0x01, 0xBA, 0xBE, 0xBA, 0xC6, 0x83, 0xBA, 0xBE, 0x86, 0x9A, 0xBE,
    0x81, 0xBA, 0xBE, 0x01, 0x9A, 0xBE, 0xBA, 0xBE, 0x81, 0xBA, 0xC6, 0x81, 0xBA, 0xBE, 0x85, 0x9A,
    0xBE, 0x81, 0xBA, 0xBE, 0x82, 0xBA, 0xC6, 0x81, 0x9A, 0xBE, 0x81, 0xBA, 0xBE, 0x02, 0x9A, 0xBE,
    0xBA, 0xBE, 0xBA, 0xC6, 0x84, 0xBA, 0xBE, 0x86, 0x9A, 0xBE, 0x02, 0xBA, 0xBE, 0x9A, 0xBE, 0xBA,
    0xBE, 0x81, 0xBA, 0xC6, 0x02, 0xBA, 0xBE, 0x9A, 0xBE, 0xBA, 0xBE, 0x82, 0x9A, 0xBE, 0x87, 0xBA,
    0xBE, 0x02, 0xBA, 0xC6, 0xBA, 0xBE, 0x9A, 0xBE, 0x81, 0xBA, 0xBE, 0x00, 0x9A, 0xBE, 0x81, 0x7A,
    0xBE, 0x81, 0x9A, 0xBE, 0x84, 0xBA, 0xC6, 0x81, 0xBA, 0xBE, 0x87, 0xBA, 0xC6, 0x00, 0xBA, 0xBE,
    0x82, 0x9A, 0xBE, 0x84, 0xBA, 0xBE, 0x00, 0xBA, 0xC6, 0x81, 0xBA, 0xBE, 0x02, 0xBA, 0xC6, 0xBA,
    0xBE, 0x9A, 0xBE, 0x81, 0xBA, 0xBE, 0x81, 0x9A, 0xBE, 0x81, 0x7A, 0xBE, 0x01, 0x9A, 0xBE, 0xBA,
    0xBE, 0x84, 0xBA, 0xC6, 0x00, 0xBA, 0xBE, 0x87, 0xBA, 0xC6, 0x00, 0xBA, 0xBE, 0x83, 0x9A, 0xBE,
    0x86, 0xBA, 0xBE, 0x01, 0xBA, 0xC6, 0xBA, 0xBE, 0x81, 0x9A, 0xBE, 0x00, 0xBA, 0xBE, 0x81, 0x9A,
    0xBE, 0x81, 0x7A, 0xBE, 0x01, 0x9A, 0xBE, 0xBA, 0xBE, 0x84, 0xBA, 0xC6, 0x81, 0xBA, 0xBE, 0x87,
    0xBA, 0xC6, 0x83, 0x9A, 0xBE, 0x86, 0xBA, 0xBE, 0x01, 0xBA, 0xC6, 0xBA, 0xBE, 0x81, 0x9A, 0xBE,
    0x02, 0xBA, 0xC6, 0xBA, 0xBE, 0x9A, 0xBE, 0x81, 0x7A, 0xBE, 0x88, 0xBA, 0xBE, 0x81, 0x9A, 0xBE,
    0x00, 0xBA, 0xC6, 0x82, 0x9A, 0xBE, 0x81, 0x7A, 0xBE, 0x02, 0x9A, 0xBE, 0xBA, 0xC6, 0xDA, 0xC6,
    0x81, 0xBA, 0xC6, 0x82, 0xBA, 0xBE, 0x85, 0xBA, 0xC6, 0x01, 0x9A, 0xBE, 0xBA, 0xBE, 0x81, 0x9A,
    0xBE, 0x01, 0x7A, 0xBE, 0x9A, 0xBE, 0x88, 0xBA, 0xBE, 0x81, 0x9A, 0xBE, 0x81, 0xBA, 0xBE, 0x81,
    0x9A, 0xBE, 0x81, 0x7A, 0xBE, 0x02, 0x9A, 0xBE, 0xBA, 0xC6, 0xDA, 0xC6, 0x82, 0xBA, 0xC6, 0x81,
    0xBA, 0xBE, 0x85, 0xBA, 0xC6, 0x00, 0x9A, 0xBE, 0x81, 0xBA, 0xBE, 0x02, 0x9A, 0xBE, 0x7A, 0xBE,
    0x9A, 0xBE, 0x88, 0xBA, 0xBE, 0x81, 0x9A, 0xBE, 0x81, 0xBA, 0xBE, 0x81, 0x9A, 0xBE, 0x81, 0x7A,
    0xBE, 0x01, 0x9A, 0xBE, 0xBA, 0xBE, 0x83, 0xBA, 0xC6, 0x82, 0xBA, 0xBE, 0x84, 0xBA, 0xC6, 0x82,
    0xBA, 0xBE, 0x83, 0x9A, 0xBE, 0x88, 0xBA, 0xBE, 0x81, 0x9A, 0xBE, 0x00, 0xBA, 0xC6, 0x82, 0x9A,
    0xBE, 0x00, 0x7A, 0xBE, 0x83, 0xBA, 0xBE, 0x83, 0x9A, 0xBE, 0x04, 0xBA, 0xBE, 0x9A, 0xBE, 0xBA,
    0xBE, 0xBA, 0xC6, 0xBA, 0xBE, 0x84, 0x9A, 0xBE, 0x84, 0xBA, 0xC6, 0x82, 0xBA, 0xBE, 0x83, 0xBA,
    0xC6, 0x81, 0x9A, 0xBE, 0x02, 0xBA, 0xBE, 0x9A, 0xBE, 0x7A, 0xBE, 0x81, 0x9A, 0xBE, 0x83, 0xBA,
    0xBE, 0x83, 0x9A, 0xBE, 0x04, 0xBA, 0xBE, 0x9A, 0xBE, 0xBA, 0xBE, 0xBA, 0xC6, 0xBA, 0xBE, 0x84,
    0x9A, 0xBE, 0x00, 0xBA, 0xBE, 0x84, 0xBA, 0xC6, 0x81, 0xBA, 0xBE, 0x83, 0xBA, 0xC6, 0x81, 0x9A,
    0xBE, 0x00, 0xBA, 0xBE, 0x81, 0x9A, 0xBE, 0x01, 0x7A, 0xBE, 0x9A, 0xBE, 0x84, 0xBA, 0xBE, 0x82,
    0x9A, 0xBE, 0x03, 0xBA, 0xBE, 0x9A, 0xBE, 0xBA, 0xBE, 0xBA, 0xC6, 0x81, 0xBA, 0xBE, 0x83, 0x9A,
    0xBE, 0x00, 0xBA, 0xBE, 0x84, 0xBA, 0xC6, 0x81, 0xBA, 0xBE, 0x83, 0xBA, 0xC6, 0x00, 0xBA, 0xBE,
    0x81, 0x9A, 0xBE, 0x02, 0xBA, 0xBE, 0x9A, 0xBE, 0x7A, 0xBE, 0x81, 0x9A, 0xBE, 0x83, 0xBA, 0xBE,
    0x82, 0x9A, 0xBE, 0x81, 0xBA, 0xBE, 0x00, 0x9A, 0xBE, 0x81, 0xBA, 0xC6, 0x00, 0xBA, 0xBE, 0x82,
    0x9A, 0xBE, 0x84, 0xBA, 0xBE, 0x82, 0x9A, 0xBE, 0x81, 0xBA, 0xBE, 0x00, 0x58, 0xB6, 0x82, 0x92,
    0x84, 0x01, 0x72, 0x7C, 0x35, 0x95, 0x81, 0x9A, 0xBE, 0x82, 0xBA, 0xBE, 0x81, 0xBA, 0xC6, 0x03,
    0xBA, 0xBE, 0x9A, 0xBE, 0xBA, 0xC6, 0xBA, 0xBE, 0x81, 0x9A, 0xBE, 0x83, 0xBA, 0xBE, 0x01, 0x9A,
    0xBE, 0x7B, 0xB6, 0x81, 0x9A, 0xBE, 0x00, 0x79, 0xBE, 0x83, 0x92, 0x84, 0x00, 0x14, 0x8D, 0x81,
    0x9A, 0xBE, 0x81, 0xBA, 0xBE, 0x01, 0xBA, 0xC6, 0xBA, 0xBE, 0x81, 0x92, 0x84, 0x81, 0x72, 0x7C,
    0x00, 0x92, 0x84, 0x81, 0x9A, 0xBE, 0x82, 0xBA, 0xBE, 0x81, 0xBA, 0xC6, 0x00, 0x9A, 0xBE, 0x81,
    0xBA, 0xC6, 0x81, 0x9A, 0xBE, 0x83, 0xBA, 0xBE, 0x05, 0x9A, 0xBE, 0x7B, 0xB6, 0x7A, 0xBE, 0x9A,
    0xBE, 0xBA, 0xBE, 0x79, 0xBE, 0x83, 0x92, 0x84, 0x01, 0x14, 0x8D, 0x9A, 0xBE, 0x81, 0xBA, 0xBE,
    0x83, 0xBA, 0xC6, 0x84, 0x9A, 0xBE, 0x82, 0xBA, 0xBE, 0x81, 0xBA, 0xC6, 0x81, 0xBA, 0xBE, 0x01,
    0xBA, 0xC6, 0xBA, 0xBE, 0x81, 0x9A, 0xBE, 0x06, 0xBA, 0xBE, 0x9A, 0xBE, 0xBA, 0xBE, 0x9A, 0xBE,
    0x7A, 0xBE, 0x7A, 0xB6, 0x9A, 0xBE, 0x85, 0xBA, 0xBE, 0x81, 0x9A, 0xBE, 0x82, 0xBA, 0xBE, 0x82,
    0xBA, 0xC6, 0x00, 0xBA, 0xBE, 0x82, 0x9A, 0xBE, 0x82, 0xBA, 0xBE, 0x00, 0x18, 0xAE, 0x83, 0xD7,
    0xA5, 0x02, 0x79, 0xBE, 0x58, 0xB6, 0xB2, 0x84, 0x81, 0xBA, 0xBE, 0x01, 0x96, 0x9D, 0x34, 0x95,
    0x83, 0x9A, 0xBE, 0x00, 0xBA, 0xBE, 0x81, 0xBA, 0xC6, 0x87, 0x9A, 0xBE, 0x81, 0xBA, 0xBE, 0x05,
    0x7A, 0xBE, 0x5B, 0xB6, 0x7A, 0xBE, 0x9A, 0xBE, 0x59, 0xB6, 0x92, 0x84, 0x81, 0xBA, 0xBE, 0x02,
    0xF7, 0xA5, 0x14, 0x8D, 0xBA, 0xBE, 0x81, 0x9A, 0xBE, 0x03, 0xBA, 0xBE, 0xBA, 0xC6, 0xBA, 0xBE,
    0x92, 0x84, 0x81, 0xBA, 0xBE, 0x01, 0x79, 0xB6, 0x92, 0x84, 0x82, 0x9A, 0xBE, 0x00, 0xBA, 0xBE,
    0x81, 0xBA, 0xC6, 0x00, 0xBA, 0xBE, 0x86, 0x9A, 0xBE, 0x81, 0xBA, 0xBE, 0x02, 0x9A, 0xBE, 0x7B,
    0xB6, 0x7A, 0xB6, 0x81, 0x9A, 0xBE, 0x01, 0x79, 0xB6, 0x92, 0x84, 0x81, 0xBA, 0xBE, 0x03, 0xD7,
    0xA5, 0x14, 0x95, 0xBA, 0xBE, 0x9A, 0xBE, 0x81, 0xBA, 0xBE, 0x00, 0xBA, 0xC6, 0x82, 0xBA, 0xBE,
    0x84, 0x9A, 0xBE, 0x00, 0xBA, 0xBE, 0x82, 0xBA, 0xC6, 0x87, 0x9A, 0xBE, 0x01, 0xBA, 0xC6, 0x9A,
    0xBE, 0x81, 0x7B, 0xB6, 0x01, 0x7A, 0xBE, 0x9A, 0xBE, 0x83, 0xBA, 0xBE, 0x02, 0x9A, 0xBE, 0xBA,
    0xC6, 0xBA, 0xBE, 0x81, 0x9A, 0xBE, 0x01, 0xBA, 0xBE, 0xBA, 0xC6, 0x82, 0xBA, 0xBE, 0x82, 0x9A,
    0xBE, 0x81, 0xBA, 0xC6, 0x02, 0x9A, 0xBE, 0x55, 0x95, 0xB2, 0x84, 0x81, 0xF3, 0x8C, 0x00, 0x92,
    0x84, 0x81, 0x38, 0xB6, 0x00, 0x92, 0x84, 0x81, 0x9A, 0xBE, 0x01, 0x96, 0x9D, 0x34, 0x95, 0x83,
    0x9A, 0xBE, 0x81, 0xBA, 0xC6, 0x02, 0xBA, 0xBE, 0x9A, 0xBE, 0x7A, 0xBE, 0x83, 0x9A, 0xBE, 0x81,
    0x7A, 0xB6, 0x81, 0x9A, 0xBE, 0x01, 0x7A, 0xB6, 0x7B, 0xB6, 0x81, 0x9A, 0xBE, 0x05, 0x59, 0xB6,
    0x92, 0x84, 0xBA, 0xC6, 0xBA, 0xBE, 0xD7, 0xA5, 0x14, 0x8D, 0x81, 0xBA, 0xBE, 0x00, 0x9A, 0xBE,
    0x81, 0xBA, 0xBE, 0x01, 0x9A, 0xBE, 0x72, 0x7C, 0x81, 0x9A, 0xBE, 0x01, 0x79, 0xBE, 0x92, 0x84,
    0x82, 0x9A, 0xBE, 0x82, 0xBA, 0xC6, 0x01, 0x9A, 0xBE, 0x7A, 0xBE, 0x83, 0x9A, 0xBE, 0x06, 0x7A,
    0xBE, 0x7B, 0xB6, 0x7A, 0xBE, 0x9A, 0xBE, 0x7A, 0xB6, 0x7B, 0xB6, 0x7A, 0xBE, 0x81, 0x9A, 0xBE,
    0x06, 0x79, 0xB6, 0xB2, 0x84, 0xBA, 0xBE, 0x9A, 0xBE, 0xF7, 0xA5, 0x14, 0x8D, 0xBA, 0xBE, 0x81,
    0x9A, 0xBE, 0x00, 0xBA, 0xBE, 0x88, 0x9A, 0xBE, 0x00, 0xBA, 0xBE, 0x81, 0xBA, 0xC6, 0x01, 0x9A,
    0xBE, 0x7A, 0xBE, 0x84, 0x9A, 0xBE, 0x05, 0x7B, 0xB6, 0x7A, 0xB6, 0x9A, 0xBE, 0x7A, 0xBE, 0x7B,
    0xB6, 0x7A, 0xBE, 0x82, 0x9A, 0xBE, 0x81, 0xBA, 0xC6, 0x81, 0x9A, 0xBE, 0x82, 0xBA, 0xBE, 0x01,
    0x9A, 0xBE, 0xBA, 0xBE, 0x86, 0x9A, 0xBE, 0x00, 0xBA, 0xC6, 0x81, 0xBA, 0xBE, 0x01, 0x55, 0x95,
    0x75, 0x9D, 0x81, 0xBA, 0xBE, 0x00, 0xB2, 0x84, 0x81, 0x38, 0xB6, 0x06, 0x92, 0x84, 0x7A, 0xBE,
    0x9A, 0xBE, 0x96, 0x9D, 0x34, 0x95, 0xBA, 0xBE, 0x9A, 0xBE, 0x81, 0xBA, 0xBE, 0x82, 0xBA, 0xC6,
    0x01, 0x9A, 0xBE, 0x7A, 0xBE, 0x81, 0x9A, 0xBE, 0x04, 0xBA, 0xBE, 0x9A, 0xBE, 0x7A, 0xBE, 0x5B,
    0xB6, 0x7B, 0xB6, 0x81, 0x7A, 0xBE, 0x00, 0x7A, 0xB6, 0x81, 0x9A, 0xBE, 0x01, 0x59, 0xB6, 0x92,
    0x84, 0x81, 0xBA, 0xBE, 0x01, 0xF7, 0xA5, 0x14, 0x8D, 0x81, 0xBA, 0xBE, 0x82, 0xBA, 0xC6, 0x01,
    0x9A, 0xBE, 0x72, 0x7C, 0x81, 0x9A, 0xBE, 0x02, 0x79, 0xBE, 0xB2, 0x84, 0x9A, 0xBE, 0x82, 0xBA,
    0xBE, 0x81, 0xBA, 0xC6, 0x01, 0x9A, 0xBE, 0x7A, 0xBE, 0x81, 0x9A, 0xBE, 0x81, 0xBA, 0xBE, 0x02,
    0x9A, 0xBE, 0x7B, 0xB6, 0x5B, 0xB6, 0x81, 0x7A, 0xBE, 0x00, 0x7A, 0xB6, 0x82, 0x9A, 0xBE, 0x01,
    0x79, 0xBE, 0x92, 0x84, 0x81, 0xBA, 0xBE, 0x02, 0xF7, 0xA5, 0x14, 0x8D, 0xBA, 0xBE, 0x82, 0xBA,
    0xC6, 0x03, 0x9A, 0xBE, 0x7A, 0xB6, 0x7A, 0xBE, 0x9A, 0xBE, 0x81, 0xBA, 0xBE, 0x00, 0x9A, 0xBE,
    0x82, 0xBA, 0xBE, 0x81, 0xBA, 0xC6, 0x83, 0x9A, 0xBE, 0x81, 0xBA, 0xBE, 0x06, 0x9A, 0xBE, 0x7B,
    0xB6, 0x5B, 0xB6, 0x7B, 0xB6, 0x7A, 0xBE, 0x7A, 0xB6, 0x7A, 0xBE, 0x81, 0x9A, 0xBE, 0x01, 0xBA,
    0xBE, 0xBA, 0xC6, 0x84, 0xBA, 0xBE, 0x82, 0xBA, 0xC6, 0x81, 0x9A, 0xBE, 0x00, 0x7A, 0xBE, 0x81,
    0x9A, 0xBE, 0x83, 0xBA, 0xBE, 0x02, 0xD3, 0x8C, 0x92, 0x84, 0x95, 0x9D, 0x81, 0xBA, 0xBE, 0x00,
    0xB2, 0x84, 0x82, 0x92, 0x84, 0x03, 0x7A, 0xBE, 0x9A, 0xBE, 0x96, 0x9D, 0xD2, 0x84, 0x81, 0xB2,
    0x84, 0x01, 0x34, 0x95, 0x18, 0xAE, 0x81, 0xBA, 0xC6, 0x09, 0xBA, 0xBE, 0x7A, 0xBE, 0xF8, 0xA5,
    0x34, 0x95, 0xB3, 0x84, 0xB2, 0x84, 0xF3, 0x8C, 0xB7, 0xA5, 0x5A, 0xB6, 0x7A, 0xBE, 0x83, 0x9A,
    0xBE, 0x02, 0xBA, 0xBE, 0x79, 0xBE, 0x92, 0x84, 0x81, 0xBA, 0xBE, 0x16, 0xF7, 0xAD, 0xB2, 0x84,
    0xD3, 0x8C, 0xB2, 0x84, 0x54, 0x95, 0x58, 0xB6, 0xBA, 0xBE, 0x9A, 0xBE, 0x72, 0x7C, 0x7A, 0xBE,
    0x9A, 0xBE, 0x99, 0xBE, 0xB2, 0x84, 0xBA, 0xBE, 0xBA, 0xC6, 0xBA, 0xBE, 0xF7, 0xAD, 0x34, 0x95,
    0xD2, 0x84, 0x92, 0x84, 0xF4, 0x8C, 0xD7, 0xA5, 0x9A, 0xBE, 0x81, 0xBA, 0xBE, 0x0F, 0x9A, 0xBE,
    0x5A, 0xB6, 0x97, 0x9D, 0xF4, 0x8C, 0x92, 0x84, 0xB3, 0x84, 0x14, 0x95, 0xF7, 0xAD, 0xBA, 0xBE,
    0x79, 0xBE, 0x92, 0x84, 0xBA, 0xBE, 0xBA, 0xC6, 0xF7, 0xAD, 0x14, 0x95, 0x96, 0xA5, 0x82, 0x92,
    0x84, 0x01, 0x92, 0x7C, 0xF8, 0xAD, 0x81, 0x72, 0x7C, 0x81, 0x92, 0x84, 0x81, 0xF3, 0x8C, 0x01,
    0xB2, 0x84, 0xF3, 0x8C, 0x81, 0xF7, 0xAD, 0x0E, 0xF3, 0x8C, 0x92, 0x7C, 0xF3, 0x8C, 0xB6, 0xA5,
    0x9A, 0xBE, 0xBA, 0xBE, 0x9A, 0xBE, 0x7A, 0xBE, 0x3A, 0xB6, 0x76, 0x9D, 0xF4, 0x8C, 0x92, 0x84,
    0xB3, 0x84, 0x34, 0x95, 0x18, 0xAE, 0x81, 0xBA, 0xBE, 0x00, 0x59, 0xB6, 0x83, 0x92, 0x84, 0x81,
    0xF3, 0x8C, 0x05, 0xB2, 0x84, 0x14, 0x8D, 0xF8, 0xAD, 0x7A, 0xBE, 0x9A, 0xBE, 0xBA, 0xBE, 0x81,
    0xBA, 0xC6, 0x0A, 0xBA, 0xBE, 0x9A, 0xBE, 0xD3, 0x84, 0x18, 0xAE, 0xBA, 0xBE, 0xBA, 0xC6, 0xBA,
    0xBE, 0xBA, 0xC6, 0xF7, 0xAD, 0x72, 0x7C, 0x92, 0x84, 0x81, 0x9A, 0xBE, 0x11, 0x96, 0x9D, 0xF3,
    0x8C, 0x58, 0xB6, 0x79, 0xBE, 0x95, 0x9D, 0x92, 0x84, 0x18, 0xAE, 0xBA, 0xC6, 0x9A, 0xBE, 0x35,
    0x95, 0x92, 0x84, 0x96, 0x9D, 0x59, 0xB6, 0x9A, 0xBE, 0xD7, 0xA5, 0x93, 0x84, 0xF4, 0x8C, 0x7A,
    0xBE, 0x84, 0x9A, 0xBE, 0x01, 0x79, 0xBE, 0x92, 0x84, 0x81, 0x9A, 0xBE, 0x08, 0xF7, 0xA5, 0x14,
    0x8D, 0x59, 0xB6, 0x79, 0xBE, 0x55, 0x95, 0x92, 0x84, 0x18, 0xAE, 0x9A, 0xBE, 0x72, 0x7C, 0x81,
    0x9A, 0xBE, 0x11, 0x79, 0xBE, 0xB2, 0x84, 0xBA, 0xC6, 0xBA, 0xBE, 0x34, 0x95, 0xB2, 0x84, 0xB6,
    0xA5, 0x79, 0xB6, 0x5A, 0xB6, 0xB7, 0xA5, 0xB2, 0x84, 0x13, 0x8D, 0x79, 0xBE, 0xBA, 0xBE, 0x7A,
    0xB6, 0xF4, 0x8C, 0xB2, 0x84, 0xB7, 0xA5, 0x81, 0x59, 0xB6, 0x04, 0x96, 0x9D, 0x92, 0x84, 0x75,
    0x9D, 0x79, 0xBE, 0x92, 0x84, 0x81, 0x9A, 0xBE, 0x00, 0xD7, 0xA5, 0x81, 0xB2, 0x84, 0x2C, 0x59,
    0xB6, 0xBA, 0xC6, 0x9A, 0xBE, 0xD3, 0x84, 0x55, 0x95, 0x72, 0x7C, 0x9A, 0xBE, 0xBA, 0xBE, 0x75,
    0x9D, 0xD2, 0x84, 0x17, 0xAE, 0x99, 0xBE, 0xD7, 0xA5, 0x92, 0x84, 0xB2, 0x84, 0xB7, 0x9D, 0x5A,
    0xB6, 0x18, 0xAE, 0xD2, 0x84, 0x34, 0x95, 0xBA, 0xBE, 0x9A, 0xBE, 0x19, 0xAE, 0x92, 0x84, 0xD3,
    0x8C, 0xD7, 0xA5, 0x5A, 0xB6, 0x38, 0xAE, 0x55, 0x95, 0x92, 0x84, 0x96, 0xA5, 0xBA, 0xBE, 0x39,
    0xB6, 0x92, 0x84, 0x9A, 0xBE, 0xBA, 0xBE, 0x34, 0x95, 0xD3, 0x8C, 0x38, 0xB6, 0x79, 0xBE, 0x97,
    0x9D, 0x92, 0x84, 0xD7, 0xA5, 0x9A, 0xBE, 0xBA, 0xBE, 0x82, 0xBA, 0xC6, 0x03, 0x9A, 0xBE, 0xD3,
    0x84, 0x18, 0xAE, 0x9A, 0xBE, 0x81, 0xBA, 0xBE, 0x03, 0x9A, 0xBE, 0xF8, 0xAD, 0x72, 0x7C, 0x92,
    0x84, 0x82, 0x9A, 0xBE, 0x00, 0xBA, 0xBE, 0x82, 0xBA, 0xC6, 0x06, 0xD7, 0xA5, 0xF3, 0x8C, 0x9A,
    0xBE, 0x96, 0x9D, 0xB2, 0x84, 0x9A, 0xBE, 0xBA, 0xC6, 0x81, 0xBA, 0xBE, 0x03, 0x9A, 0xBE, 0x7A,
    0xBE, 0xD3, 0x84, 0x75, 0x9D, 0x84, 0x9A, 0xBE, 0x01, 0x79, 0xBE, 0xB2, 0x84, 0x83, 0x9A, 0xBE,
    0x81, 0xBA, 0xBE, 0x04, 0x9A, 0xBE, 0xB7, 0xA5, 0xB3, 0x84, 0x7A, 0xBE, 0x72, 0x7C, 0x81, 0x9A,
    0xBE, 0x04, 0x79, 0xBE, 0xB2, 0x84, 0xBA, 0xC6, 0x95, 0x9D, 0xD2, 0x8C, 0x81, 0xBA, 0xBE, 0x81,
    0x9A, 0xBE, 0x07, 0xBA, 0xBE, 0xBA, 0xC6, 0xF3, 0x8C, 0x34, 0x95, 0x9A, 0xBE, 0x35, 0x95, 0xB3,
    0x84, 0xBA, 0xBE, 0x83, 0x9A, 0xBE, 0x03, 0x7A, 0xBE, 0x92, 0x84, 0xB6, 0xA5, 0x92, 0x84, 0x81,
    0x9A, 0xBE, 0x02, 0xD7, 0xA5, 0x92, 0x84, 0xD6, 0xA5, 0x81, 0x9A, 0xBE, 0x06, 0x55, 0x95, 0xD3,
    0x84, 0x39, 0xB6, 0x92, 0x7C, 0x9A, 0xBE, 0xBA, 0xBE, 0x99, 0xBE, 0x83, 0xBA, 0xC6, 0x0B, 0x38,
    0xB6, 0x79, 0xB6, 0x9A, 0xBE, 0xBA, 0xBE, 0xBA, 0xC6, 0xBA, 0xBE, 0x92, 0x84, 0x38, 0xB6, 0x7A,
    0xB6, 0xB3, 0x84, 0xB6, 0x9D, 0xBA, 0xBE, 0x83, 0x9A, 0xBE, 0x04, 0x79, 0xB6, 0xB2, 0x84, 0x38,
    0xB6, 0x39, 0xB6, 0x92, 0x84, 0x81, 0x9A, 0xBE, 0x00, 0x79, 0xBE, 0x83, 0x9A, 0xBE, 0x02, 0xF8,
    0xAD, 0xB3, 0x84, 0x7A, 0xBE, 0x81, 0xBA, 0xBE, 0x05, 0xBA, 0xC6, 0xDA, 0xC6, 0xBA, 0xC6, 0xD3,
    0x84, 0x92, 0x84, 0x96, 0x9D, 0x81, 0xBA, 0xC6, 0x06, 0xB3, 0x84, 0x92, 0x84, 0x72, 0x7C, 0xB2,
    0x84, 0xBA, 0xC6, 0xBA, 0xBE, 0x79, 0xBE, 0x81, 0xF3, 0x8C, 0x00, 0x99, 0xBE, 0x81, 0xBA, 0xC6,
    0x0C, 0x92, 0x84, 0x39, 0xB6, 0x92, 0x84, 0x59, 0xB6, 0xBA, 0xC6, 0x9A, 0xBE, 0xF4, 0x8C, 0xD3,
    0x84, 0x59, 0xB6, 0x9A, 0xBE, 0x79, 0xBE, 0x92, 0x84, 0x79, 0xB6, 0x82, 0x9A, 0xBE, 0x03, 0xBA,
    0xBE, 0x79, 0xBE, 0xB2, 0x84, 0xBA, 0xC6, 0x81, 0x9A, 0xBE, 0x02, 0x14, 0x8D, 0xD3, 0x8C, 0x79,
    0xBE, 0x81, 0x9A, 0xBE, 0x02, 0x92, 0x84, 0x18, 0xAE, 0x92, 0x84, 0x81, 0xBA, 0xBE, 0x23, 0x79,
    0xBE, 0xB2, 0x84, 0x99, 0xBE, 0xB2, 0x84, 0x99, 0xBE, 0xBA, 0xBE, 0x9A, 0xBE, 0xF4, 0x8C, 0xF3,
    0x8C, 0x9A, 0xBE, 0xBA, 0xBE, 0x9A, 0xBE, 0x92, 0x84, 0x18, 0xAE, 0x92, 0x84, 0x7A, 0xBE, 0x9A,
    0xBE, 0x59, 0xB6, 0xD3, 0x84, 0x14, 0x8D, 0x9A, 0xBE, 0xBA, 0xBE, 0x96, 0x9D, 0xF3, 0x8C, 0xB2,
    0x84, 0xBA, 0xBE, 0x9A, 0xBE, 0xD7, 0xA5, 0x14, 0x8D, 0xBA, 0xC6, 0xBA, 0xBE, 0xD7, 0xA5, 0x92,
    0x84, 0x59, 0xB6, 0x79, 0xBE, 0x92, 0x84, 0x81, 0xBA, 0xBE, 0x03, 0xBA, 0xC6, 0x34, 0x95, 0xF3,
    0x8C, 0x9A, 0xBE, 0x81, 0xBA, 0xBE, 0x0D, 0xD7, 0xA5, 0xD3, 0x84, 0xF7, 0xA5, 0xBA, 0xC6, 0x9A,
    0xBE, 0xD3, 0x8C, 0xB6, 0xA5, 0x18, 0xAE, 0x92, 0x84, 0xBA, 0xBE, 0x9A, 0xBE, 0xD7, 0xA5, 0x92,
    0x84, 0x34, 0x8D, 0x81, 0xBA, 0xBE, 0x0D, 0x34, 0x95, 0xB6, 0xA5, 0x59, 0xB6, 0x92, 0x84, 0x9A,
    0xBE, 0xBA, 0xBE, 0x9A, 0xBE, 0xF3, 0x8C, 0xD3, 0x84, 0x79, 0xB6, 0x9A, 0xBE, 0xBA, 0xC6, 0x92,
    0x84, 0x59, 0xB6, 0x81, 0xBA, 0xBE, 0x11, 0xBA, 0xC6, 0xDA, 0xC6, 0xBA, 0xC6, 0x59, 0xB6, 0x35,
    0x95, 0x75, 0x9D, 0xBA, 0xBE, 0xBA, 0xC6, 0xB2, 0x84, 0xF7, 0xAD, 0x18, 0xAE, 0xB2, 0x84, 0xBA,
    0xBE, 0x9A, 0xBE, 0x96, 0x9D, 0xF3, 0x8C, 0x34, 0x95, 0x75, 0x9D, 0x81, 0xBA, 0xC6, 0x08, 0xB2,
    0x84, 0x76, 0x9D, 0x92, 0x84, 0x9A, 0xBE, 0xBA, 0xBE, 0x56, 0x95, 0x72, 0x7C, 0x92, 0x7C, 0x13,
    0x8D, 0x81, 0xBA, 0xC6, 0x02, 0xB2, 0x84, 0x18, 0xAE, 0x9A, 0xBE, 0x81, 0xBA, 0xBE, 0x0D, 0xBA,
    0xC6, 0x79, 0xBE, 0xB2, 0x84, 0xBA, 0xC6, 0x9A, 0xBE, 0xD7, 0xA5, 0xD3, 0x8C, 0x75, 0x9D, 0xF3,
    0x8C, 0xBA, 0xC6, 0x9A, 0xBE, 0xF4, 0x8C, 0xB6, 0xA5, 0x92, 0x84, 0x81, 0x9A, 0xBE, 0x03, 0x79,
    0xB6, 0xB2, 0x84, 0x17, 0xAE, 0xD2, 0x8C, 0x81, 0xBA, 0xC6, 0x10, 0x55, 0x95, 0x14, 0x8D, 0x35,
    0x95, 0x14, 0x8D, 0x9A, 0xBE, 0x7A, 0xBE, 0xD3, 0x84, 0xF3, 0x8C, 0xD2, 0x8C, 0xBA, 0xC6, 0xBA,
    0xBE, 0x14, 0x8D, 0x35, 0x95, 0xB2, 0x84, 0xF7, 0xA5, 0x38, 0xB6, 0xF7, 0xA5, 0x81, 0xB2, 0x84,
    0x00, 0xBA, 0xBE, 0x81, 0x9A, 0xBE, 0x07, 0xBA, 0xBE, 0xBA, 0xC6, 0x79, 0xB6, 0x92, 0x84, 0xF8,
    0xAD, 0xBA, 0xBE, 0x79, 0xBE, 0x92, 0x84, 0x81, 0x9A, 0xBE, 0x0E, 0xF7, 0xAD, 0xF3, 0x8C, 0x13,
    0x8D, 0xD6, 0xA5, 0xBA, 0xC6, 0xBA, 0xBE, 0x92, 0x84, 0x34, 0x95, 0xB2, 0x84, 0x9A, 0xBE, 0x7A,
    0xBE, 0x15, 0x8D, 0x95, 0x9D, 0x38, 0xB6, 0xB2, 0x84, 0x84, 0x92, 0x84, 0x17, 0xBA, 0xBE, 0xBA,
    0xC6, 0xB6, 0xA5, 0x54, 0x9D, 0x59, 0xB6, 0x92, 0x84, 0x9A, 0xBE, 0xBA, 0xBE, 0xB6, 0x9D, 0x13,
    0x8D, 0x14, 0x95, 0x55, 0x95, 0xBA, 0xBE, 0xBA, 0xC6, 0xB2, 0x84, 0x18, 0xAE, 0x9A, 0xBE, 0xBA,
    0xBE, 0xBA, 0xC6, 0xDA, 0xC6, 0xBA, 0xC6, 0x9A, 0xBE, 0x35, 0x95, 0x75, 0x95, 0x81, 0xBA, 0xC6,
    0x09, 0xB2, 0x84, 0x18, 0xAE, 0x39, 0xB6, 0xB2, 0x84, 0xBA, 0xBE, 0x9A, 0xBE, 0x96, 0x9D, 0x35,
    0x95, 0x75, 0x9D, 0x54, 0x95, 0x81, 0xBA, 0xC6, 0x02, 0xB2, 0x84, 0x14, 0x8D, 0xB3, 0x84, 0x83,
    0x9A, 0xBE, 0x00, 0xBA, 0xBE, 0x81, 0xDA, 0xC6, 0x03, 0xBA, 0xC6, 0xD3, 0x84, 0xF7, 0xAD, 0xBA,
    0xBE, 0x82, 0xBA, 0xC6, 0x0C, 0x79, 0xBE, 0xB2, 0x84, 0xBA, 0xC6, 0x9A, 0xBE, 0xD7, 0xA5, 0x14,
    0x8D, 0x18, 0xAE, 0xD2, 0x84, 0xBA, 0xBE, 0x9A, 0xBE, 0x35, 0x95, 0x75, 0x9D, 0x92, 0x84, 0x81,
    0x9A, 0xBE, 0x09, 0x5A, 0xB6, 0xB2, 0x84, 0xD6, 0xA5, 0x13, 0x8D, 0xBA, 0xC6, 0xBA, 0xBE, 0xB3,
    0x84, 0xB7, 0xA5, 0xF8, 0xAD, 0xB3, 0x84, 0x81, 0x9A, 0xBE, 0x07, 0x34, 0x95, 0x92, 0x84, 0x13,
    0x95, 0xBA, 0xC6, 0xBA, 0xBE, 0xD3, 0x84, 0xD7, 0xA5, 0x34, 0x95, 0x83, 0xF3, 0x8C, 0x01, 0xB2,
    0x84, 0xBA, 0xBE, 0x81, 0x9A, 0xBE, 0x07, 0xBA, 0xBE, 0xBA, 0xC6, 0xD7, 0xA5, 0xB2, 0x84, 0x7A,
    0xBE, 0xBA, 0xBE, 0x79, 0xBE, 0x92, 0x84, 0x81, 0x9A, 0xBE, 0x08, 0xD7, 0xA5, 0x14, 0x95, 0x54,
    0x95, 0xB6, 0xA5, 0xBA, 0xBE, 0x9A, 0xBE, 0x72, 0x7C, 0x76, 0x9D, 0x92, 0x84, 0x81, 0x9A, 0xBE,
    0x08, 0x35, 0x95, 0x75, 0x9D, 0xB9, 0xC6, 0x34, 0x95, 0x92, 0x84, 0x55, 0x95, 0x38, 0xB6, 0xBA,
    0xBE, 0xDA, 0xC6, 0x81, 0xBA, 0xC6, 0x0D, 0xD6, 0xA5, 0x54, 0x95, 0x59, 0xB6, 0x92, 0x84, 0x9A,
    0xBE, 0xBA, 0xBE, 0xB6, 0x9D, 0x34, 0x95, 0x75, 0x9D, 0x35, 0x95, 0x9A, 0xBE, 0xBA, 0xC6, 0xB2,
    0x84, 0xF8, 0xAD, 0x81, 0x9A, 0xBE, 0x81, 0xBA, 0xC6, 0x03, 0xBA, 0xBE, 0x9A, 0xBE, 0x55, 0x95,
    0x75, 0x95, 0x81, 0xBA, 0xBE, 0x03, 0x92, 0x84, 0x18, 0xAE, 0x39, 0xAE, 0xB2, 0x84, 0x81, 0xBA,
    0xBE, 0x08, 0x96, 0x9D, 0x35, 0x95, 0x76, 0x9D, 0x55, 0x95, 0xBA, 0xBE, 0x9A, 0xBE, 0x93, 0x7C,
    0xF4, 0x8C, 0xB3, 0x84, 0x81, 0x9A, 0xBE, 0x01, 0x79, 0xBE, 0x59, 0xB6, 0x82, 0x58, 0xB6, 0x0E,
    0x59, 0xB6, 0xD3, 0x84, 0xD7, 0xA5, 0xBA, 0xBE, 0xBA, 0xC6, 0xDA, 0xC6, 0xBA, 0xC6, 0x79, 0xBE,
    0xB2, 0x84, 0xBA, 0xBE, 0x9A, 0xBE, 0xD7, 0xA5, 0x14, 0x8D, 0x18, 0xAE, 0xB2, 0x84, 0x81, 0x9A,
    0xBE, 0x02, 0x35, 0x95, 0x75, 0x9D, 0x92, 0x84, 0x81, 0xBA, 0xBE, 0x13, 0x5A, 0xB6, 0x92, 0x84,
    0xB6, 0xA5, 0xF3, 0x8C, 0x9A, 0xBE, 0x7A, 0xBE, 0xB3, 0x84, 0x97, 0x9D, 0xF8, 0xAD, 0xB2, 0x84,
    0x9A, 0xBE, 0xBA, 0xBE, 0x54, 0x95, 0x92, 0x84, 0x13, 0x8D, 0xBA, 0xC6, 0xBA, 0xBE, 0xD3, 0x8C,
    0xD7, 0xA5, 0xB6, 0xA5, 0x82, 0x75, 0x9D, 0x01, 0x54, 0x9D, 0xB2, 0x84, 0x82, 0x9A, 0xBE, 0x1D,
    0xBA, 0xBE, 0xBA, 0xC6, 0xBA, 0xBE, 0xB3, 0x84, 0x76, 0x9D, 0x9A, 0xBE, 0x79, 0xBE, 0x92, 0x84,
    0xBA, 0xBE, 0x9A, 0xBE, 0xD7, 0xA5, 0x14, 0x8D, 0x34, 0x95, 0x96, 0x9D, 0x9A, 0xBE, 0x7B, 0xB6,
    0x72, 0x7C, 0x76, 0x9D, 0xB2, 0x84, 0x9A, 0xBE, 0xBA, 0xBE, 0x55, 0x95, 0x95, 0x9D, 0x58, 0xB6,
    0xB2, 0x84, 0x99, 0xBE, 0xBA, 0xBE, 0x9A, 0xBE, 0x95, 0x9D, 0xB5, 0xA5, 0x81, 0xBA, 0xC6, 0x0D,
    0xB6, 0xA5, 0x34, 0x95, 0x39, 0xB6, 0x92, 0x84, 0x9A, 0xBE, 0xBA, 0xBE, 0xB6, 0x9D, 0x34, 0x95,
    0x76, 0x9D, 0x35, 0x8D, 0x9A, 0xBE, 0xBA, 0xC6, 0xB2, 0x84, 0x18, 0xAE, 0x81, 0x9A, 0xBE, 0x00,
    0xBA, 0xBE, 0x82, 0x9A, 0xBE, 0x01, 0x55, 0x95, 0x75, 0x95, 0x81, 0x9A, 0xBE, 0x03, 0x92, 0x84,
    0x76, 0x9D, 0x55, 0x9D, 0xB2, 0x84, 0x81, 0xBA, 0xBE, 0x03, 0x96, 0x9D, 0x34, 0x95, 0x76, 0x9D,
    0x35, 0x95, 0x81, 0x9A, 0xBE, 0x02, 0x93, 0x84, 0x35, 0x95, 0x92, 0x84, 0x81, 0x9A, 0xBE, 0x00,
    0xB6, 0xA5, 0x81, 0x92, 0x84, 0x00, 0x92, 0x7C, 0x82, 0x92, 0x84, 0x06, 0xD7, 0xAD, 0xBA, 0xBE,
    0xBA, 0xC6, 0xDA, 0xC6, 0xBA, 0xC6, 0x79, 0xBE, 0x92, 0x84, 0x81, 0x9A, 0xBE, 0x03, 0xD7, 0xA5,
    0xD3, 0x8C, 0x55, 0x9D, 0xD3, 0x84, 0x81, 0x9A, 0xBE, 0x02, 0xF4, 0x8C, 0xB6, 0xA5, 0x92, 0x84,
    0x81, 0xBA, 0xBE, 0x0E, 0x79, 0xB6, 0x92, 0x84, 0xD7, 0xA5, 0xB3, 0x84, 0x9A, 0xBE, 0x7A, 0xBE,
    0x35, 0x8D, 0x14, 0x8D, 0x35, 0x95, 0xF4, 0x8C, 0xBA, 0xBE, 0xBA, 0xC6, 0xF3, 0x8C, 0xD3, 0x8C,
    0xB3, 0x84, 0x81, 0xBA, 0xBE, 0x05, 0x14, 0x8D, 0x34, 0x95, 0xD3, 0x8C, 0x34, 0x95, 0x75, 0x9D,
    0x34, 0x95, 0x81, 0x92, 0x84, 0x82, 0x9A, 0xBE, 0x00, 0x35, 0x95, 0x81, 0x9A, 0xBE, 0x18, 0x39,
    0xB6, 0x92, 0x7C, 0x59, 0xB6, 0x79, 0xBE, 0x92, 0x84, 0xBA, 0xBE, 0x9A, 0xBE, 0xD7, 0xA5, 0xF4,
    0x8C, 0x34, 0x95, 0x96, 0x9D, 0x7A, 0xBE, 0x9A, 0xBE, 0x72, 0x7C, 0x96, 0x9D, 0xB2, 0x84, 0x9A,
    0xBE, 0xBA, 0xBE, 0x55, 0x95, 0x75, 0x9D, 0x96, 0x9D, 0x14, 0x8D, 0xBA, 0xBE, 0x9A, 0xBE, 0xF3,
    0x8C, 0x81, 0xB2, 0x84, 0x05, 0xDA, 0xC6, 0xBA, 0xC6, 0xB6, 0xA5, 0x34, 0x95, 0x39, 0xB6, 0x92,
    0x84, 0x81, 0x9A, 0xBE, 0x07, 0x96, 0x9D, 0x34, 0x95, 0x76, 0x9D, 0x35, 0x95, 0x9A, 0xBE, 0xBA,
    0xBE, 0xB2, 0x84, 0x18, 0xAE, 0x81, 0x9A, 0xBE, 0x00, 0xBA, 0xBE, 0x82, 0x9A, 0xBE, 0x05, 0x56,
    0x9D, 0x15, 0x8D, 0x7A, 0xBE, 0x9A, 0xBE, 0x76, 0x95, 0xD3, 0x84, 0x81, 0x92, 0x84, 0x0B, 0x9A,
    0xBE, 0xBA, 0xBE, 0x96, 0x9D, 0x34, 0x95, 0x75, 0x9D, 0x35, 0x95, 0xBA, 0xBE, 0x9A, 0xBE, 0xB2,
    0x84, 0xD7, 0xA5, 0x92, 0x84, 0x39, 0xAE, 0x81, 0x9A, 0xBE, 0x03, 0x75, 0x95, 0xB3, 0x84, 0xF4,
    0x8C, 0x59, 0xB6, 0x81, 0x14, 0x8D, 0x01, 0x9A, 0xBE, 0xBA, 0xBE, 0x82, 0xBA, 0xC6, 0x01, 0x79,
    0xBE, 0x92, 0x84, 0x82, 0x9A, 0xBE, 0x02, 0xF4, 0x8C, 0xB3, 0x84, 0x19, 0xAE, 0x81, 0x9A, 0xBE,
    0x02, 0xB2, 0x84, 0x18, 0xAE, 0x92, 0x7C, 0x81, 0x9A, 0xBE, 0x09, 0x5A, 0xB6, 0xB2, 0x84, 0x79,
    0xB6, 0x92, 0x84, 0x7A, 0xBE, 0xBA, 0xBE, 0x9A, 0xBE, 0xF4, 0x8C, 0xD3, 0x8C, 0x7A, 0xB6, 0x81,
    0x9A, 0xBE, 0x07, 0x92, 0x84, 0xF8, 0xA5, 0x72, 0x7C, 0x7A, 0xBE, 0x9A, 0xBE, 0x79, 0xB6, 0xD3,
    0x8C, 0x14, 0x8D, 0x81, 0xBA, 0xC6, 0x02, 0xB6, 0xA5, 0xB3, 0x84, 0x92, 0x84, 0x81, 0x9A, 0xBE,
    0x02, 0xD8, 0xA5, 0x52, 0x7C, 0x55, 0x95, 0x81, 0x9A, 0xBE, 0x81, 0x34, 0x95, 0x07, 0x59, 0xB6,
    0x92, 0x84, 0xBA, 0xBE, 0x9A, 0xBE, 0xD7, 0xA5, 0x14, 0x8D, 0x34, 0x95, 0x96, 0x9D, 0x81, 0xBA,
    0xBE, 0x02, 0x92, 0x84, 0x96, 0x9D, 0xB2, 0x84, 0x81, 0x9A, 0xBE, 0x81, 0x55, 0x95, 0x01, 0x96,
    0x9D, 0xF4, 0x8C, 0x81, 0x9A, 0xBE, 0x02, 0x55, 0x95, 0xB2, 0x84, 0x75, 0x9D, 0x81, 0xBA, 0xC6,
    0x09, 0xB6, 0xA5, 0x14, 0x95, 0x39, 0xB6, 0x92, 0x84, 0x9A, 0xBE, 0x7A, 0xB6, 0x76, 0x9D, 0x35,
    0x95, 0x75, 0x9D, 0x35, 0x95, 0x81, 0xBA, 0xBE, 0x01, 0xB2, 0x84, 0x18, 0xAE, 0x81, 0x9A, 0xBE,
    0x01, 0xBA, 0xC6, 0xBA, 0xBE, 0x81, 0x9A, 0xBE, 0x01, 0xB7, 0xA5, 0x93, 0x7C, 0x83, 0x9A, 0xBE,
    0x81, 0x92, 0x84, 0x0C, 0x9A, 0xBE, 0xBA, 0xBE, 0x96, 0x9D, 0x35, 0x95, 0x75, 0x9D, 0x55, 0x95,
    0xBA, 0xBE, 0xBA, 0xC6, 0xD2, 0x84, 0xF8, 0xAD, 0xB6, 0xA5, 0x92, 0x84, 0x79, 0xBE, 0x81, 0xBA,
    0xBE, 0x82, 0x9A, 0xBE, 0x02, 0x18, 0xAE, 0xB2, 0x84, 0x59, 0xB6, 0x81, 0xBA, 0xC6, 0x81, 0xBA,
    0xBE, 0x01, 0x79, 0xBE, 0x92, 0x84, 0x81, 0x9A, 0xBE, 0x82, 0x7A, 0xBE, 0x81, 0x9A, 0xBE, 0x03,
    0xD7, 0xA5, 0xD3, 0x84, 0x9A, 0xBE, 0x92, 0x7C, 0x81, 0x9A, 0xBE, 0x06, 0x5A, 0xB6, 0xB2, 0x84,
    0xBA, 0xBE, 0x75, 0x9D, 0xD3, 0x8C, 0xBA, 0xC6, 0xBA, 0xBE, 0x81, 0x9A, 0xBE, 0x81, 0xBA, 0xBE,
    0x04, 0xF3, 0x8C, 0x34, 0x95, 0x9A, 0xBE, 0x35, 0x95, 0xD3, 0x8C, 0x81, 0xBA, 0xBE, 0x82, 0xBA,
    0xC6, 0x03, 0x9A, 0xBE, 0xB2, 0x84, 0xB6, 0xA5, 0x92, 0x84, 0x81, 0x9A, 0xBE, 0x03, 0xB7, 0xA5,
    0x72, 0x7C, 0x92, 0x84, 0x9A, 0xBE, 0x81, 0xBA, 0xBE, 0x02, 0xB2, 0x84, 0xB6, 0xA5, 0x92, 0x84,
    0x81, 0x9A, 0xBE, 0x03, 0xD7, 0xA5, 0x14, 0x95, 0x34, 0x95, 0xB6, 0x9D, 0x81, 0xBA, 0xC6, 0x02,
    0x92, 0x84, 0x96, 0x9D, 0xB2, 0x84, 0x81, 0xBA, 0xBE, 0x81, 0x55, 0x95, 0x03, 0x18, 0xAE, 0x92,
    0x84, 0x9A, 0xBE, 0xBA, 0xBE, 0x82, 0xBA, 0xC6, 0x0B, 0xBA, 0xBE, 0xBA, 0xC6, 0xF7, 0xA5, 0x14,
    0x8D, 0x39, 0xB6, 0x92, 0x7C, 0x7A, 0xBE, 0x7A, 0xB6, 0x96, 0x9D, 0x34, 0x95, 0x75, 0x9D, 0x55,
    0x95, 0x81, 0xBA, 0xBE, 0x01, 0xB2, 0x84, 0x18, 0xAE, 0x85, 0x9A, 0xBE, 0x05, 0x7A, 0xBE, 0xB3,
    0x84, 0xF4, 0x8C, 0x38, 0xAE, 0x9A, 0xBE, 0xF7, 0xAD, 0x81, 0x92, 0x84, 0x81, 0x9A, 0xBE, 0x18,
    0x96, 0x9D, 0x34, 0x95, 0x95, 0x9D, 0x54, 0x95, 0xBA, 0xC6, 0xDA, 0xC6, 0xD2, 0x84, 0x18, 0xAE,
    0x9A, 0xBE, 0x75, 0x9D, 0xB2, 0x84, 0x75, 0x9D, 0x58, 0xB6, 0x9A, 0xBE, 0xF8, 0xAD, 0x14, 0x8D,
    0xB2, 0x84, 0x17, 0xAE, 0xBA, 0xC6, 0xDA, 0xC6, 0xBA, 0xC6, 0xBA, 0xBE, 0x9A, 0xBE, 0x59, 0xB6,
    0x92, 0x84, 0x81, 0x9A, 0xBE, 0x08, 0x14, 0x8D, 0xF4, 0x8C, 0x59, 0xB6, 0x79, 0xB6, 0x55, 0x95,
    0x92, 0x84, 0x18, 0xAE, 0x9A, 0xBE, 0x92, 0x84, 0x81, 0x9A, 0xBE, 0x0B, 0x79, 0xB6, 0xB2, 0x84,
    0xBA, 0xC6, 0xBA, 0xBE, 0x34, 0x95, 0xB2, 0x84, 0xD6, 0xA5, 0x79, 0xBE, 0x7A, 0xBE, 0xD7, 0xA5,
    0xD2, 0x8C, 0x13, 0x95, 0x81, 0x9A, 0xBE, 0x0A, 0x7A, 0xBE, 0x13, 0x8D, 0xD2, 0x8C, 0xF7, 0xA5,
    0xB9, 0xBE, 0x99, 0xBE, 0x96, 0x9D, 0x92, 0x84, 0x55, 0x9D, 0x59, 0xB6, 0x92, 0x84, 0x81, 0x9A,
    0xBE, 0x03, 0xD7, 0xA5, 0xF4, 0x8C, 0x35, 0x95, 0x14, 0x8D, 0x81, 0xBA, 0xBE, 0x02, 0xD7, 0xA5,
    0xB2, 0x84, 0x92, 0x84, 0x81, 0x9A, 0xBE, 0x03, 0xF7, 0xAD, 0x14, 0x95, 0x54, 0x95, 0xB6, 0xA5,
    0x81, 0xBA, 0xC6, 0x02, 0xB2, 0x84, 0x96, 0x9D, 0xB2, 0x84, 0x81, 0xBA, 0xC6, 0x0E, 0x55, 0x95,
    0x55, 0x9D, 0x9A, 0xBE, 0x75, 0x9D, 0xB2, 0x84, 0xD6, 0xA5, 0x99, 0xBE, 0x17, 0xAE, 0xD3, 0x84,
    0x79, 0xBE, 0x9A, 0xBE, 0x79, 0xB6, 0x92, 0x84, 0xF8, 0xAD, 0x92, 0x84, 0x81, 0x9A, 0xBE, 0x09,
    0x96, 0x9D, 0x34, 0x95, 0x75, 0x9D, 0x55, 0x95, 0xBA, 0xBE, 0x9A, 0xBE, 0xB2, 0x84, 0xF8, 0xAD,
    0x9A, 0xBE, 0xBA, 0xBE, 0x81, 0x7A, 0xBE, 0x08, 0x9A, 0xBE, 0xBA, 0xBE, 0x9A, 0xBE, 0x5A, 0xB6,
    0x55, 0x9D, 0xD3, 0x8C, 0xB2, 0x84, 0x14, 0x95, 0x55, 0x95, 0x83, 0x72, 0x7C, 0x0F, 0x34, 0x95,
    0x95, 0x9D, 0xB2, 0x84, 0xB1, 0x84, 0xB2, 0x84, 0x92, 0x84, 0x37, 0xB6, 0xBA, 0xC6, 0x9A, 0xBE,
    0x18, 0xAE, 0x55, 0x9D, 0xD2, 0x8C, 0x92, 0x84, 0xD3, 0x84, 0x75, 0x9D, 0x79, 0xBE, 0x84, 0xBA,
    0xC6, 0x01, 0x9A, 0xBE, 0x39, 0xB6, 0x81, 0x72, 0x7C, 0x06, 0x92, 0x84, 0x92, 0x7C, 0xD3, 0x84,
    0x92, 0x84, 0xB2, 0x84, 0x34, 0x95, 0x39, 0xB6, 0x81, 0x9A, 0xBE, 0x82, 0x72, 0x7C, 0x01, 0x92,
    0x84, 0xB2, 0x84, 0x81, 0xDA, 0xC6, 0x14, 0xBA, 0xC6, 0xF7, 0xAD, 0x34, 0x95, 0xB2, 0x84, 0x92,
    0x84, 0xF4, 0x8C, 0xD7, 0xA5, 0xBA, 0xBE, 0xBA, 0xC6, 0x9A, 0xBE, 0xBA, 0xBE, 0xBA, 0xC6, 0xD6,
    0xAD, 0x13, 0x95, 0xB2, 0x84, 0xD3, 0x8C, 0x34, 0x95, 0xF7, 0xAD, 0x9A, 0xBE, 0x39, 0xB6, 0x72,
    0x7C, 0x81, 0x92, 0x84, 0x02, 0x72, 0x7C, 0xF4, 0x8C, 0x59, 0xB6, 0x81, 0x92, 0x84, 0x02, 0x92,
    0x7C, 0x72, 0x7C, 0x96, 0x9D, 0x81, 0x72, 0x7C, 0x81, 0x92, 0x84, 0x02, 0x34, 0x95, 0x54, 0x9D,
    0xB1, 0x84, 0x82, 0x92, 0x84, 0x01, 0x96, 0x9D, 0x92, 0x7C, 0x82, 0x92, 0x84, 0x05, 0x75, 0x9D,
    0x9A, 0xBE, 0xBA, 0xC6, 0xF7, 0xAD, 0x14, 0x95, 0xB2, 0x84, 0x81, 0xF3, 0x8C, 0x00, 0x92, 0x84,
    0x82, 0x72, 0x7C, 0x01, 0x14, 0x8D, 0x92, 0x84, 0x82, 0x72, 0x7C, 0x02, 0x34, 0x95, 0x75, 0x9D,
    0x92, 0x7C, 0x82, 0x72, 0x7C, 0x08, 0xF8, 0xAD, 0x9A, 0xBE, 0xBA, 0xC6, 0x7A, 0xBE, 0x9A, 0xBE,
    0xBA, 0xBE, 0xBA, 0xC6, 0x9A, 0xBE, 0x7A, 0xBE, 0x83, 0x9A, 0xBE, 0x81, 0xBA, 0xBE, 0x82, 0x9A,
    0xBE, 0x81, 0xBA, 0xC6, 0x84, 0xDA, 0xC6, 0x02, 0xBA, 0xC6, 0xBA, 0xBE, 0x9A, 0xBE, 0x81, 0xBA,
    0xBE, 0x87, 0xBA, 0xC6, 0x81, 0x9A, 0xBE, 0x00, 0x7A, 0xBE, 0x81, 0x9A, 0xBE, 0x02, 0xBA, 0xC6,
    0x9A, 0xBE, 0x7A, 0xBE, 0x84, 0x9A, 0xBE, 0x00, 0xBA, 0xBE, 0x82, 0x9A, 0xBE, 0x81, 0xBA, 0xC6,
    0x85, 0xDA, 0xC6, 0x01, 0xBA, 0xBE, 0x9A, 0xBE, 0x81, 0xBA, 0xBE, 0x87, 0xBA, 0xC6, 0x84, 0x9A,
    0xBE, 0x81, 0xBA, 0xC6, 0x00, 0x7A, 0xBE, 0x84, 0x9A, 0xBE, 0x81, 0xBA, 0xBE, 0x81, 0x9A, 0xBE,
    0x00, 0xBA, 0xBE, 0x81, 0xBA, 0xC6, 0x84, 0xDA, 0xC6, 0x01, 0xBA, 0xC6, 0x9A, 0xBE, 0x81, 0xBA,
    0xBE, 0x87, 0xBA, 0xC6, 0x00, 0xBA, 0xBE, 0x81, 0x9A, 0xBE, 0x05, 0x7A, 0xBE, 0x9A, 0xBE, 0xBA,
    0xBE, 0xBA, 0xC6, 0x9A, 0xBE, 0x7A, 0xBE, 0x83, 0x9A, 0xBE, 0x81, 0xBA, 0xBE, 0x82, 0x9A, 0xBE,
    0x02, 0xBA, 0xC6, 0x7A, 0xBE, 0x9A, 0xBE, 0x81, 0xBA, 0xC6, 0x00, 0xBA, 0xBE, 0x83, 0x9A, 0xBE,
    0x00, 0xBA, 0xBE, 0x81, 0xBA, 0xC6, 0x02, 0xBA, 0xBE, 0x9A, 0xBE, 0xBA, 0xBE, 0x81, 0xBA, 0xC6,
    0x84, 0xDA, 0xC6, 0x82, 0xBA, 0xC6, 0x81, 0xBA, 0xBE, 0x01, 0xBA, 0xC6, 0xBA, 0xBE, 0x81, 0x9A,
    0xBE, 0x81, 0xBA, 0xC6, 0x06, 0xBA, 0xBE, 0x9A, 0xBE, 0x7A, 0xBE, 0x7A, 0xB6, 0x7A, 0xBE, 0x9A,
    0xBE, 0xBA, 0xBE, 0x81, 0xBA, 0xC6, 0x83, 0x9A, 0xBE, 0x00, 0xBA, 0xBE, 0x81, 0xBA, 0xC6, 0x00,
    0xBA, 0xBE, 0x81, 0x9A, 0xBE, 0x81, 0xBA, 0xC6, 0x85, 0xDA, 0xC6, 0x81, 0xBA, 0xC6, 0x83, 0xBA,
    0xBE, 0x81, 0x9A, 0xBE, 0x00, 0xBA, 0xBE, 0x81, 0xBA, 0xC6, 0x81, 0x9A, 0xBE, 0x81, 0x7A, 0xBE,
    0x01, 0x9A, 0xBE, 0xBA, 0xBE, 0x81, 0xBA, 0xC6, 0x83, 0x9A, 0xBE, 0x81, 0xBA, 0xBE, 0x81, 0xBA,
    0xC6, 0x81, 0x9A, 0xBE, 0x00, 0xBA, 0xBE, 0x81, 0xBA, 0xC6, 0x84, 0xDA, 0xC6, 0x81, 0xBA, 0xC6,
    0x03, 0xBA, 0xBE, 0x9A, 0xBE, 0xBA, 0xBE, 0xBA, 0xC6, 0x81, 0x9A, 0xBE, 0x00, 0xBA, 0xBE, 0x81,
    0xBA, 0xC6, 0x81, 0x9A, 0xBE, 0x01, 0x7A, 0xBE, 0x7A, 0xB6, 0x81, 0x9A, 0xBE, 0x81, 0xBA, 0xC6,
    0x84, 0x9A, 0xBE, 0x00, 0xBA, 0xBE, 0x81, 0xBA, 0xC6, 0x81, 0x9A, 0xBE, 0x04, 0xBA, 0xBE, 0xBA,
    0xC6, 0x7A, 0xB6, 0xBA, 0xBE, 0xDA, 0xC6, 0x81, 0xBA, 0xC6, 0x00, 0xBA, 0xBE, 0x81, 0x9A, 0xBE,
    0x00, 0xBA, 0xBE, 0x81, 0xBA, 0xC6, 0x02, 0xDA, 0xC6, 0xBA, 0xC6, 0xBA, 0xBE, 0x81, 0xBA, 0xC6,
    0x83, 0xDA, 0xC6, 0x83, 0xBA, 0xC6, 0x81, 0x9A, 0xBE, 0x04, 0xBA, 0xBE, 0xBA, 0xC6, 0x9A, 0xBE,
    0x7A, 0xB6, 0x9A, 0xBE, 0x81, 0xBA, 0xC6, 0x81, 0x9A, 0xBE, 0x03, 0x7A, 0xBE, 0x5B, 0xB6, 0x7B,
    0xB6, 0x9A, 0xBE, 0x81, 0xDA, 0xC6, 0x81, 0xBA, 0xC6, 0x82, 0x9A, 0xBE, 0x81, 0xBA, 0xC6, 0x02,
    0xDA, 0xC6, 0xBA, 0xC6, 0xBA, 0xBE, 0x82, 0xBA, 0xC6, 0x82, 0xDA, 0xC6, 0x83, 0xBA, 0xC6, 0x00,
    0xBA, 0xBE, 0x81, 0x9A, 0xBE, 0x03, 0xBA, 0xC6, 0x9A, 0xBE, 0x7A, 0xB6, 0x7A, 0xBE, 0x81, 0xBA,
    0xC6, 0x81, 0x9A, 0xBE, 0x05, 0x7A, 0xBE, 0x7B, 0xB6, 0x5B, 0xB6, 0x9A, 0xBE, 0xBA, 0xC6, 0xDA,
    0xC6, 0x81, 0xBA, 0xC6, 0x00, 0xBA, 0xBE, 0x81, 0x9A, 0xBE, 0x81, 0xBA, 0xC6, 0x02, 0xDA, 0xC6,
    0xBA, 0xC6, 0xBA, 0xBE, 0x82, 0xBA, 0xC6, 0x82, 0xDA, 0xC6, 0x83, 0xBA, 0xC6, 0x00, 0xBA, 0xBE,
    0x81, 0x9A, 0xBE, 0x01, 0xBA, 0xC6, 0x9A, 0xBE, 0x81, 0x7A, 0xBE, 0x00, 0xBA, 0xBE, 0x81, 0xBA,
    0xC6, 0x81, 0x9A, 0xBE, 0x04, 0x7B, 0xB6, 0x5B, 0xB6, 0x7A, 0xBE, 0xBA, 0xC6, 0xDA, 0xC6, 0x81,
    0xBA, 0xC6, 0x00, 0xBA, 0xBE, 0x81, 0x9A, 0xBE, 0x02, 0xBA, 0xBE, 0xBA, 0xC6, 0xDA, 0xC6, 0x81,
    0xBA, 0xC6, 0x00, 0xBA, 0xBE, 0x81, 0xBA, 0xC6, 0x02, 0x7A, 0xBE, 0xBA, 0xC6, 0xDA, 0xC6, 0x82,
    0xBA, 0xC6, 0x81, 0xBA, 0xBE, 0x81, 0xBA, 0xC6, 0x81, 0xDA, 0xC6, 0x83, 0xBA, 0xC6, 0x81, 0xDA,
    0xC6, 0x84, 0xBA, 0xC6, 0x09, 0xBA, 0xBE, 0x9A, 0xBE, 0x7A, 0xBE, 0x9A, 0xBE, 0xBA, 0xC6, 0x9A,
    0xBE, 0x7A, 0xBE, 0x9A, 0xBE, 0xBA, 0xC6, 0x9A, 0xBE, 0x82, 0x7A, 0xBE, 0x02, 0x7B, 0xB6, 0x7A,
    0xBE, 0xBA, 0xBE, 0x81, 0xDA, 0xC6, 0x81, 0xBA, 0xC6, 0x81, 0xBA, 0xBE, 0x81, 0xBA, 0xC6, 0x82,
    0xDA, 0xC6, 0x82, 0xBA, 0xC6, 0x81, 0xDA, 0xC6, 0x85, 0xBA, 0xC6, 0x09, 0x9A, 0xBE, 0x7A, 0xBE,
    0x9A, 0xBE, 0xBA, 0xC6, 0x9A, 0xBE, 0x7A, 0xBE, 0x9A, 0xBE, 0xBA, 0xC6, 0xBA, 0xBE, 0x9A, 0xBE,
    0x81, 0x7A, 0xBE, 0x02, 0x7A, 0xB6, 0x7B, 0xB6, 0x9A, 0xBE, 0x81, 0xDA, 0xC6, 0x81, 0xBA, 0xC6,
    0x81, 0xBA, 0xBE, 0x82, 0xBA, 0xC6, 0x81, 0xDA, 0xC6, 0x82, 0xBA, 0xC6, 0x81, 0xDA, 0xC6, 0x85,
    0xBA, 0xC6, 0x09, 0x9A, 0xBE, 0x7A, 0xBE, 0x9A, 0xBE, 0xBA, 0xC6, 0x9A, 0xBE, 0x7A, 0xBE, 0x9A,
    0xBE, 0xBA, 0xBE, 0xBA, 0xC6, 0x9A, 0xBE, 0x82, 0x7A, 0xBE, 0x01, 0x7B, 0xB6, 0x9A, 0xBE, 0x81,
    0xDA, 0xC6, 0x82, 0xBA, 0xC6, 0x00, 0xBA, 0xBE, 0x82, 0xBA, 0xC6, 0x81, 0xDA, 0xC6, 0x82, 0xBA,
    0xC6, 0x02, 0xDA, 0xC6, 0x9A, 0xBE, 0xBA, 0xC6, 0x81, 0xDA, 0xC6, 0x01, 0xBA, 0xC6, 0xBA, 0xBE,
    0x81, 0x9A, 0xBE, 0x81, 0xBA, 0xBE, 0x81, 0xDA, 0xC6, 0x00, 0xBA, 0xC6, 0x81, 0xBA, 0xBE, 0x04,
    0xBA, 0xC6, 0xDA, 0xC6, 0xBA, 0xC6, 0x9A, 0xBE, 0xBA, 0xBE, 0x81, 0xDA, 0xC6, 0x81, 0xBA, 0xC6,
    0x82, 0x9A, 0xBE, 0x01, 0xBA, 0xBE, 0xBA, 0xC6, 0x81, 0xBA, 0xBE, 0x04, 0x9A, 0xBE, 0x7A, 0xBE,
    0x7B, 0xB6, 0x5B, 0xB6, 0x7B, 0xB6, 0x81, 0x9A, 0xBE, 0x00, 0xBA, 0xC6, 0x81, 0xDA, 0xC6, 0x01,
    0xBA, 0xC6, 0xBA, 0xBE, 0x81, 0x9A, 0xBE, 0x81, 0xBA, 0xBE, 0x82, 0xDA, 0xC6, 0x01, 0xBA, 0xC6,
    0xBA, 0xBE, 0x82, 0xBA, 0xC6, 0x01, 0x9A, 0xBE, 0xBA, 0xBE, 0x81, 0xDA, 0xC6, 0x81, 0xBA, 0xC6,
    0x00, 0xBA, 0xBE, 0x81, 0x9A, 0xBE, 0x81, 0xBA, 0xBE, 0x01, 0xBA, 0xC6, 0xBA, 0xBE, 0x81, 0x9A,
    0xBE, 0x08, 0x7B, 0xB6, 0x5B, 0xB6, 0x7B, 0xB6, 0x7A, 0xBE, 0x9A, 0xBE, 0xBA, 0xBE, 0xBA, 0xC6,
    0xDA, 0xC6, 0xBA, 0xC6, 0x81, 0xBA, 0xBE, 0x81, 0x9A, 0xBE, 0x00, 0xBA, 0xC6, 0x82, 0xDA, 0xC6,
    0x01, 0xBA, 0xC6, 0xBA, 0xBE, 0x81, 0xBA, 0xC6, 0x00, 0xDA, 0xC6, 0x81, 0x9A, 0xBE, 0x01, 0xBA,
    0xC6, 0xDA, 0xC6, 0x81, 0xBA, 0xC6, 0x00, 0xBA, 0xBE, 0x81, 0x9A, 0xBE, 0x81, 0xBA, 0xBE, 0x01,
    0xBA, 0xC6, 0xBA, 0xBE, 0x81, 0x9A, 0xBE, 0x00, 0x7A, 0xBE, 0x81, 0x5B, 0xB6, 0x03, 0x7A, 0xBE,
    0x9A, 0xBE, 0xBA, 0xBE, 0xBA, 0xC6, 0x81, 0xDA, 0xC6, 0x01, 0xBA, 0xC6, 0xBA, 0xBE, 0x81, 0x9A,
    0xBE, 0x81, 0xBA, 0xC6, 0x81, 0xDA, 0xC6, 0x00, 0xBA, 0xC6, 0x81, 0xBA, 0xBE, 0x83, 0xBA, 0xC6,
    0x00, 0xDA, 0xC6, 0x81, 0xBA, 0xBE, 0x01, 0xBA, 0xC6, 0xBA, 0xBE, 0x81, 0x9A, 0xBE, 0x01, 0x7A,
    0xBE, 0x9A, 0xBE, 0x81, 0xBA, 0xC6, 0x01, 0x9A, 0xBE, 0xBA, 0xBE, 0x81, 0xBA, 0xC6, 0x01, 0x9A,
    0xBE, 0xBA, 0xBE, 0x82, 0xDA, 0xC6, 0x01, 0xBA, 0xC6, 0xBA, 0xBE, 0x83, 0xBA, 0xC6, 0x03, 0xBA,
    0xBE, 0x9A, 0xBE, 0x7A, 0xB6, 0x7A, 0xBE, 0x81, 0x5B, 0xB6, 0x02, 0x7A, 0xB6, 0x9A, 0xBE, 0xBA,
    0xBE, 0x81, 0xBA, 0xC6, 0x02, 0xDA, 0xC6, 0xBA, 0xC6, 0xBA, 0xBE, 0x81, 0xBA, 0xC6, 0x81, 0x9A,
    0xBE, 0x01, 0x7A, 0xBE, 0x9A, 0xBE, 0x81, 0xBA, 0xC6, 0x81, 0xBA, 0xBE, 0x81, 0xBA, 0xC6, 0x81,
    0x9A, 0xBE, 0x82, 0xDA, 0xC6, 0x00, 0xBA, 0xC6, 0x81, 0xBA, 0xBE, 0x01, 0xBA, 0xC6, 0xBA, 0xBE,
    0x81, 0xBA, 0xC6, 0x00, 0x9A, 0xBE, 0x81, 0x7A, 0xBE, 0x04, 0x7B, 0xB6, 0x5B, 0xB6, 0x7B, 0xB6,
    0x9A, 0xBE, 0xBA, 0xBE, 0x81, 0xBA, 0xC6, 0x02, 0xDA, 0xC6, 0xBA, 0xC6, 0xBA, 0xBE, 0x81, 0xBA,
    0xC6, 0x03, 0xBA, 0xBE, 0x9A, 0xBE, 0x7A, 0xBE, 0x9A, 0xBE, 0x81, 0xBA, 0xC6, 0x81, 0xBA, 0xBE,
    0x81, 0xBA, 0xC6, 0x02, 0xBA, 0xBE, 0x9A, 0xBE, 0xBA, 0xC6, 0x81, 0xDA, 0xC6, 0x00, 0xBA, 0xC6,
    0x81, 0xBA, 0xBE, 0x01, 0xBA, 0xC6, 0xBA, 0xBE, 0x81, 0xBA, 0xC6, 0x00, 0x9A, 0xBE, 0x81, 0x7A,
    0xBE, 0x00, 0x7A, 0xB6, 0x81, 0x5B, 0xB6, 0x81, 0x9A, 0xBE, 0x81, 0xBA, 0xC6, 0x81, 0xDA, 0xC6,
    0x00, 0xBA, 0xBE, 0x81, 0xBA, 0xC6, 0x01, 0xBA, 0xBE, 0x9A, 0xBE, 0x81, 0x7A, 0xBE, 0x00, 0xBA,
    0xBE, 0x81, 0xBA, 0xC6, 0x01, 0x9A, 0xBE, 0xBA, 0xC6, 0x81, 0xBA, 0xBE, 0x81, 0xBA, 0xC6, 0x81,
    0xBA, 0xBE, 0x81, 0xBA, 0xC6, 0x03, 0xBA, 0xBE, 0x7B, 0xB6, 0x5B, 0xB6, 0x9A, 0xBE, 0x81, 0xBA,
    0xC6, 0x02, 0xBA, 0xBE, 0x9A, 0xBE, 0xBA, 0xC6, 0x81, 0xBA, 0xBE, 0x00, 0xBA, 0xC6, 0x81, 0xDA,
    0xC6, 0x81, 0xBA, 0xC6, 0x00, 0xBA, 0xBE, 0x81, 0xBA, 0xC6, 0x81, 0x92, 0x84, 0x81, 0x72, 0x7C,
    0x05, 0x92, 0x7C, 0x9A, 0xBE, 0x7A, 0xBE, 0x7B, 0xB6, 0x7A, 0xBE, 0x9A, 0xBE, 0x82, 0xBA, 0xBE,
    0x81, 0xBA, 0xC6, 0x81, 0xBA, 0xBE, 0x81, 0xBA, 0xC6, 0x02, 0x7A, 0xB6, 0x5B, 0xB6, 0x7A, 0xBE,
    0x82, 0xBA, 0xC6, 0x00, 0x9A, 0xBE, 0x81, 0xBA, 0xC6, 0x01, 0x9A, 0xBE, 0xBA, 0xC6, 0x82, 0xDA,
    0xC6, 0x01, 0xBA, 0xC6, 0xBA, 0xBE, 0x82, 0xBA, 0xC6, 0x01, 0x92, 0x84, 0x92, 0x7C, 0x81, 0x72,
    0x7C, 0x04, 0x92, 0x84, 0x7A, 0xBE, 0x7B, 0xB6, 0x7A, 0xB6, 0x9A, 0xBE, 0x82, 0xBA, 0xBE, 0x81,
    0xBA, 0xC6, 0x81, 0xBA, 0xBE, 0x81, 0xBA, 0xC6, 0x03, 0x9A, 0xBE, 0x5B, 0xB6, 0x7A, 0xBE, 0xBA,
    0xBE, 0x81, 0xBA, 0xC6, 0x02, 0x9A, 0xBE, 0xBA, 0xBE, 0xBA, 0xC6, 0x81, 0xBA, 0xBE, 0x82, 0xDA,
    0xC6, 0x01, 0xBA, 0xC6, 0xBA, 0xBE, 0x83, 0xBA, 0xC6, 0x01, 0xBA, 0xBE, 0x9A, 0xBE, 0x82, 0x7A,
    0xBE, 0x81, 0x7B, 0xB6, 0x00, 0x9A, 0xBE, 0x82, 0xBA, 0xBE, 0x81, 0xBA, 0xC6, 0x01, 0xBA, 0xBE,
    0x9A, 0xBE, 0x81, 0xBA, 0xC6, 0x03, 0x9A, 0xBE, 0x5B, 0xB6, 0x7B, 0xB6, 0x9A, 0xBE, 0x81, 0xBA,
    0xC6, 0x81, 0xBA, 0xBE, 0x81, 0x9A, 0xBE, 0x01, 0xBA, 0xBE, 0xBA, 0xC6, 0x81, 0x9A, 0xBE, 0x05,
    0xBA, 0xBE, 0xBA, 0xC6, 0xBA, 0xBE, 0x7A, 0xB6, 0x7B, 0xB6, 0x9A, 0xBE, 0x82, 0xBA, 0xC6, 0x00,
    0xBA, 0xBE, 0x82, 0xBA, 0xC6, 0x82, 0xDA, 0xC6, 0x81, 0xBA, 0xC6, 0x81, 0xBA, 0xBE, 0x05, 0x9A,
    0xBE, 0x92, 0x84, 0xBA, 0xBE, 0x9A, 0xBE, 0x5A, 0xB6, 0x92, 0x84, 0x81, 0x9A, 0xBE, 0x02, 0x7A,
    0xBE, 0x9A, 0xBE, 0xBA, 0xBE, 0x81, 0x9A, 0xBE, 0x01, 0xBA, 0xBE, 0xBA, 0xC6, 0x81, 0x9A, 0xBE,
    0x05, 0xBA, 0xBE, 0xBA, 0xC6, 0xBA, 0xBE, 0x7A, 0xBE, 0x7B, 0xB6, 0x9A, 0xBE, 0x83, 0xBA, 0xC6,
    0x00, 0xBA, 0xBE, 0x82, 0xBA, 0xC6, 0x81, 0xDA, 0xC6, 0x81, 0xBA, 0xC6, 0x01, 0xBA, 0xBE, 0x9A,
    0xBE, 0x81, 0xBA, 0xBE, 0x00, 0x92, 0x84, 0x81, 0x9A, 0xBE, 0x04, 0x5A, 0xB6, 0x92, 0x84, 0x9A,
    0xBE, 0x7A, 0xBE, 0x9A, 0xBE, 0x81, 0xBA, 0xBE, 0x03, 0x9A, 0xBE, 0xBA, 0xBE, 0xBA, 0xC6, 0xBA,
    0xBE, 0x81, 0x9A, 0xBE, 0x81, 0xBA, 0xC6, 0x03, 0x9A, 0xBE, 0x7B, 0xB6, 0x9A, 0xBE, 0x18, 0xAE,
    0x81, 0xD7, 0xAD, 0x81, 0xD7, 0xA5, 0x00, 0x79, 0xBE, 0x81, 0xBA, 0xC6, 0x81, 0xDA, 0xC6, 0x82,
    0xBA, 0xC6, 0x00, 0x9A, 0xBE, 0x82, 0xBA, 0xBE, 0x84, 0x9A, 0xBE, 0x81, 0x7A, 0xBE, 0x01, 0x9A,
    0xBE, 0xBA, 0xBE, 0x81, 0x9A, 0xBE, 0x81, 0xBA, 0xC6, 0x81, 0x9A, 0xBE, 0x81, 0xBA, 0xC6, 0x03,
    0x9A, 0xBE, 0x7B, 0xB6, 0x7A, 0xB6, 0x9A, 0xBE, 0x82, 0xBA, 0xC6, 0x82, 0xBA, 0xBE, 0x81, 0x9A,
    0xBE, 0x08, 0x7A, 0xBE, 0x9A, 0xBE, 0xBA, 0xBE, 0xBA, 0xC6, 0xBA, 0xBE, 0x7A, 0xBE, 0x7A, 0xB6,
    0x9A, 0xBE, 0xBA, 0xBE, 0x84, 0xBA, 0xC6, 0x81, 0xDA, 0xC6, 0x83, 0xBA, 0xC6, 0x00, 0xBA, 0xBE,
    0x81, 0x9A, 0xBE, 0x04, 0x72, 0x7C, 0x9A, 0xBE, 0x7A, 0xBE, 0x5A, 0xB6, 0x92, 0x84, 0x83, 0x9A,
    0xBE, 0x82, 0xBA, 0xBE, 0x82, 0x9A, 0xBE, 0x01, 0x7A, 0xBE, 0x9A, 0xBE, 0x81, 0xBA, 0xC6, 0x03,
    0x9A, 0xBE, 0x7A, 0xB6, 0x7A, 0xBE, 0x9A, 0xBE, 0x85, 0xBA, 0xC6, 0x00, 0xDA, 0xC6, 0x84, 0xBA,
    0xC6, 0x82, 0x9A, 0xBE, 0x04, 0x72, 0x7C, 0x9A, 0xBE, 0x7A, 0xBE, 0x5A, 0xB6, 0x92, 0x84, 0x82,
    0x9A, 0xBE, 0x00, 0xBA, 0xC6, 0x82, 0xBA, 0xBE, 0x81, 0x9A, 0xBE, 0x01, 0x7A, 0xBE, 0x9A, 0xBE,
    0x81, 0xBA, 0xC6, 0x00, 0x9A, 0xBE, 0x81, 0x7A, 0xBE, 0x01, 0x55, 0x95, 0xB2, 0x84, 0x81, 0x13,
    0x8D, 0x02, 0xB2, 0x84, 0x38, 0xB6, 0xBA, 0xC6, 0x81, 0xDA, 0xC6, 0x83, 0xBA, 0xC6, 0x84, 0x9A,
    0xBE, 0x00, 0x7A, 0xBE, 0x84, 0x9A, 0xBE, 0x83, 0xBA, 0xBE, 0x81, 0x9A, 0xBE, 0x04, 0x7A, 0xBE,
    0x9A, 0xBE, 0xBA, 0xBE, 0xBA, 0xC6, 0xBA, 0xBE, 0x81, 0x7A, 0xBE, 0x00, 0x9A, 0xBE, 0x83, 0xBA,
    0xC6, 0x82, 0xBA, 0xBE, 0x83, 0x9A, 0xBE, 0x03, 0xBA, 0xC6, 0xBA, 0xBE, 0x9A, 0xBE, 0x7A, 0xBE,
    0x81, 0x9A, 0xBE, 0x84, 0xBA, 0xC6, 0x81, 0xDA, 0xC6, 0x00, 0xBA, 0xC6, 0x81, 0xBA, 0xBE, 0x81,
    0xDA, 0xC6, 0x0B, 0xBA, 0xBE, 0x9A, 0xBE, 0x72, 0x7C, 0x7A, 0xB6, 0x7B, 0xB6, 0x5A, 0xB6, 0xB2,
    0x84, 0xBA, 0xC6, 0xBA, 0xBE, 0x9A, 0xBE, 0xBA, 0xBE, 0xBA, 0xC6, 0x81, 0xBA, 0xBE, 0x84, 0x9A,
    0xBE, 0x03, 0xBA, 0xC6, 0xBA, 0xBE, 0x9A, 0xBE, 0x7A, 0xBE, 0x81, 0x9A, 0xBE, 0x00, 0xBA, 0xBE,
    0x82, 0xBA, 0xC6, 0x03, 0xBA, 0xBE, 0xBA, 0xC6, 0xDA, 0xC6, 0xBA, 0xC6, 0x81, 0xBA, 0xBE, 0x06,
    0xBA, 0xC6, 0xDA, 0xC6, 0xBA, 0xC6, 0x9A, 0xBE, 0x7A, 0xB6, 0x72, 0x7C, 0x7B, 0xB6, 0x81, 0x7A,
    0xB6, 0x01, 0xB2, 0x84, 0xBA, 0xC6, 0x81, 0x9A, 0xBE, 0x00, 0xBA, 0xC6, 0x81, 0xBA, 0xBE, 0x01,
    0x9A, 0xBE, 0xBA, 0xBE, 0x82, 0x9A, 0xBE, 0x01, 0xBA, 0xBE, 0xBA, 0xC6, 0x81, 0x9A, 0xBE, 0x02,
    0x7A, 0xBE, 0x55, 0x95, 0x75, 0x9D, 0x81, 0xBA, 0xC6, 0x03, 0xB2, 0x84, 0x38, 0xB6, 0xBA, 0xC6,
    0xDA, 0xC6, 0x81, 0xBA, 0xC6, 0x05, 0xBA, 0xBE, 0xBA, 0xC6, 0xDA, 0xC6, 0xBA, 0xC6, 0xBA, 0xBE,
    0x7A, 0xBE, 0x82, 0x7A, 0xB6, 0x02, 0x9A, 0xBE, 0xBA, 0xBE, 0xBA, 0xC6, 0x81, 0x9A, 0xBE, 0x04,
    0xBA, 0xC6, 0xBA, 0xBE, 0xBA, 0xC6, 0x9A, 0xBE, 0xBA, 0xBE, 0x82, 0x9A, 0xBE, 0x01, 0xBA, 0xBE,
    0xBA, 0xC6, 0x81, 0x9A, 0xBE, 0x00, 0x7A, 0xBE, 0x81, 0x9A, 0xBE, 0x86, 0xBA, 0xC6, 0x87, 0x9A,
    0xBE, 0x00, 0xBA, 0xBE, 0x82, 0xBA, 0xC6, 0x81, 0xBA, 0xBE, 0x82, 0xBA, 0xC6, 0x00, 0xBA, 0xBE,
    0x83, 0xBA, 0xC6, 0x05, 0x7A, 0xBE, 0x52, 0x7C, 0x7B, 0xB6, 0x7A, 0xBE, 0x79, 0xB6, 0xB2, 0x84,
    0x81, 0xBA, 0xBE, 0x09, 0x9A, 0xBE, 0xF7, 0xAD, 0x34, 0x95, 0xD2, 0x84, 0xB2, 0x84, 0x13, 0x95,
    0xD6, 0xA5, 0x9A, 0xBE, 0x39, 0xB6, 0x72, 0x7C, 0x81, 0x92, 0x7C, 0x03, 0x72, 0x7C, 0x92, 0x84,
    0x9A, 0xBE, 0x14, 0x95, 0x83, 0x92, 0x84, 0x07, 0xD7, 0xA5, 0xBA, 0xC6, 0x17, 0xAE, 0x34, 0x95,
    0xD2, 0x84, 0xB2, 0x84, 0x13, 0x8D, 0xD6, 0xA5, 0x81, 0x9A, 0xBE, 0x0E, 0x7A, 0xB6, 0x52, 0x7C,
    0x7A, 0xBE, 0x9A, 0xBE, 0x79, 0xBE, 0xB2, 0x84, 0xBA, 0xBE, 0x9A, 0xBE, 0x59, 0xB6, 0x75, 0x9D,
    0xF3, 0x8C, 0xB2, 0x84, 0xF3, 0x8C, 0x75, 0x9D, 0x39, 0xB6, 0x85, 0x9A, 0xBE, 0x02, 0xD3, 0x84,
    0x92, 0x84, 0x95, 0x9D, 0x81, 0xBA, 0xC6, 0x02, 0xB2, 0x84, 0x92, 0x84, 0xF3, 0x8C, 0x81, 0xBA,
    0xC6, 0x09, 0xF7, 0xAD, 0x14, 0x95, 0xD2, 0x84, 0xB2, 0x84, 0x13, 0x95, 0xB7, 0xA5, 0x7A, 0xB6,
    0x7B, 0xB6, 0x7A, 0xB6, 0x9A, 0xBE, 0x82, 0xBA, 0xBE, 0x01, 0x9A, 0xBE, 0xBA, 0xBE, 0x84, 0xBA,
    0xC6, 0x00, 0xBA, 0xBE, 0x87, 0x9A, 0xBE, 0x00, 0xBA, 0xBE, 0x84, 0xBA, 0xC6, 0x02, 0xDA, 0xC6,
    0xBA, 0xC6, 0x9A, 0xBE, 0x81, 0x7A, 0xBE, 0x82, 0x9A, 0xBE, 0x00, 0xBA, 0xBE, 0x82, 0xBA, 0xC6,
    0x83, 0xBA, 0xBE, 0x86, 0xBA, 0xC6, 0x06, 0x9A, 0xBE, 0x7A, 0xBE, 0x52, 0x7C, 0x7B, 0xB6, 0x9A,
    0xBE, 0x79, 0xBE, 0x92, 0x84, 0x81, 0x9A, 0xBE, 0x0A, 0x55, 0x9D, 0xB2, 0x84, 0x96, 0x9D, 0x79,
    0xB6, 0x9A, 0xBE, 0xF7, 0xAD, 0xD2, 0x8C, 0xF4, 0x8C, 0x5A, 0xB6, 0xB3, 0x84, 0xD8, 0xA5, 0x81,
    0x9A, 0xBE, 0x0F, 0xB2, 0x84, 0x18, 0xAE, 0xB2, 0x84, 0x99, 0xBE, 0xBA, 0xBE, 0x9A, 0xBE, 0x92,
    0x84, 0x59, 0xB6, 0x55, 0x9D, 0xB2, 0x84, 0x95, 0x9D, 0x79, 0xB6, 0x99, 0xBE, 0xF7, 0xA5, 0xB2,
    0x84, 0xF4, 0x8C, 0x81, 0x7A, 0xB6, 0x0F, 0x52, 0x7C, 0x7A, 0xBE, 0x9A, 0xBE, 0x79, 0xB6, 0x92,
    0x84, 0x9A, 0xBE, 0x38, 0xB6, 0x92, 0x84, 0x14, 0x8D, 0x18, 0xAE, 0x9A, 0xBE, 0x38, 0xB6, 0x54,
    0x95, 0x92, 0x84, 0x76, 0x9D, 0x7A, 0xBE, 0x82, 0x9A, 0xBE, 0x03, 0xBA, 0xBE, 0xD3, 0x8C, 0x38,
    0xB6, 0xBA, 0xC6, 0x82, 0xBA, 0xBE, 0x0C, 0xF7, 0xAD, 0xF3, 0x8C, 0xBA, 0xBE, 0x34, 0x95, 0xB2,
    0x84, 0xB6, 0xA5, 0x79, 0xBE, 0x99, 0xBE, 0xD7, 0xA5, 0xB3, 0x84, 0xD4, 0x84, 0x3A, 0xAE, 0x7A,
    0xB6, 0x83, 0x9A, 0xBE, 0x81, 0xBA, 0xC6, 0x00, 0xBA, 0xBE, 0x82, 0xBA, 0xC6, 0x03, 0xDA, 0xC6,
    0xBA, 0xC6, 0x9A, 0xBE, 0x7A, 0xBE, 0x82, 0x9A, 0xBE, 0x81, 0xBA, 0xBE, 0x82, 0xBA, 0xC6, 0x81,
    0xBA, 0xBE, 0x82, 0xBA, 0xC6, 0x02, 0xBA, 0xBE, 0x9A, 0xBE, 0x7A, 0xBE, 0x83, 0x9A, 0xBE, 0x00,
    0xBA, 0xBE, 0x82, 0xBA, 0xC6, 0x82, 0x9A, 0xBE, 0x00, 0xBA, 0xBE, 0x83, 0xBA, 0xC6, 0x81, 0xBA,
    0xBE, 0x81, 0x9A, 0xBE, 0x0A, 0x7A, 0xBE, 0x72, 0x7C, 0x7B, 0xB6, 0x9A, 0xBE, 0x79, 0xBE, 0x92,
    0x84, 0x9A, 0xBE, 0xB6, 0xA5, 0xB2, 0x84, 0x9A, 0xBE, 0xBA, 0xBE, 0x82, 0xBA, 0xC6, 0x04, 0xBA,
    0xBE, 0xD3, 0x84, 0x55, 0x95, 0x76, 0x9D, 0xF4, 0x8C, 0x81, 0x9A, 0xBE, 0x09, 0xF3, 0x8C, 0x14,
    0x95, 0xB2, 0x84, 0xBA, 0xC6, 0xBA, 0xBE, 0xB7, 0x9D, 0xF4, 0x8C, 0xB6, 0xA5, 0xB2, 0x84, 0x9A,
    0xBE, 0x82, 0xBA, 0xC6, 0x81, 0xBA, 0xBE, 0x0A, 0xD3, 0x84, 0x55, 0x95, 0x7A, 0xBE, 0x72, 0x7C,
    0x7A, 0xBE, 0x9A, 0xBE, 0x79, 0xB6, 0x92, 0x84, 0x9A, 0xBE, 0xB2, 0x84, 0x17, 0xAE, 0x81, 0xBA,
    0xBE, 0x82, 0xBA, 0xC6, 0x02, 0x59, 0xB6, 0x72, 0x7C, 0x18, 0xAE, 0x83, 0x9A, 0xBE, 0x01, 0xD3,
    0x8C, 0x38, 0xB6, 0x81, 0xBA, 0xC6, 0x81, 0x9A, 0xBE, 0x03, 0xF8, 0xAD, 0xF3, 0x8C, 0x95, 0x9D,
    0xD3, 0x84, 0x81, 0xBA, 0xC6, 0x81, 0xBA, 0xBE, 0x04, 0x9A, 0xBE, 0x7A, 0xBE, 0xD4, 0x84, 0x15,
    0x8D, 0x7A, 0xBE, 0x83, 0x9A, 0xBE, 0x81, 0xBA, 0xC6, 0x81, 0xBA, 0xBE, 0x82, 0xBA, 0xC6, 0x02,
    0xBA, 0xBE, 0x9A, 0xBE, 0x7A, 0xBE, 0x83, 0x9A, 0xBE, 0x00, 0xBA, 0xBE, 0x82, 0xBA, 0xC6, 0x87,
    0x9A, 0xBE, 0x00, 0xBA, 0xBE, 0x81, 0x9A, 0xBE, 0x00, 0xBA, 0xBE, 0x82, 0x9A, 0xBE, 0x00, 0xBA,
    0xBE, 0x81, 0x9A, 0xBE, 0x81, 0xBA, 0xBE, 0x84, 0x9A, 0xBE, 0x00, 0x7A, 0xBE, 0x82, 0x9A, 0xBE,
    0x00, 0x92, 0x7C, 0x81, 0x9A, 0xBE, 0x04, 0x79, 0xBE, 0xB2, 0x84, 0x7A, 0xBE, 0xB2, 0x84, 0x59,
    0xB6, 0x81, 0xBA, 0xBE, 0x0C, 0xF4, 0x8C, 0xD3, 0x84, 0x59, 0xB6, 0x9A, 0xBE, 0x79, 0xB6, 0x92,
    0x84, 0xF8, 0xAD, 0x92, 0x84, 0x9A, 0xBE, 0xBA, 0xBE, 0x96, 0x9D, 0x72, 0x7C, 0xD3, 0x84, 0x81,
    0xBA, 0xBE, 0x03, 0xD3, 0x84, 0x96, 0x9D, 0xB2, 0x84, 0x59, 0xB6, 0x81, 0x9A, 0xBE, 0x12, 0xF4,
    0x8C, 0xB3, 0x84, 0x39, 0xB6, 0x9A, 0xBE, 0x79, 0xB6, 0x92, 0x84, 0x79, 0xB6, 0x72, 0x7C, 0x9A,
    0xBE, 0xBA, 0xC6, 0x79, 0xBE, 0x92, 0x84, 0x38, 0xB6, 0xB2, 0x84, 0xBA, 0xBE, 0xBA, 0xC6, 0x34,
    0x95, 0x92, 0x84, 0x14, 0x8D, 0x81, 0x9A, 0xBE, 0x01, 0x14, 0x8D, 0x96, 0x9D, 0x82, 0x9A, 0xBE,
    0x0A, 0xBA, 0xBE, 0xD3, 0x8C, 0x92, 0x7C, 0x96, 0x9D, 0xBA, 0xBE, 0x9A, 0xBE, 0xB3, 0x84, 0x92,
    0x84, 0xB2, 0x84, 0x92, 0x84, 0x79, 0xB6, 0x81, 0x9A, 0xBE, 0x02, 0xD4, 0x84, 0xD3, 0x84, 0x7A,
    0xB6, 0x81, 0x9A, 0xBE, 0x01, 0x92, 0x84, 0x39, 0xB6, 0x81, 0xBA, 0xBE, 0x81, 0x9A, 0xBE, 0x83,
    0xBA, 0xBE, 0x85, 0x9A, 0xBE, 0x00, 0xBA, 0xBE, 0x81, 0x9A, 0xBE, 0x00, 0xBA, 0xBE, 0x82, 0x9A,
    0xBE, 0x00, 0xBA, 0xBE, 0x82, 0x9A, 0xBE, 0x00, 0x7A, 0xBE, 0x81, 0x9A, 0xBE, 0x81, 0xBA, 0xBE,
    0x81, 0x9A, 0xBE, 0x01, 0xBA, 0xBE, 0xBA, 0xC6, 0x83, 0xBA, 0xBE, 0x82, 0xBA, 0xC6, 0x00, 0xBA,
    0xBE, 0x83, 0x9A, 0xBE, 0x81, 0x7A, 0xBE, 0x0C, 0x9A, 0xBE, 0xBA, 0xBE, 0x9A, 0xBE, 0x92, 0x84,
    0x9A, 0xBE, 0xBA, 0xBE, 0x79, 0xB6, 0x92, 0x84, 0x18, 0xAE, 0xB2, 0x84, 0xBA, 0xBE, 0xBA, 0xC6,
    0x95, 0x9D, 0x81, 0x72, 0x7C, 0x00, 0xD4, 0x84, 0x81, 0x9A, 0xBE, 0x0C, 0xB2, 0x84, 0x18, 0xAE,
    0xB3, 0x84, 0x38, 0xB6, 0xBA, 0xC6, 0x79, 0xBE, 0x92, 0x84, 0x96, 0x9D, 0xBA, 0xBE, 0xBA, 0xC6,
    0xB2, 0x84, 0xB6, 0xA5, 0xB2, 0x84, 0x81, 0x9A, 0xBE, 0x00, 0x75, 0x95, 0x81, 0x72, 0x7C, 0x0B,
    0xD4, 0x84, 0x7A, 0xBE, 0x9A, 0xBE, 0xB2, 0x84, 0x18, 0xAE, 0x92, 0x7C, 0xBA, 0xBE, 0xBA, 0xC6,
    0x7A, 0xB6, 0xB2, 0x84, 0x18, 0xAE, 0xB2, 0x84, 0x81, 0xBA, 0xC6, 0x00, 0x96, 0x9D, 0x81, 0x72,
    0x7C, 0x82, 0x92, 0x84, 0x00, 0x75, 0x9D, 0x81, 0x9A, 0xBE, 0x0A, 0xBA, 0xBE, 0xBA, 0xC6, 0x79,
    0xBE, 0x34, 0x95, 0x75, 0x9D, 0xBA, 0xBE, 0xBA, 0xC6, 0xB2, 0x84, 0x17, 0xAE, 0xB7, 0xA5, 0xB3,
    0x84, 0x81, 0x9A, 0xBE, 0x03, 0x35, 0x8D, 0xF4, 0x8C, 0x15, 0x95, 0xF4, 0x8C, 0x81, 0xBA, 0xBE,
    0x02, 0xD3, 0x8C, 0xB6, 0xA5, 0xBA, 0xC6, 0x81, 0x9A, 0xBE, 0x81, 0xBA, 0xBE, 0x81, 0xBA, 0xC6,
    0x00, 0xBA, 0xBE, 0x81, 0x7A, 0xBE, 0x81, 0x9A, 0xBE, 0x81, 0xBA, 0xBE, 0x81, 0x9A, 0xBE, 0x01,
    0xBA, 0xBE, 0xBA, 0xC6, 0x83, 0xBA, 0xBE, 0x81, 0xBA, 0xC6, 0x81, 0x7A, 0xBE, 0x88, 0x9A, 0xBE,
    0x81, 0xBA, 0xBE, 0x82, 0xBA, 0xC6, 0x00, 0xBA, 0xBE, 0x89, 0x9A, 0xBE, 0x00, 0x92, 0x84, 0x81,
    0xBA, 0xBE, 0x08, 0x79, 0xB6, 0x92, 0x84, 0xF7, 0xAD, 0xD3, 0x84, 0xBA, 0xBE, 0xBA, 0xC6, 0xBA,
    0xBE, 0x9A, 0xBE, 0x7A, 0xBE, 0x82, 0x9A, 0xBE, 0x03, 0xB3, 0x84, 0xD7, 0xA5, 0x75, 0x9D, 0x14,
    0x8D, 0x81, 0x9A, 0xBE, 0x06, 0x92, 0x84, 0x79, 0xBE, 0xBA, 0xC6, 0x18, 0xAE, 0xF3, 0x8C, 0xF7,
    0xAD, 0xD3, 0x84, 0x87, 0x9A, 0xBE, 0x02, 0xD3, 0x84, 0xF7, 0xAD, 0x92, 0x84, 0x81, 0xBA, 0xBE,
    0x0C, 0x5A, 0xB6, 0xB2, 0x84, 0x9A, 0xBE, 0x92, 0x84, 0xF7, 0xAD, 0xBA, 0xC6, 0x9A, 0xBE, 0x7A,
    0xBE, 0x19, 0xAE, 0x35, 0x8D, 0x92, 0x84, 0x14, 0x95, 0x59, 0xB6, 0x84, 0x9A, 0xBE, 0x01, 0x55,
    0x9D, 0x75, 0x9D, 0x81, 0xBA, 0xC6, 0x03, 0xB2, 0x84, 0x38, 0xAE, 0xB6, 0xA5, 0xF3, 0x8C, 0x81,
    0x9A, 0xBE, 0x03, 0xB3, 0x84, 0xB7, 0xA5, 0xD8, 0xA5, 0xB3, 0x84, 0x81, 0xBA, 0xBE, 0x03, 0x34,
    0x95, 0x75, 0x9D, 0xBA, 0xC6, 0x9A, 0xBE, 0x81, 0xBA, 0xBE, 0x03, 0x9A, 0xBE, 0xBA, 0xBE, 0xBA,
    0xC6, 0x9A, 0xBE, 0x81, 0x7A, 0xBE, 0x88, 0x9A, 0xBE, 0x81, 0xBA, 0xBE, 0x82, 0xBA, 0xC6, 0x82,
    0x9A, 0xBE, 0x00, 0x7A, 0xBE, 0x83, 0x9A, 0xBE, 0x81, 0xBA, 0xBE, 0x82, 0xBA, 0xC6, 0x82, 0xBA,
    0xBE, 0x8A, 0x9A, 0xBE, 0x00, 0x92, 0x84, 0x81, 0xBA, 0xBE, 0x06, 0x79, 0xB6, 0xB2, 0x84, 0xD7,
    0xA5, 0xD3, 0x84, 0x9A, 0xBE, 0xBA, 0xBE, 0x79, 0xB6, 0x82, 0x39, 0xAE, 0x05, 0x19, 0xAE, 0x39,
    0xAE, 0xB3, 0x84, 0xD7, 0xA5, 0x18, 0xAE, 0xB2, 0x84, 0x81, 0xBA, 0xBE, 0x06, 0x75, 0x9D, 0xBA,
    0xC6, 0xBA, 0xBE, 0x14, 0x8D, 0x96, 0x9D, 0xD7, 0xA5, 0xD3, 0x84, 0x81, 0x9A, 0xBE, 0x00, 0x79,
    0xB6, 0x81, 0x39, 0xB6, 0x82, 0x39, 0xAE, 0x02, 0xD3, 0x84, 0xD7, 0xA5, 0x92, 0x84, 0x81, 0xBA,
    0xBE, 0x06, 0x79, 0xBE, 0xB2, 0x84, 0x59, 0xB6, 0x76, 0x9D, 0x92, 0x84, 0xF4, 0x8C, 0xF8, 0xAD,
    0x82, 0x9A, 0xBE, 0x03, 0x5A, 0xB6, 0x92, 0x84, 0x18, 0xAE, 0x9A, 0xBE, 0x82, 0xBA, 0xBE, 0x00,
    0xBA, 0xC6, 0x81, 0x75, 0x9D, 0x81, 0xBA, 0xBE, 0x03, 0x92, 0x84, 0x18, 0xAE, 0xB6, 0xA5, 0xF3,
    0x8C, 0x81, 0x9A, 0xBE, 0x09, 0xD3, 0x84, 0xD7, 0xA5, 0xF8, 0xAD, 0xB3, 0x84, 0x9A, 0xBE, 0xBA,
    0xBE, 0x34, 0x95, 0x95, 0x9D, 0xBA, 0xBE, 0x9A, 0xBE, 0x81, 0xBA, 0xBE, 0x00, 0x9A, 0xBE, 0x81,
    0xBA, 0xBE, 0x83, 0x9A, 0xBE, 0x00, 0x7A, 0xBE, 0x82, 0x9A, 0xBE, 0x82, 0xBA, 0xBE, 0x82, 0xBA,
    0xC6, 0x82, 0xBA, 0xBE, 0x84, 0x9A, 0xBE, 0x00, 0xBA, 0xBE, 0x81, 0x9A, 0xBE, 0x82, 0xBA, 0xC6,
    0x81, 0xBA, 0xBE, 0x85, 0x9A, 0xBE, 0x81, 0xBA, 0xBE, 0x81, 0xBA, 0xC6, 0x81, 0x9A, 0xBE, 0x08,
    0xBA, 0xBE, 0x9A, 0xBE, 0x92, 0x7C, 0xBA, 0xBE, 0xBA, 0xC6, 0x79, 0xBE, 0xB2, 0x84, 0x18, 0xAE,
    0xB2, 0x84, 0x81, 0xBA, 0xBE, 0x0B, 0xB7, 0x9D, 0x72, 0x7C, 0x92, 0x7C, 0x72, 0x7C, 0x92, 0x7C,
    0x72, 0x7C, 0xB2, 0x84, 0xD7, 0xAD, 0x9A, 0xBE, 0xB2, 0x84, 0x79, 0xBE, 0xBA, 0xC6, 0x81, 0xBA,
    0xBE, 0x07, 0x9A, 0xBE, 0x92, 0x84, 0x18, 0xAE, 0xF8, 0xAD, 0x92, 0x84, 0x9A, 0xBE, 0xBA, 0xBE,
    0xB7, 0xA5, 0x83, 0x92, 0x84, 0x0E, 0x92, 0x7C, 0xB2, 0x84, 0xD7, 0xA5, 0x92, 0x7C, 0xBA, 0xC6,
    0xBA, 0xBE, 0x79, 0xBE, 0xB2, 0x84, 0x75, 0x9D, 0x92, 0x84, 0xB2, 0x84, 0x92, 0x84, 0x92, 0x7C,
    0x92, 0x84, 0x35, 0x95, 0x81, 0x9A, 0xBE, 0x03, 0x14, 0x8D, 0x96, 0x9D, 0x9A, 0xBE, 0xBA, 0xBE,
    0x81, 0xBA, 0xC6, 0x02, 0xBA, 0xBE, 0x55, 0x9D, 0x75, 0x9D, 0x81, 0x9A, 0xBE, 0x03, 0x92, 0x84,
    0x76, 0x9D, 0x34, 0x95, 0xB2, 0x84, 0x81, 0xBA, 0xBE, 0x03, 0x55, 0x95, 0x34, 0x95, 0x35, 0x95,
    0x14, 0x8D, 0x81, 0xBA, 0xBE, 0x04, 0xD3, 0x8C, 0xD6, 0xA5, 0xBA, 0xC6, 0xBA, 0xBE, 0x9A, 0xBE,
    0x82, 0xBA, 0xBE, 0x86, 0x9A, 0xBE, 0x02, 0xBA, 0xBE, 0x9A, 0xBE, 0xBA, 0xBE, 0x82, 0xBA, 0xC6,
    0x81, 0xBA, 0xBE, 0x83, 0x9A, 0xBE, 0x81, 0xBA, 0xBE, 0x00, 0x9A, 0xBE, 0x81, 0xBA, 0xBE, 0x04,
    0x9A, 0xBE, 0xBA, 0xBE, 0xBA, 0xC6, 0xBA, 0xBE, 0x9A, 0xBE, 0x81, 0xBA, 0xBE, 0x00, 0x9A, 0xBE,
    0x81, 0x7A, 0xBE, 0x81, 0x9A, 0xBE, 0x00, 0xBA, 0xBE, 0x83, 0xBA, 0xC6, 0x83, 0xBA, 0xBE, 0x07,
    0x92, 0x84, 0xBA, 0xBE, 0xBA, 0xC6, 0x99, 0xBE, 0xB2, 0x84, 0x9A, 0xBE, 0xB2, 0x84, 0x38, 0xB6,
    0x81, 0x9A, 0xBE, 0x0A, 0x75, 0x9D, 0xD3, 0x84, 0x14, 0x8D, 0x59, 0xB6, 0x14, 0x8D, 0x14, 0x95,
    0x9A, 0xBE, 0xBA, 0xBE, 0x55, 0x9D, 0x55, 0x95, 0x9A, 0xBE, 0x81, 0xBA, 0xBE, 0x05, 0x39, 0xB6,
    0x93, 0x84, 0x7A, 0xBE, 0x7A, 0xB6, 0x92, 0x84, 0x38, 0xB6, 0x81, 0xBA, 0xC6, 0x07, 0x95, 0x9D,
    0xD2, 0x8C, 0x14, 0x8D, 0x79, 0xB6, 0x14, 0x8D, 0x14, 0x95, 0x9A, 0xBE, 0x92, 0x84, 0x81, 0xBA,
    0xC6, 0x03, 0x99, 0xBE, 0xB2, 0x84, 0xB6, 0xA5, 0x14, 0x8D, 0x81, 0x9A, 0xBE, 0x07, 0xD3, 0x84,
    0x92, 0x84, 0xD3, 0x84, 0x9A, 0xBE, 0xBA, 0xBE, 0x34, 0x95, 0x75, 0x9D, 0xBA, 0xBE, 0x81, 0xBA,
    0xC6, 0x81, 0xBA, 0xBE, 0x08, 0x75, 0x9D, 0x35, 0x95, 0x9A, 0xBE, 0x7A, 0xBE, 0x56, 0x95, 0xB3,
    0x84, 0x92, 0x7C, 0xB2, 0x84, 0x99, 0xBE, 0x81, 0xBA, 0xC6, 0x06, 0x13, 0x8D, 0xF3, 0x8C, 0x9A,
    0xBE, 0xBA, 0xC6, 0xBA, 0xBE, 0x92, 0x84, 0x59, 0xB6, 0x83, 0xBA, 0xC6, 0x00, 0xBA, 0xBE, 0x82,
    0x9A, 0xBE, 0x82, 0xBA, 0xBE, 0x00, 0x9A, 0xBE, 0x81, 0xBA, 0xBE, 0x00, 0x9A, 0xBE, 0x81, 0xBA,
    0xC6, 0x01, 0xBA, 0xBE, 0x9A, 0xBE, 0x81, 0xBA, 0xBE, 0x00, 0x9A, 0xBE, 0x81, 0x7A, 0xBE, 0x86,
    0xBA, 0xBE, 0x01, 0xBA, 0xC6, 0xBA, 0xBE, 0x81, 0x9A, 0xBE, 0x00, 0xBA, 0xC6, 0x82, 0x9A, 0xBE,
    0x81, 0x7A, 0xBE, 0x02, 0x9A, 0xBE, 0xBA, 0xC6, 0xDA, 0xC6, 0x82, 0xBA, 0xC6, 0x00, 0xBA, 0xBE,
    0x82, 0xBA, 0xC6, 0x00, 0x92, 0x84, 0x81, 0xBA, 0xC6, 0x06, 0x99, 0xBE, 0xB2, 0x84, 0xBA, 0xC6,
    0xB6, 0xA5, 0x92, 0x84, 0x5A, 0xB6, 0x9A, 0xBE, 0x83, 0xBA, 0xBE, 0x06, 0x18, 0xAE, 0x92, 0x84,
    0x59, 0xB6, 0xBA, 0xC6, 0xF7, 0xAD, 0xB3, 0x84, 0x9A, 0xBE, 0x81, 0xBA, 0xBE, 0x01, 0x34, 0x8D,
    0x55, 0x95, 0x81, 0x7A, 0xBE, 0x02, 0xB6, 0xA5, 0xB2, 0x84, 0x99, 0xBE, 0x82, 0xBA, 0xC6, 0x05,
    0xBA, 0xBE, 0xBA, 0xC6, 0x18, 0xAE, 0xB2, 0x84, 0x58, 0xB6, 0x92, 0x84, 0x81, 0xBA, 0xC6, 0x04,
    0x79, 0xBE, 0xB2, 0x84, 0x59, 0xB6, 0x92, 0x84, 0x19, 0xAE, 0x81, 0x9A, 0xBE, 0x82, 0xBA, 0xBE,
    0x04, 0x79, 0xBE, 0x92, 0x84, 0x38, 0xAE, 0xBA, 0xBE, 0xBA, 0xC6, 0x81, 0x9A, 0xBE, 0x03, 0xBA,
    0xBE, 0xD7, 0xA5, 0xB3, 0x84, 0x9A, 0xBE, 0x82, 0x7A, 0xBE, 0x02, 0x92, 0x84, 0x75, 0x9D, 0xD3,
    0x8C, 0x81, 0xBA, 0xC6, 0x81, 0xBA, 0xBE, 0x81, 0xBA, 0xC6, 0x01, 0x13, 0x8D, 0x54, 0x95, 0x82,
    0xBA, 0xC6, 0x01, 0xBA, 0xBE, 0xBA, 0xC6, 0x83, 0x9A, 0xBE, 0x86, 0xBA, 0xBE, 0x01, 0xBA, 0xC6,
    0xBA, 0xBE, 0x81, 0x9A, 0xBE, 0x00, 0xBA, 0xC6, 0x81, 0x9A, 0xBE, 0x81, 0x7A, 0xBE, 0x83, 0xBA,
    0xBE, 0x82, 0x9A, 0xBE, 0x81, 0xBA, 0xBE, 0x03, 0x9A, 0xBE, 0xBA, 0xBE, 0xBA, 0xC6, 0xBA, 0xBE,
    0x84, 0x9A, 0xBE, 0x83, 0xBA, 0xC6, 0x83, 0xBA, 0xBE, 0x01, 0xBA, 0xC6, 0x92, 0x84, 0x81, 0xBA,
    0xC6, 0x0C, 0x79, 0xB6, 0x92, 0x84, 0xBA, 0xBE, 0x9A, 0xBE, 0x56, 0x9D, 0x92, 0x7C, 0x55, 0x95,
    0x59, 0xB6, 0x9A, 0xBE, 0x18, 0xAE, 0x14, 0x8D, 0x92, 0x84, 0xF8, 0xAD, 0x81, 0x9A, 0xBE, 0x06,
    0x79, 0xBE, 0x92, 0x84, 0x9A, 0xBE, 0xBA, 0xC6, 0xBA, 0xBE, 0xB2, 0x84, 0xF8, 0xAD, 0x82, 0x9A,
    0xBE, 0x18, 0x75, 0x9D, 0xB2, 0x84, 0x75, 0x9D, 0x59, 0xB6, 0x9A, 0xBE, 0x38, 0xAE, 0x14, 0x8D,
    0x92, 0x84, 0x17, 0xAE, 0xBA, 0xC6, 0x92, 0x84, 0xBA, 0xC6, 0xBA, 0xBE, 0x5A, 0xB6, 0xB2, 0x84,
    0x9A, 0xBE, 0xD7, 0xA5, 0x72, 0x7C, 0x14, 0x8D, 0x38, 0xAE, 0x9A, 0xBE, 0x38, 0xAE, 0x55, 0x95,
    0x92, 0x84, 0x96, 0xA5, 0x81, 0x9A, 0xBE, 0x00, 0xBA, 0xBE, 0x81, 0x9A, 0xBE, 0x0B, 0xBA, 0xC6,
    0x9A, 0xBE, 0xD3, 0x8C, 0xF4, 0x8C, 0x18, 0xAE, 0x7A, 0xB6, 0xD8, 0xA5, 0x92, 0x84, 0xBA, 0xBE,
    0x34, 0x95, 0xB2, 0x84, 0xD6, 0xA5, 0x81, 0x79, 0xBE, 0x03, 0xD7, 0xA5, 0xB2, 0x84, 0x13, 0x95,
    0x99, 0xBE, 0x81, 0xBA, 0xC6, 0x81, 0x9A, 0xBE, 0x00, 0xBA, 0xBE, 0x83, 0x9A, 0xBE, 0x83, 0xBA,
    0xBE, 0x82, 0x9A, 0xBE, 0x00, 0xBA, 0xBE, 0x81, 0x9A, 0xBE, 0x02, 0xBA, 0xBE, 0xBA, 0xC6, 0xBA,
    0xBE, 0x82, 0x9A, 0xBE, 0x84, 0xBA, 0xBE, 0x82, 0x9A, 0xBE, 0x81, 0xBA, 0xBE, 0x82, 0xBA, 0xC6,
    0x00, 0xBA, 0xBE, 0x83, 0x9A, 0xBE, 0x82, 0xBA, 0xBE, 0x81, 0xBA, 0xC6, 0x05, 0xBA, 0xBE, 0x9A,
    0xBE, 0xBA, 0xC6, 0xBA, 0xBE, 0x92, 0x84, 0x92, 0x7C, 0x81, 0x92, 0x84, 0x0A, 0xB2, 0x84, 0xBA,
    0xBE, 0x9A, 0xBE, 0x7B, 0xB6, 0xF8, 0xAD, 0x55, 0x95, 0xD3, 0x84, 0x92, 0x84, 0xD3, 0x8C, 0x75,
    0x9D, 0x59, 0xB6, 0x82, 0x9A, 0xBE, 0x01, 0xBA, 0xBE, 0x34, 0x95, 0x82, 0x92, 0x84, 0x01, 0xB2,
    0x84, 0x7A, 0xBE, 0x82, 0x9A, 0xBE, 0x0A, 0xBA, 0xBE, 0x18, 0xAE, 0x55, 0x95, 0xD3, 0x84, 0xB2,
    0x84, 0xF3, 0x8C, 0x75, 0x9D, 0x59, 0xB6, 0xBA, 0xC6, 0x9A, 0xBE, 0x92, 0x7C, 0x81, 0x92, 0x84,
    0x0A, 0x92, 0x7C, 0xB2, 0x84, 0x9A, 0xBE, 0x7A, 0xB6, 0x19, 0xAE, 0x55, 0x9D, 0xD3, 0x8C, 0xB2,
    0x84, 0xD3, 0x8C, 0x55, 0x95, 0x38, 0xB6, 0x82, 0x9A, 0xBE, 0x81, 0xBA, 0xBE, 0x82, 0xBA, 0xC6,
    0x05, 0x79, 0xBE, 0x75, 0x9D, 0xD3, 0x84, 0x92, 0x84, 0x14, 0x8D, 0x96, 0x9D, 0x81, 0xBA, 0xBE,
    0x01, 0xF7, 0xAD, 0x34, 0x95, 0x81, 0xB2, 0x84, 0x01, 0x14, 0x8D, 0xD7, 0xA5, 0x81, 0x9A, 0xBE,
    0x81, 0xBA, 0xBE, 0x81, 0x9A, 0xBE, 0x03, 0xBA, 0xBE, 0x7A, 0xBE, 0x7A, 0xB6, 0x9A, 0xBE, 0x85,
    0xBA, 0xBE, 0x81, 0x9A, 0xBE, 0x82, 0xBA, 0xBE, 0x82, 0xBA, 0xC6, 0x00, 0xBA, 0xBE, 0x81, 0x9A,
    0xBE, 0x83, 0xBA, 0xBE, 0x00, 0x9A, 0xBE, 0x81, 0xBA, 0xBE, 0x01, 0x9A, 0xBE, 0xBA, 0xBE, 0x83,
    0xBA, 0xC6, 0x00, 0xBA, 0xBE, 0x85, 0x9A, 0xBE, 0x00, 0xBA, 0xBE, 0x81, 0xBA, 0xC6, 0x02, 0xBA,
    0xBE, 0x9A, 0xBE, 0xBA, 0xBE, 0x84, 0x9A, 0xBE, 0x81, 0xBA, 0xBE, 0x03, 0x7A, 0xBE, 0x5B, 0xB6,
    0x7A, 0xBE, 0x9A, 0xBE, 0x86, 0xBA, 0xBE, 0x81, 0x9A, 0xBE, 0x83, 0xBA, 0xC6, 0x81, 0xBA, 0xBE,
    0x84, 0x9A, 0xBE, 0x81, 0xBA, 0xBE, 0x02, 0xDA, 0xC6, 0xBA, 0xBE, 0x9A, 0xBE, 0x81, 0xBA, 0xBE,
    0x83, 0x9A, 0xBE, 0x02, 0xBA, 0xBE, 0xBA, 0xC6, 0x9A, 0xBE, 0x81, 0x7B, 0xB6, 0x00, 0x9A, 0xBE,
    0x84, 0xBA, 0xBE, 0x01, 0x9A, 0xBE, 0xBA, 0xBE, 0x81, 0x9A, 0xBE, 0x81, 0xBA, 0xBE, 0x82, 0xBA,
    0xC6, 0x00, 0xBA, 0xBE, 0x84, 0x9A, 0xBE, 0x81, 0xBA, 0xBE, 0x81, 0xBA, 0xC6, 0x00, 0x9A, 0xBE,
    0x81, 0xBA, 0xBE, 0x83, 0x9A, 0xBE, 0x02, 0xBA, 0xBE, 0xBA, 0xC6, 0x9A, 0xBE, 0x81, 0x7B, 0xB6,
    0x81, 0x9A, 0xBE, 0x83, 0xBA, 0xBE, 0x00, 0x9A, 0xBE, 0x81, 0xBA, 0xBE, 0x00, 0x9A, 0xBE, 0x81,
    0xBA, 0xBE, 0x82, 0xBA, 0xC6, 0x00, 0xBA, 0xBE, 0x82, 0x9A, 0xBE, 0x81, 0xBA, 0xC6, 0x81, 0x9A,
    0xBE, 0x81, 0xBA, 0xBE, 0x81, 0x9A, 0xBE, 0x81, 0xBA, 0xBE, 0x88, 0x9A, 0xBE, 0x82, 0xBA, 0xC6,
    0x85, 0x9A, 0xBE, 0x81, 0x7A, 0xBE, 0x81, 0x9A, 0xBE, 0x02, 0x7A, 0xB6, 0x7B, 0xB6, 0x7A, 0xBE,
    0x81, 0x9A, 0xBE, 0x03, 0xBA, 0xBE, 0xBA, 0xC6, 0xBA, 0xBE, 0x9A, 0xBE, 0x82, 0xBA, 0xBE, 0x81,
    0x9A, 0xBE, 0x00, 0xBA, 0xBE, 0x88, 0x9A, 0xBE, 0x00, 0xBA, 0xBE, 0x81, 0xBA, 0xC6, 0x85, 0x9A,
    0xBE, 0x01, 0x7A, 0xBE, 0x7A, 0xB6, 0x81, 0x9A, 0xBE, 0x02, 0x7A, 0xBE, 0x7B, 0xB6, 0x7A, 0xBE,
    0x81, 0x9A, 0xBE, 0x03, 0xBA, 0xBE, 0xBA, 0xC6, 0xBA, 0xBE, 0x9A, 0xBE, 0x82, 0xBA, 0xBE, 0x81,
    0x9A, 0xBE, 0x81, 0xBA, 0xBE, 0x87, 0x9A, 0xBE, 0x00, 0xBA, 0xBE, 0x81, 0xBA, 0xC6, 0x85, 0x9A,
    0xBE, 0x01, 0x7A, 0xBE, 0x7A, 0xB6, 0x82, 0x9A, 0xBE, 0x01, 0x7B, 0xB6, 0x7A, 0xB6, 0x82, 0x9A,
    0xBE, 0x01, 0xBA, 0xC6, 0xBA, 0xBE, 0x81, 0x9A, 0xBE, 0x81, 0xBA, 0xBE, 0x81, 0x9A, 0xBE, 0x81,
    0xBA, 0xBE, 0x85, 0x9A, 0xBE, 0x00, 0xBA, 0xC6, 0x81, 0xBA, 0xBE, 0x00, 0x9A, 0xBE, 0x82, 0xBA,
    0xBE, 0x81, 0xBA, 0xC6, 0x81, 0x9A, 0xBE, 0x00, 0x7A, 0xBE, 0x81, 0x9A, 0xBE, 0x00, 0xBA, 0xBE,
    0x82, 0x9A, 0xBE, 0x00, 0xBA, 0xBE, 0x81, 0xBA, 0xC6, 0x02, 0xBA, 0xBE, 0x9A, 0xBE, 0x7A, 0xBE,
    0x81, 0x9A, 0xBE, 0x07, 0xBA, 0xBE, 0x9A, 0xBE, 0x7A, 0xBE, 0x5B, 0xB6, 0x7B, 0xB6, 0x7A, 0xBE,
    0x7B, 0xB6, 0x7A, 0xB6, 0x82, 0x9A, 0xBE, 0x81, 0xBA, 0xC6, 0x01, 0xBA, 0xBE, 0x9A, 0xBE, 0x82,
    0xBA, 0xBE, 0x81, 0xBA, 0xC6, 0x81, 0x9A, 0xBE, 0x00, 0x7A, 0xB6, 0x81, 0x9A, 0xBE, 0x00, 0xBA,
    0xBE, 0x82, 0x9A, 0xBE, 0x00, 0xBA, 0xBE, 0x82, 0xBA, 0xC6, 0x01, 0x9A, 0xBE, 0x7A, 0xBE, 0x81,
    0x9A, 0xBE, 0x00, 0xBA, 0xBE, 0x81, 0x9A, 0xBE, 0x81, 0x7B, 0xB6, 0x00, 0x7A, 0xBE, 0x81, 0x7A,
    0xB6, 0x82, 0x9A, 0xBE, 0x03, 0xBA, 0xBE, 0xBA, 0xC6, 0xBA, 0xBE, 0x9A, 0xBE, 0x82, 0xBA, 0xBE,
    0x81, 0xBA, 0xC6, 0x02, 0xBA, 0xBE, 0x9A, 0xBE, 0x7A, 0xB6, 0x86, 0x9A, 0xBE, 0x00, 0xBA, 0xBE,
    0x81, 0xBA, 0xC6, 0x01, 0x9A, 0xBE, 0x7A, 0xBE, 0x81, 0x9A, 0xBE, 0x81, 0xBA, 0xBE, 0x05, 0x9A,
    0xBE, 0x7B, 0xB6, 0x5B, 0xB6, 0x7A, 0xB6, 0x7A, 0xBE, 0x7A, 0xB6, 0x83, 0x9A, 0xBE, 0x02, 0xBA,
    0xC6, 0xBA, 0xBE, 0x9A, 0xBE, 0x83, 0xBA, 0xBE, 0x01, 0xBA, 0xC6, 0xBA, 0xBE, 0x81, 0x9A, 0xBE,
    0x00, 0x7A, 0xBE, 0x81, 0x9A, 0xBE, 0x84, 0xBA, 0xBE, 0x00, 0xBA, 0xC6, 0x82, 0xBA, 0xBE, 0x81,
    0xBA, 0xC6, 0x05, 0xBA, 0xBE, 0x9A, 0xBE, 0x7A, 0xBE, 0x9A, 0xBE, 0xBA, 0xBE, 0xBA, 0xC6, 0x81,
    0xBA, 0xBE, 0x01, 0xBA, 0xC6, 0xBA, 0xBE, 0x81, 0xBA, 0xC6, 0x00, 0xBA, 0xBE, 0x83, 0x9A, 0xBE,
    0x81, 0xBA, 0xBE, 0x03, 0x9A, 0xBE, 0x7B, 0xB6, 0x7A, 0xB6, 0x9A, 0xBE, 0x81, 0x7A, 0xBE, 0x81,
    0x9A, 0xBE, 0x83, 0xBA, 0xBE, 0x81, 0xBA, 0xC6, 0x81, 0xBA, 0xBE, 0x81, 0xBA, 0xC6, 0x01, 0xBA,
    0xBE, 0x9A, 0xBE, 0x81, 0x7A, 0xBE, 0x01, 0x9A, 0xBE, 0xBA, 0xC6, 0x81, 0xBA, 0xBE, 0x00, 0xBA,
    0xC6, 0x81, 0xBA, 0xBE, 0x81, 0xBA, 0xC6, 0x83, 0x9A, 0xBE, 0x81, 0xBA, 0xBE, 0x00, 0x9A, 0xBE,
    0x81, 0x7B, 0xB6, 0x01, 0x7A, 0xBE, 0x9A, 0xBE, 0x81, 0x7A, 0xBE, 0x00, 0x9A, 0xBE, 0x83, 0xBA,
    0xBE, 0x81, 0xBA, 0xC6, 0x81, 0xBA, 0xBE, 0x82, 0xBA, 0xC6, 0x00, 0x9A, 0xBE, 0x81, 0x7A, 0xBE,
    0x00, 0x9A, 0xBE, 0x81, 0xBA, 0xBE, 0x00, 0x9A, 0xBE, 0x82, 0xBA, 0xBE, 0x81, 0xBA, 0xC6, 0x83,
    0x9A, 0xBE, 0x81, 0xBA, 0xBE, 0x04, 0x9A, 0xBE, 0x7A, 0xB6, 0x7B, 0xB6, 0x7A, 0xBE, 0x9A, 0xBE,
    0x81, 0x7A, 0xBE, 0x81, 0x9A, 0xBE, 0x83, 0xBA, 0xBE, 0x00, 0xBA, 0xC6, 0x82, 0xBA, 0xBE, 0x81,
    0xBA, 0xC6, 0x00, 0x9A, 0xBE, 0x81, 0x7A, 0xBE, 0x01, 0x9A, 0xBE, 0xBA, 0xBE, 0x81, 0xBA, 0xC6,
    0x00, 0xBA, 0xBE, 0x81, 0x9A, 0xBE, 0x00, 0xBA, 0xBE, 0x83, 0xBA, 0xC6, 0x00, 0xBA, 0xBE, 0x84,
    0x9A, 0xBE, 0x86, 0xBA, 0xC6, 0x03, 0x9A, 0xBE, 0x7A, 0xBE, 0x9A, 0xBE, 0xBA, 0xC6, 0x82, 0xBA,
    0xBE, 0x01, 0x9A, 0xBE, 0x7A, 0xBE, 0x84, 0x9A, 0xBE, 0x02, 0xBA, 0xBE, 0xBA, 0xC6, 0xBA, 0xBE,
    0x81, 0x9A, 0xBE, 0x00, 0xBA, 0xBE, 0x83, 0xBA, 0xC6, 0x00, 0xBA, 0xBE, 0x84, 0x9A, 0xBE, 0x86,
    0xBA, 0xC6, 0x02, 0xBA, 0xBE, 0x7A, 0xBE, 0x9A, 0xBE, 0x81, 0xBA, 0xC6, 0x81, 0xBA, 0xBE, 0x01,
    0x9A, 0xBE, 0x7A, 0xBE, 0x85, 0x9A, 0xBE, 0x01, 0xBA, 0xBE, 0xBA, 0xC6, 0x82, 0x9A, 0xBE, 0x00,
    0xBA, 0xBE, 0x83, 0xBA, 0xC6, 0x00, 0xBA, 0xBE, 0x83, 0x9A, 0xBE, 0x00, 0xBA, 0xBE, 0x86, 0xBA,
    0xC6, 0x06, 0x9A, 0xBE, 0x7A, 0xBE, 0xBA, 0xBE, 0xBA, 0xC6, 0x9A, 0xBE, 0xBA, 0xBE, 0x9A, 0xBE,
    0x81, 0x7A, 0xBE, 0x84, 0x9A, 0xBE, 0x02, 0xBA, 0xBE, 0xBA, 0xC6, 0xBA, 0xBE, 0x81, 0x9A, 0xBE,
    0x00, 0xBA, 0xBE, 0x83, 0xBA, 0xC6, 0x00, 0xBA, 0xBE, 0x83, 0x9A, 0xBE, 0x00, 0xBA, 0xBE, 0x81,
    0xBA, 0xC6, 0x00, 0xBA, 0xBE, 0x83, 0x9A, 0xBE, 0x00, 0xBA, 0xBE, 0x86, 0x9A, 0xBE, 0x81, 0xBA,
    0xBE, 0x83, 0xBA, 0xC6, 0x81, 0xBA, 0xBE, 0x81, 0x9A, 0xBE, 0x00, 0xBA, 0xBE, 0x81, 0xBA, 0xC6,
    0x04, 0xBA, 0xBE, 0x9A, 0xBE, 0x7A, 0xBE, 0x9A, 0xBE, 0xBA, 0xBE, 0x84, 0x9A, 0xBE, 0x81, 0xBA,
    0xC6, 0x83, 0x9A, 0xBE, 0x81, 0xBA, 0xBE, 0x86, 0x9A, 0xBE, 0x00, 0xBA, 0xBE, 0x84, 0xBA, 0xC6,
    0x00, 0xBA, 0xBE, 0x82, 0x9A, 0xBE, 0x81, 0xBA, 0xC6, 0x04, 0xBA, 0xBE, 0x9A, 0xBE, 0x7A, 0xBE,
    0x9A, 0xBE, 0xBA, 0xBE, 0x84, 0x9A, 0xBE, 0x01, 0xBA, 0xBE, 0xBA, 0xC6, 0x83, 0x9A, 0xBE, 0x81,
    0xBA, 0xBE, 0x86, 0x9A, 0xBE, 0x81, 0xBA, 0xBE, 0x83, 0xBA, 0xC6, 0x00, 0xBA, 0xBE, 0x82, 0x9A,
    0xBE, 0x82, 0xBA, 0xC6, 0x00, 0x9A, 0xBE, 0x81, 0x7A, 0xBE, 0x01, 0x9A, 0xBE, 0xBA, 0xBE, 0x84,
    0x9A, 0xBE, 0x01, 0xBA, 0xC6, 0xBA, 0xBE, 0x83, 0x9A, 0xBE, 0x00, 0xBA, 0xBE, 0x86, 0x9A, 0xBE,
    0x81, 0xBA, 0xBE, 0x81, 0xBA, 0xC6, 0x00, 0xBA, 0xBE, 0x81, 0x9A, 0xBE, 0x00, 0xBA, 0xBE, 0x81,
    0xBA, 0xC6, 0x82, 0x9A, 0xBE, 0x01, 0xBA, 0xBE, 0xBA, 0xC6, 0x82, 0xBA, 0xBE, 0x82, 0xBA, 0xC6,
    0x81, 0xBA, 0xBE, 0x81, 0x9A, 0xBE, 0x81, 0xBA, 0xC6, 0x02, 0xBA, 0xBE, 0x9A, 0xBE, 0xBA, 0xBE,
    0x82, 0x9A, 0xBE, 0x00, 0xBA, 0xBE, 0x82, 0x9A, 0xBE, 0x01, 0xBA, 0xBE, 0x9A, 0xBE, 0x82, 0xBA,
    0xC6, 0x82, 0x9A, 0xBE, 0x01, 0xBA, 0xBE, 0xBA, 0xC6, 0x82, 0x9A, 0xBE, 0x01, 0xBA, 0xBE, 0xBA,
    0xC6, 0x82, 0xBA, 0xBE, 0x83, 0xBA, 0xC6, 0x81, 0xBA, 0xBE, 0x00, 0x9A, 0xBE, 0x82, 0xBA, 0xC6,
    0x01, 0x9A, 0xBE, 0xBA, 0xBE, 0x82, 0x9A, 0xBE, 0x00, 0xBA, 0xBE, 0x83, 0x9A, 0xBE, 0x81, 0xBA,
    0xBE, 0x81, 0xBA, 0xC6, 0x82, 0x9A, 0xBE, 0x01, 0xBA, 0xBE, 0xBA, 0xC6, 0x83, 0x9A, 0xBE, 0x00,
    0xBA, 0xC6, 0x83, 0xBA, 0xBE, 0x82, 0xBA, 0xC6, 0x81, 0xBA, 0xBE, 0x01, 0x9A, 0xBE, 0xBA, 0xBE,
    0x81, 0xBA, 0xC6, 0x00, 0x9A, 0xBE, 0x81, 0xBA, 0xBE, 0x81, 0x9A, 0xBE, 0x00, 0xBA, 0xBE, 0x83,
    0x9A, 0xBE, 0x81, 0xBA, 0xBE, 0x81, 0xBA, 0xC6, 0x00, 0xBA, 0xBE, 0x81, 0x9A, 0xBE, 0x02, 0xBA,
    0xBE, 0xBA, 0xC6, 0xBA, 0xBE, 0x82, 0x9A, 0xBE, 0x84, 0xBA, 0xBE, 0x02, 0xBA, 0xC6, 0xDA, 0xC6,
    0xBA, 0xC6, 0x81, 0x9A, 0xBE, 0x81, 0xBA, 0xBE, 0x01, 0xBA, 0xC6, 0xBA, 0xBE, 0x81, 0x9A, 0xBE,
    0x02, 0xBA, 0xC6, 0xBA, 0xBE, 0x9A, 0xBE, 0x81, 0xBA, 0xBE, 0x84, 0xBA, 0xC6, 0x81, 0x9A, 0xBE,
    0x81, 0xBA, 0xBE, 0x02, 0x9A, 0xBE, 0x7A, 0xBE, 0x9A, 0xBE, 0x82, 0xBA, 0xC6, 0x82, 0x9A, 0xBE,
    0x01, 0xBA, 0xBE, 0x9A, 0xBE, 0x81, 0xBA, 0xC6, 0x01, 0xDA, 0xC6, 0xBA, 0xC6, 0x81, 0x9A, 0xBE,
    0x81, 0xBA, 0xBE, 0x01, 0xBA, 0xC6, 0xBA, 0xBE, 0x81, 0x9A, 0xBE, 0x81, 0xBA, 0xC6, 0x81, 0x9A,
    0xBE, 0x00, 0xBA, 0xBE, 0x84, 0xBA, 0xC6, 0x01, 0xBA, 0xBE, 0x9A, 0xBE, 0x81, 0xBA, 0xBE, 0x02,
    0x9A, 0xBE, 0x7A, 0xBE, 0x9A, 0xBE, 0x82, 0xBA, 0xC6, 0x82, 0x9A, 0xBE, 0x01, 0xBA, 0xBE, 0x9A,
    0xBE, 0x82, 0xBA, 0xC6, 0x01, 0xDA, 0xC6, 0xBA, 0xBE, 0x81, 0x9A, 0xBE, 0x00, 0xBA, 0xBE, 0x81,
    0xBA, 0xC6, 0x06, 0xBA, 0xBE, 0x9A, 0xBE, 0xBA, 0xBE, 0xBA, 0xC6, 0xBA, 0xBE, 0x9A, 0xBE, 0xBA,
    0xBE, 0x84, 0xBA, 0xC6, 0x00, 0xBA, 0xBE, 0x81, 0x9A, 0xBE, 0x81, 0xBA, 0xBE, 0x02, 0x7A, 0xBE,
    0x9A, 0xBE, 0xBA, 0xBE, 0x81, 0xBA, 0xC6, 0x00, 0xBA, 0xBE, 0x81, 0x9A, 0xBE, 0x82, 0xBA, 0xBE,
    0x81, 0xBA, 0xC6, 0x01, 0xDA, 0xC6, 0xBA, 0xC6, 0x81, 0x9A, 0xBE, 0x81, 0xBA, 0xBE, 0x01, 0xBA,
    0xC6, 0xBA, 0xBE, 0x81, 0x9A, 0xBE, 0x02, 0xBA, 0xC6, 0xBA, 0xBE, 0x9A, 0xBE, 0x81, 0xBA, 0xBE,
    0x02, 0xBA, 0xC6, 0xDA, 0xC6, 0xBA, 0xC6, 0x81, 0x9A, 0xBE, 0x00, 0xBA, 0xBE, 0x81, 0xBA, 0xC6,
    0x00, 0xBA, 0xBE, 0x81, 0x9A, 0xBE, 0x01, 0xBA, 0xC6, 0xBA, 0xBE, 0x82, 0x9A, 0xBE, 0x00, 0xBA,
    0xBE, 0x82, 0xBA, 0xC6, 0x02, 0xBA, 0xBE, 0x9A, 0xBE, 0x7A, 0xBE, 0x82, 0x9A, 0xBE, 0x07, 0x7A,
    0xBE, 0xBA, 0xBE, 0xBA, 0xC6, 0xDA, 0xC6, 0xBA, 0xC6, 0xBA, 0xBE, 0x9A, 0xBE, 0xBA, 0xBE, 0x83,
    0xBA, 0xC6, 0x01, 0xDA, 0xC6, 0xBA, 0xC6, 0x82, 0x9A, 0xBE, 0x82, 0xBA, 0xC6, 0x81, 0x9A, 0xBE,
    0x81, 0xBA, 0xC6, 0x83, 0x9A, 0xBE, 0x83, 0xBA, 0xC6, 0x01, 0x9A, 0xBE, 0x7A, 0xBE, 0x82, 0x9A,
    0xBE, 0x04, 0x7A, 0xBE, 0x9A, 0xBE, 0xBA, 0xC6, 0xDA, 0xC6, 0xBA, 0xC6, 0x81, 0xBA, 0xBE, 0x00,
    0x9A, 0xBE, 0x83, 0xBA, 0xC6, 0x02, 0xDA, 0xC6, 0xBA, 0xC6, 0xBA, 0xBE, 0x81, 0x9A, 0xBE, 0x00,
    0xBA, 0xBE, 0x81, 0xBA, 0xC6, 0x03, 0xBA, 0xBE, 0x9A, 0xBE, 0xBA, 0xBE, 0xBA, 0xC6, 0x83, 0x9A,
    0xBE, 0x83, 0xBA, 0xC6, 0x01, 0x9A, 0xBE, 0x7A, 0xBE, 0x82, 0x9A, 0xBE, 0x04, 0x7A, 0xBE, 0x9A,
    0xBE, 0xBA, 0xC6, 0xDA, 0xC6, 0xBA, 0xC6, 0x81, 0xBA, 0xBE, 0x00, 0x9A, 0xBE, 0x83, 0xBA, 0xC6,
    0x81, 0xDA, 0xC6, 0x00, 0xBA, 0xBE, 0x81, 0x9A, 0xBE, 0x00, 0xBA, 0xBE, 0x81, 0xBA, 0xC6, 0x04,
    0xBA, 0xBE, 0x9A, 0xBE, 0xBA, 0xBE, 0xBA, 0xC6, 0xBA, 0xBE, 0x82, 0x9A, 0xBE, 0x81, 0xBA, 0xC6,
    0x00, 0xBA, 0xBE, 0x82, 0x9A, 0xBE, 0x01, 0xBA, 0xC6, 0xBA, 0xBE, 0x82, 0x9A, 0xBE, 0x00, 0xBA,
    0xC6, 0x81, 0xBA, 0xBE, 0x82, 0x9A, 0xBE, 0x05, 0xBA, 0xBE, 0xBA, 0xC6, 0xBA, 0xBE, 0x9A, 0xBE,
    0x7B, 0xB6, 0x7A, 0xBE, 0x82, 0x9A, 0xBE, 0x01, 0xBA, 0xBE, 0xBA, 0xC6, 0x81, 0xDA, 0xC6, 0x00,
    0xBA, 0xC6, 0x82, 0xBA, 0xBE, 0x01, 0xBA, 0xC6, 0xDA, 0xC6, 0x83, 0xBA, 0xC6, 0x82, 0x9A, 0xBE,
    0x81, 0xBA, 0xBE, 0x82, 0x9A, 0xBE, 0x02, 0xBA, 0xBE, 0xBA, 0xC6, 0xBA, 0xBE, 0x82, 0x9A, 0xBE,
    0x03, 0xBA, 0xBE, 0xBA, 0xC6, 0xBA, 0xBE, 0x9A, 0xBE, 0x81, 0x7B, 0xB6, 0x82, 0x9A, 0xBE, 0x00,
    0xBA, 0xBE, 0x81, 0xBA, 0xC6, 0x01, 0xDA, 0xC6, 0xBA, 0xC6, 0x82, 0xBA, 0xBE, 0x01, 0xBA, 0xC6,
    0xDA, 0xC6, 0x83, 0xBA, 0xC6, 0x82, 0x9A, 0xBE, 0x02, 0xBA, 0xBE, 0xBA, 0xC6, 0xBA, 0xBE, 0x82,
    0x9A, 0xBE, 0x00, 0xBA, 0xC6, 0x81, 0xBA, 0xBE, 0x81, 0x9A, 0xBE, 0x05, 0xBA, 0xBE, 0xBA, 0xC6,
    0xBA, 0xBE, 0x9A, 0xBE, 0x7A, 0xBE, 0x7B, 0xB6, 0x83, 0x9A, 0xBE, 0x81, 0xBA, 0xC6, 0x00, 0xDA,
    0xC6, 0x81, 0xBA, 0xC6, 0x81, 0xBA, 0xBE, 0x01, 0xBA, 0xC6, 0xDA, 0xC6, 0x83, 0xBA, 0xC6, 0x00,
    0xBA, 0xBE, 0x81, 0x9A, 0xBE, 0x02, 0xBA, 0xBE, 0xBA, 0xC6, 0xBA, 0xBE, 0x82, 0x9A, 0xBE, 0x00,
    0xBA, 0xC6, 0x81, 0xBA, 0xBE, 0x81, 0x9A, 0xBE, 0x01, 0xBA, 0xC6, 0xBA, 0xBE, 0x83, 0x9A, 0xBE,
    0x00, 0xBA, 0xBE, 0x83, 0x9A, 0xBE, 0x83, 0xBA, 0xBE, 0x84, 0x9A, 0xBE, 0x02, 0x7A, 0xBE, 0x7A,
    0xB6, 0x7A, 0xBE, 0x81, 0x9A, 0xBE, 0x00, 0xBA, 0xBE, 0x81, 0xBA, 0xC6, 0x81, 0xBA, 0xBE, 0x00,
    0xBA, 0xC6, 0x82, 0xBA, 0xBE, 0x01, 0xBA, 0xC6, 0xDA, 0xC6, 0x81, 0xBA, 0xC6, 0x00, 0xBA, 0xBE,
    0x84, 0x9A, 0xBE, 0x00, 0xBA, 0xBE, 0x82, 0x9A, 0xBE, 0x83, 0xBA, 0xBE, 0x84, 0x9A, 0xBE, 0x82,
    0x7A, 0xBE, 0x81, 0x9A, 0xBE, 0x00, 0xBA, 0xBE, 0x82, 0xBA, 0xC6, 0x01, 0xBA, 0xBE, 0xBA, 0xC6,
    0x82, 0xBA, 0xBE, 0x00, 0xBA, 0xC6, 0x81, 0xDA, 0xC6, 0x81, 0xBA, 0xC6, 0x00, 0xBA, 0xBE, 0x83,
    0x9A, 0xBE, 0x00, 0xBA, 0xBE, 0x83, 0x9A, 0xBE, 0x82, 0xBA, 0xBE, 0x84, 0x9A, 0xBE, 0x82, 0x7A,
    0xBE, 0x81, 0x9A, 0xBE, 0x81, 0xBA, 0xBE, 0x81, 0xBA, 0xC6, 0x01, 0xBA, 0xBE, 0xBA, 0xC6, 0x82,
    0xBA, 0xBE, 0x00, 0xBA, 0xC6, 0x81, 0xDA, 0xC6, 0x81, 0xBA, 0xC6, 0x00, 0xBA, 0xBE, 0x83, 0x9A,
    0xBE, 0x00, 0xBA, 0xBE, 0x83, 0x9A, 0xBE, 0x82, 0xBA, 0xBE, 0x81, 0x9A, 0xBE, 0x00, 0xBA, 0xBE,
    0x83, 0x9A, 0xBE, 0x00, 0x7A, 0xBE, 0x84, 0x9A, 0xBE, 0x02, 0xBA, 0xBE, 0x9A, 0xBE, 0xBA, 0xBE,
    0x8B, 0x9A, 0xBE, 0x00, 0xBA, 0xBE, 0x82, 0x9A, 0xBE, 0x00, 0xBA, 0xBE, 0x81, 0x9A, 0xBE, 0x00,
    0xBA, 0xBE, 0x83, 0xBA, 0xC6, 0x84, 0x9A, 0xBE, 0x00, 0x7A, 0xBE, 0x83, 0x9A, 0xBE, 0x01, 0xBA,
    0xBE, 0x9A, 0xBE, 0x81, 0xBA, 0xBE, 0x8A, 0x9A, 0xBE, 0x81, 0xBA, 0xBE, 0x84, 0x9A, 0xBE, 0x81,
    0xBA, 0xBE, 0x82, 0xBA, 0xC6, 0x84, 0x9A, 0xBE, 0x00, 0x7A, 0xBE, 0x83, 0x9A, 0xBE, 0x81, 0xBA,
    0xBE, 0x01, 0x9A, 0xBE, 0xBA, 0xBE, 0x8A, 0x9A, 0xBE, 0x81, 0xBA, 0xBE, 0x84, 0x9A, 0xBE, 0x81,
    0xBA, 0xBE, 0x82, 0xBA, 0xC6, 0x00, 0xBA, 0xBE, 0x83, 0x9A, 0xBE, 0x00, 0x7A, 0xBE, 0x83, 0x9A,
    0xBE, 0x81, 0xBA, 0xBE, 0x01, 0x9A, 0xBE, 0xBA, 0xBE, 0x81, 0x9A, 0xBE, 0x01, 0xBA, 0xC6, 0xBA,
    0xBE, 0x82, 0x9A, 0xBE, 0x01, 0x7A, 0xB6, 0x7A, 0xBE, 0x81, 0x9A, 0xBE, 0x82, 0xBA, 0xBE, 0x01,
    0x9A, 0xBE, 0xBA, 0xBE, 0x81, 0x9A, 0xBE, 0x82, 0xBA, 0xBE, 0x81, 0xBA, 0xC6, 0x84, 0x9A, 0xBE,
    0x00, 0xBA, 0xBE, 0x83, 0x9A, 0xBE, 0x81, 0xBA, 0xBE, 0x84, 0xBA, 0xC6, 0x00, 0xBA, 0xBE, 0x82,
    0x9A, 0xBE, 0x81, 0x7A, 0xBE, 0x81, 0x9A, 0xBE, 0x82, 0xBA, 0xBE, 0x83, 0x9A, 0xBE, 0x82, 0xBA,
    0xBE, 0x81, 0xBA, 0xC6, 0x00, 0xBA, 0xBE, 0x83, 0x9A, 0xBE, 0x00, 0xBA, 0xBE, 0x83, 0x9A, 0xBE,
    0x81, 0xBA, 0xBE, 0x82, 0xBA, 0xC6, 0x00, 0xBA, 0xBE, 0x81, 0xBA, 0xC6, 0x82, 0x9A, 0xBE, 0x01,
    0x7A, 0xBE, 0x7A, 0xB6, 0x82, 0x9A, 0xBE, 0x81, 0xBA, 0xBE, 0x84, 0x9A, 0xBE, 0x82, 0xBA, 0xBE,
    0x01, 0xBA, 0xC6, 0xBA, 0xBE, 0x83, 0x9A, 0xBE, 0x00, 0xBA, 0xBE, 0x83, 0x9A, 0xBE, 0x82, 0xBA,
    0xBE, 0x81, 0xBA, 0xC6, 0x00, 0xBA, 0xBE, 0x81, 0xBA, 0xC6, 0x00, 0xBA, 0xBE, 0x81, 0x9A, 0xBE,
    0x01, 0x7A, 0xBE, 0x7A, 0xB6, 0x82, 0x9A, 0xBE, 0x82, 0xBA, 0xBE, 0x01, 0x9A, 0xBE, 0xBA, 0xBE,
    0x81, 0x9A, 0xBE, 0x00, 0xBA, 0xBE, 0x85, 0x9A, 0xBE, 0x85, 0xBA, 0xBE, 0x82, 0x9A, 0xBE, 0x82,
    0xBA, 0xC6, 0x02, 0xDA, 0xC6, 0xBA, 0xC6, 0xBA, 0xBE, 0x81, 0x9A, 0xBE, 0x82, 0xBA, 0xC6, 0x82,
    0x9A, 0xBE, 0x82, 0xBA, 0xC6, 0x01, 0xDA, 0xC6, 0xBA, 0xC6, 0x82, 0xBA, 0xBE, 0x86, 0x9A, 0xBE,
    0x83, 0xBA, 0xBE, 0x83, 0x9A, 0xBE, 0x85, 0xBA, 0xC6, 0x01, 0xBA, 0xBE, 0x9A, 0xBE, 0x82, 0xBA,
    0xC6, 0x00, 0xBA, 0xBE, 0x81, 0x9A, 0xBE, 0x00, 0xBA, 0xBE, 0x81, 0xBA, 0xC6, 0x01, 0xDA, 0xC6,
    0xBA, 0xC6, 0x83, 0xBA, 0xBE, 0x85, 0x9A, 0xBE, 0x83, 0xBA, 0xBE, 0x83, 0x9A, 0xBE, 0x00, 0xBA,
    0xBE, 0x84, 0xBA, 0xC6, 0x02, 0xBA, 0xBE, 0x9A, 0xBE, 0xBA, 0xBE, 0x82, 0xBA, 0xC6, 0x81, 0x9A,
    0xBE, 0x00, 0xBA, 0xBE, 0x82, 0xBA, 0xC6, 0x01, 0xDA, 0xC6, 0xBA, 0xC6, 0x82, 0xBA, 0xBE, 0x85,
    0x9A, 0xBE, 0x85, 0xBA, 0xBE, 0x81, 0x9A, 0xBE, 0x01, 0xBA, 0xBE, 0x7A, 0xBE, 0x81, 0x9A, 0xBE,
    0x00, 0xBA, 0xBE, 0x83, 0x9A, 0xBE, 0x81, 0xBA, 0xBE, 0x84, 0x9A, 0xBE, 0x81, 0xBA, 0xC6, 0x82,
    0xDA, 0xC6, 0x81, 0xBA, 0xC6, 0x01, 0xBA, 0xBE, 0x9A, 0xBE, 0x82, 0xBA, 0xC6, 0x02, 0xBA, 0xBE,
    0x9A, 0xBE, 0xBA, 0xBE, 0x81, 0xDA, 0xC6, 0x83, 0xBA, 0xC6, 0x00, 0x9A, 0xBE, 0x81, 0x7A, 0xBE,
    0x85, 0x9A, 0xBE, 0x81, 0xBA, 0xBE, 0x84, 0x9A, 0xBE, 0x01, 0xBA, 0xBE, 0xBA, 0xC6, 0x82, 0xDA,
    0xC6, 0x82, 0xBA, 0xC6, 0x01, 0x9A, 0xBE, 0xBA, 0xBE, 0x82, 0xBA, 0xC6, 0x81, 0x9A, 0xBE, 0x00,
    0xBA, 0xC6, 0x81, 0xDA, 0xC6, 0x82, 0xBA, 0xC6, 0x02, 0xBA, 0xBE, 0x9A, 0xBE, 0x7A, 0xBE, 0x86,
    0x9A, 0xBE, 0x00, 0xBA, 0xBE, 0x85, 0x9A, 0xBE, 0x81, 0xBA, 0xC6, 0x81, 0xDA, 0xC6, 0x82, 0xBA,
    0xC6, 0x81, 0x9A, 0xBE, 0x82, 0xBA, 0xC6, 0x81, 0x9A, 0xBE, 0x00, 0xBA, 0xC6, 0x81, 0xDA, 0xC6,
    0x83, 0xBA, 0xC6, 0x01, 0x9A, 0xBE, 0x7A, 0xBE, 0x81, 0x9A, 0xBE, 0x00, 0xBA, 0xBE, 0x83, 0x9A,
    0xBE, 0x81, 0xBA, 0xBE, 0x84, 0x9A, 0xBE, 0x00, 0xBA, 0xC6, 0x81, 0x7A, 0xBE, 0x03, 0x9A, 0xBE,
    0xBA, 0xC6, 0x9A, 0xBE, 0x7A, 0xBE, 0x86, 0x9A, 0xBE, 0x01, 0x7A, 0xBE, 0x9A, 0xBE, 0x81, 0xBA,
    0xC6, 0x84, 0xDA, 0xC6, 0x00, 0xBA, 0xC6, 0x81, 0x9A, 0xBE, 0x00, 0xBA, 0xBE, 0x81, 0xBA, 0xC6,
    0x00, 0xBA, 0xBE, 0x85, 0xBA, 0xC6, 0x81, 0x9A, 0xBE, 0x81, 0x7A, 0xBE, 0x03, 0x9A, 0xBE, 0xBA,
    0xC6, 0x9A, 0xBE, 0x7A, 0xBE, 0x88, 0x9A, 0xBE, 0x81, 0xBA, 0xC6, 0x82, 0xDA, 0xC6, 0x00, 0xBA,
    0xC6, 0x81, 0xDA, 0xC6, 0x02, 0xBA, 0xBE, 0x9A, 0xBE, 0xBA, 0xBE, 0x81, 0xBA, 0xC6, 0x00, 0xBA,
    0xBE, 0x85, 0xBA, 0xC6, 0x00, 0xBA, 0xBE, 0x81, 0x9A, 0xBE, 0x04, 0x7A, 0xBE, 0x9A, 0xBE, 0xBA,
    0xC6, 0xBA, 0xBE, 0x7A, 0xBE, 0x88, 0x9A, 0xBE, 0x00, 0xBA, 0xBE, 0x81, 0xBA, 0xC6, 0x81, 0xDA,
    0xC6, 0x00, 0xBA, 0xC6, 0x81, 0xDA, 0xC6, 0x02, 0xBA, 0xBE, 0x9A, 0xBE, 0xBA, 0xBE, 0x82, 0xBA,
    0xC6, 0x00, 0xBA, 0xBE, 0x84, 0xBA, 0xC6, 0x00, 0xBA, 0xBE, 0x81, 0x9A, 0xBE, 0x81, 0x7A, 0xBE,
    0x03, 0xBA, 0xBE, 0xBA, 0xC6, 0x9A, 0xBE, 0x7A, 0xBE, 0x86, 0x9A, 0xBE, 0x06, 0x7A, 0xBE, 0x9A,
    0xBE, 0xBA, 0xC6, 0x7A, 0xBE, 0x9A, 0xBE, 0xBA, 0xBE, 0xBA, 0xC6, 0x84, 0x9A, 0xBE, 0x00, 0xBA,
    0xBE, 0x81, 0xBA, 0xC6, 0x81, 0x9A, 0xBE, 0x00, 0xBA, 0xBE, 0x81, 0xBA, 0xC6, 0x84, 0xDA, 0xC6,
    0x81, 0xBA, 0xC6, 0x82, 0xBA, 0xBE, 0x00, 0xBA, 0xC6, 0x83, 0xBA, 0xBE, 0x81, 0xBA, 0xC6, 0x81,
    0x9A, 0xBE, 0x81, 0x7A, 0xBE, 0x03, 0x9A, 0xBE, 0xBA, 0xBE, 0xBA, 0xC6, 0xBA, 0xBE, 0x84, 0x9A,
    0xBE, 0x02, 0xBA, 0xBE, 0xBA, 0xC6, 0xBA, 0xBE, 0x81, 0x9A, 0xBE, 0x81, 0xBA, 0xC6, 0x85, 0xDA,
    0xC6, 0x00, 0xBA, 0xC6, 0x82, 0xBA, 0xBE, 0x81, 0xBA, 0xC6, 0x82, 0xBA, 0xBE, 0x81, 0xBA, 0xC6,
    0x01, 0xBA, 0xBE, 0x9A, 0xBE, 0x81, 0x7A, 0xBE, 0x81, 0x9A, 0xBE, 0x81, 0xBA, 0xC6, 0x84, 0x9A,
    0xBE, 0x00, 0xBA, 0xBE, 0x81, 0xBA, 0xC6, 0x81, 0x9A, 0xBE, 0x00, 0xBA, 0xBE, 0x81, 0xBA, 0xC6,
    0x84, 0xDA, 0xC6, 0x00, 0xBA, 0xC6, 0x81, 0xBA, 0xBE, 0x02, 0x9A, 0xBE, 0xBA, 0xBE, 0xBA, 0xC6,
    0x82, 0xBA, 0xBE, 0x81, 0xBA, 0xC6, 0x01, 0xBA, 0xBE, 0x9A, 0xBE, 0x81, 0x7A, 0xBE, 0x81, 0x9A,
    0xBE, 0x81, 0xBA, 0xC6, 0x84, 0x9A, 0xBE, 0x00, 0xBA, 0xBE, 0x81, 0xBA, 0xC6, 0x81, 0x9A, 0xBE,
    0x03, 0xBA, 0xBE, 0xBA, 0xC6, 0x7A, 0xBE, 0xBA, 0xBE, 0x82, 0xBA, 0xC6, 0x00, 0xBA, 0xBE, 0x81,
    0x9A, 0xBE, 0x00, 0xBA, 0xBE, 0x82, 0xBA, 0xC6, 0x82, 0xBA, 0xBE, 0x81, 0xBA, 0xC6, 0x82, 0xDA,
    0xC6, 0x83, 0xBA, 0xC6, 0x01, 0xBA, 0xBE, 0x9A, 0xBE, 0x81, 0xBA, 0xBE, 0x02, 0x9A, 0xBE, 0x7A,
    0xBE, 0x9A, 0xBE, 0x81, 0xBA, 0xC6, 0x81, 0x9A, 0xBE, 0x00, 0x7A, 0xBE, 0x81, 0x7B, 0xB6, 0x04,
    0x9A, 0xBE, 0xBA, 0xC6, 0xDA, 0xC6, 0xBA, 0xC6, 0xBA, 0xBE, 0x82, 0x9A, 0xBE, 0x81, 0xBA, 0xC6,
    0x01, 0xDA, 0xC6, 0xBA, 0xC6, 0x81, 0xBA, 0xBE, 0x81, 0xBA, 0xC6, 0x83, 0xDA, 0xC6, 0x82, 0xBA,
    0xC6, 0x00, 0xBA, 0xBE, 0x81, 0x9A, 0xBE, 0x03, 0xBA, 0xBE, 0x9A, 0xBE, 0x7A, 0xBE, 0x9A, 0xBE,
    0x81, 0xBA, 0xC6, 0x02, 0xBA, 0xBE, 0x9A, 0xBE, 0x7A, 0xBE, 0x81, 0x7B, 0xB6, 0x02, 0x9A, 0xBE,
    0xBA, 0xC6, 0xDA, 0xC6, 0x81, 0xBA, 0xC6, 0x82, 0x9A, 0xBE, 0x03, 0xBA, 0xBE, 0xBA, 0xC6, 0xDA,
    0xC6, 0xBA, 0xC6, 0x81, 0xBA, 0xBE, 0x81, 0xBA, 0xC6, 0x83, 0xDA, 0xC6, 0x83, 0xBA, 0xC6, 0x01,
    0xBA, 0xBE, 0x9A, 0xBE, 0x81, 0xBA, 0xBE, 0x02, 0x9A, 0xBE, 0x7A, 0xBE, 0x9A, 0xBE, 0x81, 0xBA,
    0xC6, 0x01, 0x9A, 0xBE, 0x7A, 0xBE, 0x81, 0x7B, 0xB6, 0x02, 0x7A, 0xBE, 0xBA, 0xBE, 0xDA, 0xC6,
    0x81, 0xBA, 0xC6, 0x82, 0x9A, 0xBE, 0x00, 0xBA, 0xBE, 0x82, 0xBA, 0xC6, 0x81, 0xBA, 0xBE, 0x81,
    0xBA, 0xC6, 0x02, 0x7A, 0xBE, 0xBA, 0xC6, 0xDA, 0xC6, 0x82, 0xBA, 0xC6, 0x81, 0xBA, 0xBE, 0x81,
    0xBA, 0xC6, 0x81, 0xDA, 0xC6, 0x83, 0xBA, 0xC6, 0x81, 0xDA, 0xC6, 0x84, 0xBA, 0xC6, 0x0A, 0xBA,
    0xBE, 0x9A, 0xBE, 0x7A, 0xBE, 0xBA, 0xBE, 0xBA, 0xC6, 0x9A, 0xBE, 0x7B, 0xB6, 0x9A, 0xBE, 0xBA,
    0xC6, 0xBA, 0xBE, 0x9A, 0xBE, 0x81, 0x7A, 0xBE, 0x81, 0x7B, 0xB6, 0x00, 0xBA, 0xBE, 0x81, 0xDA,
    0xC6, 0x81, 0xBA, 0xC6, 0x82, 0xBA, 0xBE, 0x81, 0xBA, 0xC6, 0x00, 0xDA, 0xC6, 0x83, 0xBA, 0xC6,
    0x82, 0xDA, 0xC6, 0x84, 0xBA, 0xC6, 0x06, 0x9A, 0xBE, 0x7A, 0xBE, 0x9A, 0xBE, 0xBA, 0xC6, 0x9A,
    0xBE, 0x7B, 0xB6, 0x9A, 0xBE, 0x81, 0xBA, 0xC6, 0x00, 0x9A, 0xBE, 0x81, 0x7A, 0xBE, 0x81, 0x7B,
    0xB6, 0x00, 0x9A, 0xBE, 0x81, 0xDA, 0xC6, 0x81, 0xBA, 0xC6, 0x82, 0xBA, 0xBE, 0x81, 0xBA, 0xC6,
    0x81, 0xDA, 0xC6, 0x82, 0xBA, 0xC6, 0x82, 0xDA, 0xC6, 0x84, 0xBA, 0xC6, 0x04, 0x9A, 0xBE, 0x7A,
    0xBE, 0x9A, 0xBE, 0xBA, 0xC6, 0x9A, 0xBE, 0x81, 0x7A, 0xBE, 0x02, 0xBA, 0xBE, 0xBA, 0xC6, 0x9A,
    0xBE, 0x81, 0x7A, 0xBE, 0x04, 0x7A, 0xB6, 0x5B, 0xB6, 0x9A, 0xBE, 0xBA, 0xC6, 0xDA, 0xC6, 0x82,
    0xBA, 0xC6, 0x81, 0xBA, 0xBE, 0x81, 0xBA, 0xC6, 0x81, 0xDA, 0xC6, 0x83, 0xBA, 0xC6, 0x01, 0x9A,
    0xBE, 0xBA, 0xC6, 0x81, 0xDA, 0xC6, 0x81, 0xBA, 0xC6, 0x81, 0x9A, 0xBE, 0x81, 0xBA, 0xC6, 0x81,
    0xDA, 0xC6, 0x01, 0xBA, 0xC6, 0xBA, 0xBE, 0x81, 0xBA, 0xC6, 0x04, 0xDA, 0xC6, 0xBA, 0xC6, 0x9A,
    0xBE, 0xBA, 0xC6, 0xDA, 0xC6, 0x82, 0xBA, 0xC6, 0x82, 0x9A, 0xBE, 0x81, 0xBA, 0xBE, 0x01, 0x9A,
    0xBE, 0xBA, 0xBE, 0x81, 0x9A, 0xBE, 0x81, 0x7B, 0xB6, 0x03, 0x7A, 0xB6, 0x7A, 0xBE, 0x9A, 0xBE,
    0xBA, 0xC6, 0x81, 0xDA, 0xC6, 0x00, 0xBA, 0xC6, 0x81, 0xBA, 0xBE, 0x00, 0x9A, 0xBE, 0x81, 0xBA,
    0xBE, 0x82, 0xDA, 0xC6, 0x02, 0xBA, 0xC6, 0xBA, 0xBE, 0xBA, 0xC6, 0x81, 0xDA, 0xC6, 0x01, 0x9A,
    0xBE, 0xBA, 0xBE, 0x83, 0xBA, 0xC6, 0x82, 0x9A, 0xBE, 0x81, 0xBA, 0xBE, 0x00, 0x9A, 0xBE, 0x81,
    0xBA, 0xBE, 0x01, 0x9A, 0xBE, 0x7A, 0xBE, 0x81, 0x7B, 0xB6, 0x02, 0x7A, 0xBE, 0x9A, 0xBE, 0xBA,
    0xBE, 0x81, 0xDA, 0xC6, 0x81, 0xBA, 0xC6, 0x03, 0xBA, 0xBE, 0x9A, 0xBE, 0xBA, 0xBE, 0xBA, 0xC6,
    0x82, 0xDA, 0xC6, 0x01, 0xBA, 0xC6, 0xBA, 0xBE, 0x81, 0xBA, 0xC6, 0x00, 0xDA, 0xC6, 0x81, 0xBA,
    0xBE, 0x01, 0xBA, 0xC6, 0xDA, 0xC6, 0x81, 0xBA, 0xC6, 0x00, 0xBA, 0xBE, 0x81, 0x9A, 0xBE, 0x81,
    0xBA, 0xBE, 0x00, 0x9A, 0xBE, 0x81, 0xBA, 0xBE, 0x01, 0x9A, 0xBE, 0x7A, 0xBE, 0x81, 0x7B, 0xB6,
    0x00, 0x7A, 0xBE, 0x81, 0x9A, 0xBE, 0x00, 0xBA, 0xC6, 0x81, 0xDA, 0xC6, 0x81, 0xBA, 0xC6, 0x81,
    0x9A, 0xBE, 0x81, 0xBA, 0xC6, 0x81, 0xDA, 0xC6, 0x01, 0xBA, 0xC6, 0xBA, 0xBE, 0x83, 0xBA, 0xC6,
    0x81, 0xDA, 0xC6, 0x00, 0xBA, 0xC6, 0x83, 0xBA, 0xBE, 0x81, 0x9A, 0xBE, 0x00, 0xBA, 0xBE, 0x81,
    0xBA, 0xC6, 0x00, 0xBA, 0xBE, 0x82, 0xBA, 0xC6, 0x01, 0x9A, 0xBE, 0xBA, 0xBE, 0x81, 0xDA, 0xC6,
    0x81, 0xBA, 0xC6, 0x83, 0xBA, 0xBE, 0x02, 0xBA, 0xC6, 0xBA, 0xBE, 0x9A, 0xBE, 0x81, 0x7A, 0xBE,
    0x81, 0x5B, 0xB6, 0x02, 0x7B, 0xB6, 0x9A, 0xBE, 0xBA, 0xBE, 0x81, 0xBA, 0xC6, 0x01, 0xDA, 0xC6,
    0xBA, 0xC6, 0x83, 0xBA, 0xBE, 0x82, 0x9A, 0xBE, 0x81, 0xBA, 0xC6, 0x81, 0xBA, 0xBE, 0x81, 0xBA,
    0xC6, 0x81, 0x9A, 0xBE, 0x82, 0xDA, 0xC6, 0x00, 0xBA, 0xC6, 0x83, 0xBA, 0xBE, 0x81, 0xBA, 0xC6,
    0x81, 0x9A, 0xBE, 0x05, 0x7A, 0xBE, 0x7B, 0xB6, 0x5B, 0xB6, 0x7B, 0xB6, 0x9A, 0xBE, 0xBA, 0xBE,
    0x81, 0xBA, 0xC6, 0x01, 0xDA, 0xC6, 0xBA, 0xC6, 0x82, 0xBA, 0xBE, 0x83, 0x9A, 0xBE, 0x81, 0xBA,
    0xC6, 0x81, 0xBA, 0xBE, 0x01, 0xBA, 0xC6, 0xDA, 0xC6, 0x81, 0x9A, 0xBE, 0x00, 0xBA, 0xC6, 0x81,
    0xDA, 0xC6, 0x00, 0xBA, 0xC6, 0x83, 0xBA, 0xBE, 0x81, 0xBA, 0xC6, 0x81, 0x9A, 0xBE, 0x01, 0x7A,
    0xBE, 0x7A, 0xB6, 0x81, 0x5B, 0xB6, 0x81, 0x9A, 0xBE, 0x81, 0xBA, 0xC6, 0x81, 0xDA, 0xC6, 0x00,
    0xBA, 0xC6, 0x81, 0xBA, 0xBE, 0x01, 0x9A, 0xBE, 0xBA, 0xBE, 0x81, 0x9A, 0xBE, 0x82, 0xBA, 0xC6,
    0x01, 0xBA, 0xBE, 0xBA, 0xC6, 0x81, 0xBA, 0xBE, 0x81, 0xBA, 0xC6, 0x81, 0xBA, 0xBE, 0x82, 0xBA,
    0xC6, 0x02, 0x7A, 0xB6, 0x7B, 0xB6, 0x9A, 0xBE, 0x81, 0xBA, 0xC6, 0x81, 0xBA, 0xBE, 0x03, 0xBA,
    0xC6, 0xBA, 0xBE, 0x9A, 0xBE, 0xBA, 0xC6, 0x81, 0xDA, 0xC6, 0x81, 0xBA, 0xC6, 0x00, 0xBA, 0xBE,
    0x83, 0xBA, 0xC6, 0x07, 0x9A, 0xBE, 0x7A, 0xBE, 0x7A, 0xB6, 0x7A, 0xBE, 0x7A, 0xB6, 0x5B, 0xB6,
    0x7A, 0xBE, 0x9A, 0xBE, 0x81, 0xBA, 0xBE, 0x82, 0xBA, 0xC6, 0x00, 0xBA, 0xBE, 0x81, 0xBA, 0xC6,
    0x04, 0xDA, 0xC6, 0x7A, 0xBE, 0x7B, 0xB6, 0x7A, 0xBE, 0xBA, 0xBE, 0x81, 0xBA, 0xC6, 0x00, 0x9A,
    0xBE, 0x81, 0xBA, 0xC6, 0x01, 0x9A, 0xBE, 0xBA, 0xC6, 0x82, 0xDA, 0xC6, 0x01, 0xBA, 0xC6, 0xBA,
    0xBE, 0x83, 0xBA, 0xC6, 0x81, 0x9A, 0xBE, 0x00, 0x7A, 0xB6, 0x81, 0x7A, 0xBE, 0x02, 0x5B, 0xB6,
    0x7A, 0xB6, 0x9A, 0xBE, 0x81, 0xBA, 0xBE, 0x82, 0xBA, 0xC6, 0x81, 0xBA, 0xBE, 0x05, 0xBA, 0xC6,
    0xDA, 0xC6, 0x9A, 0xBE, 0x7B, 0xB6, 0x7A, 0xBE, 0xBA, 0xBE, 0x81, 0xBA, 0xC6, 0x04, 0x9A, 0xBE,
    0xBA, 0xBE, 0xBA, 0xC6, 0x9A, 0xBE, 0xBA, 0xBE, 0x82, 0xDA, 0xC6, 0x01, 0xBA, 0xC6, 0xBA, 0xBE,
    0x83, 0xBA, 0xC6, 0x07, 0xBA, 0xBE, 0x9A, 0xBE, 0x7A, 0xBE, 0x7A, 0xB6, 0x7A, 0xBE, 0x5B, 0xB6,
    0x7B, 0xB6, 0x9A, 0xBE, 0x82, 0xBA, 0xBE, 0x81, 0xBA, 0xC6, 0x81, 0xBA, 0xBE, 0x02, 0xBA, 0xC6,
    0xDA, 0xC6, 0xBA, 0xBE, 0x81, 0x7B, 0xB6, 0x00, 0x9A, 0xBE, 0x81, 0xBA, 0xC6, 0x01, 0x9A, 0xBE,
    0xBA, 0xBE, 0x81, 0x9A, 0xBE, 0x01, 0xBA, 0xBE, 0xBA, 0xC6, 0x81, 0x9A, 0xBE, 0x81, 0xBA, 0xC6,
    0x03, 0x9A, 0xBE, 0x7A, 0xB6, 0x7B, 0xB6, 0x9A, 0xBE, 0x82, 0xBA, 0xC6, 0x00, 0xBA, 0xBE, 0x81,
    0xBA, 0xC6, 0x01, 0xBA, 0xBE, 0xBA, 0xC6, 0x82, 0xDA, 0xC6, 0x00, 0xBA, 0xC6, 0x81, 0xBA, 0xBE,
    0x82, 0xBA, 0xC6, 0x83, 0x9A, 0xBE, 0x03, 0x7A, 0xBE, 0x7A, 0xB6, 0x9A, 0xBE, 0xBA, 0xBE, 0x82,
    0x9A, 0xBE, 0x08, 0xBA, 0xC6, 0xBA, 0xBE, 0x9A, 0xBE, 0xBA, 0xBE, 0xBA, 0xC6, 0xBA, 0xBE, 0x7A,
    0xBE, 0x7B, 0xB6, 0x9A, 0xBE, 0x82, 0xBA, 0xC6, 0x81, 0xBA, 0xBE, 0x02, 0xBA, 0xC6, 0xBA, 0xBE,
    0xBA, 0xC6, 0x82, 0xDA, 0xC6, 0x00, 0xBA, 0xC6, 0x81, 0xBA, 0xBE, 0x82, 0xBA, 0xC6, 0x84, 0x9A,
    0xBE, 0x03, 0x7A, 0xB6, 0x7A, 0xBE, 0x9A, 0xBE, 0xBA, 0xBE, 0x81, 0x9A, 0xBE, 0x81, 0xBA, 0xC6,
    0x81, 0x9A, 0xBE, 0x81, 0xBA, 0xC6, 0x02, 0x9A, 0xBE, 0x7B, 0xB6, 0x7A, 0xBE, 0x82, 0xBA, 0xC6,
    0x81, 0xBA, 0xBE, 0x02, 0xBA, 0xC6, 0xBA, 0xBE, 0xBA, 0xC6, 0x82, 0xDA, 0xC6, 0x81, 0xBA, 0xC6,
    0x00, 0xBA, 0xBE, 0x82, 0xBA, 0xC6, 0x00, 0xBA, 0xBE, 0x83, 0x9A, 0xBE, 0x81, 0x7A, 0xBE, 0x01,
    0x9A, 0xBE, 0xBA, 0xBE, 0x81, 0x9A, 0xBE, 0x01, 0xBA, 0xBE, 0xBA, 0xC6, 0x81, 0x9A, 0xBE, 0x81,
    0xBA, 0xC6, 0x03, 0x9A, 0xBE, 0x7B, 0xB6, 0x7A, 0xB6, 0x9A, 0xBE, 0x82, 0xBA, 0xC6, 0x02, 0xBA,
    0xBE, 0x9A, 0xBE, 0xBA, 0xBE, 0x81, 0x9A, 0xBE, 0x07, 0x7A, 0xBE, 0x9A, 0xBE, 0xBA, 0xBE, 0xBA,
    0xC6, 0xBA, 0xBE, 0x7A, 0xBE, 0x7A, 0xB6, 0x9A, 0xBE, 0x86, 0xBA, 0xC6, 0x00, 0xDA, 0xC6, 0x83,
    0xBA, 0xC6, 0x00, 0xBA, 0xBE, 0x8A, 0x9A, 0xBE, 0x01, 0xBA, 0xBE, 0x9A, 0xBE, 0x82, 0xBA, 0xBE,
    0x02, 0x9A, 0xBE, 0x7A, 0xBE, 0x9A, 0xBE, 0x81, 0xBA, 0xC6, 0x03, 0x9A, 0xBE, 0x7A, 0xB6, 0x9A,
    0xBE, 0xBA, 0xBE, 0x85, 0xBA, 0xC6, 0x81, 0xDA, 0xC6, 0x82, 0xBA, 0xC6, 0x00, 0xBA, 0xBE, 0x8A,
    0x9A, 0xBE, 0x82, 0xBA, 0xBE, 0x00, 0xBA, 0xC6, 0x81, 0x9A, 0xBE, 0x01, 0x7A, 0xBE, 0x9A, 0xBE,
    0x81, 0xBA, 0xC6, 0x00, 0x9A, 0xBE, 0x81, 0x7A, 0xBE, 0x00, 0x9A, 0xBE, 0x85, 0xBA, 0xC6, 0x81,
    0xDA, 0xC6, 0x83, 0xBA, 0xC6, 0x8A, 0x9A, 0xBE, 0x81, 0xBA, 0xBE, 0x01, 0x9A, 0xBE, 0xBA, 0xC6,
    0x81, 0x9A, 0xBE, 0x01, 0x7A, 0xBE, 0x9A, 0xBE, 0x81, 0xBA, 0xC6, 0x00, 0xBA, 0xBE, 0x81, 0x7A,
    0xBE, 0x00, 0x9A, 0xBE, 0x83, 0xBA, 0xC6, 0x00, 0xBA, 0xBE, 0x82, 0x9A, 0xBE, 0x00, 0x7A, 0xBE,
    0x81, 0x9A, 0xBE, 0x03, 0xBA, 0xC6, 0xBA, 0xBE, 0x9A, 0xBE, 0x7A, 0xBE, 0x81, 0x9A, 0xBE, 0x84,
    0xBA, 0xC6, 0x81, 0xDA, 0xC6, 0x00, 0xBA, 0xC6, 0x81, 0xBA, 0xBE, 0x81, 0xBA, 0xC6, 0x01, 0xBA,
    0xBE, 0x9A, 0xBE, 0x81, 0x7A, 0xBE, 0x02, 0x7B, 0xB6, 0x7A, 0xBE, 0x9A, 0xBE, 0x81, 0xBA, 0xBE,
    0x03, 0x9A, 0xBE, 0xBA, 0xBE, 0xBA, 0xC6, 0xBA, 0xBE, 0x85, 0x9A, 0xBE, 0x81, 0xBA, 0xC6, 0x00,
    0x9A, 0xBE, 0x81, 0x7A, 0xBE, 0x01, 0x9A, 0xBE, 0xBA, 0xBE, 0x84, 0xBA, 0xC6, 0x00, 0xDA, 0xC6,
    0x81, 0xBA, 0xC6, 0x04, 0xBA, 0xBE, 0xBA, 0xC6, 0xDA, 0xC6, 0xBA, 0xBE, 0x9A, 0xBE, 0x81, 0x7A,
    0xBE, 0x81, 0x7A, 0xB6, 0x02, 0x9A, 0xBE, 0xBA, 0xBE, 0xBA, 0xC6, 0x81, 0x9A, 0xBE, 0x00, 0xBA,
    0xC6, 0x81, 0xBA, 0xBE, 0x82, 0x9A, 0xBE, 0x04, 0x7A, 0xBE, 0x9A, 0xBE, 0xBA, 0xBE, 0xBA, 0xC6,
    0x9A, 0xBE, 0x81, 0x7A, 0xBE, 0x01, 0x9A, 0xBE, 0xBA, 0xBE, 0x84, 0xBA, 0xC6, 0x00, 0xDA, 0xC6,
    0x81, 0xBA, 0xC6, 0x03, 0xBA, 0xBE, 0xBA, 0xC6, 0xDA, 0xC6, 0xBA, 0xC6, 0x81, 0x9A, 0xBE, 0x81,
    0x7A, 0xBE, 0x00, 0x7A, 0xB6, 0x81, 0x9A, 0xBE, 0x00, 0xBA, 0xC6, 0x81, 0x9A, 0xBE, 0x00, 0xBA,
    0xC6, 0x81, 0xBA, 0xBE, 0x82, 0x9A, 0xBE, 0x04, 0x7A, 0xBE, 0x9A, 0xBE, 0xBA, 0xBE, 0xBA, 0xC6,
    0xBA, 0xBE, 0x81, 0x7A, 0xBE, 0x81, 0x9A, 0xBE, 0x85, 0xBA, 0xC6, 0x00, 0xBA, 0xBE, 0x82, 0x9A,
    0xBE, 0x00, 0xBA, 0xBE, 0x83, 0x9A, 0xBE, 0x00, 0xBA, 0xBE, 0x82, 0xBA, 0xC6, 0x81, 0xBA, 0xBE,
    0x82, 0xBA, 0xC6, 0x81, 0xBA, 0xBE, 0x81, 0xDA, 0xC6, 0x01, 0xBA, 0xC6, 0x9A, 0xBE, 0x81, 0x7B,
    0xB6, 0x05, 0x7A, 0xB6, 0x9A, 0xBE, 0xBA, 0xBE, 0xBA, 0xC6, 0xBA, 0xBE, 0x9A, 0xBE, 0x81, 0xBA,
    0xBE, 0x83, 0xBA, 0xC6, 0x83, 0x9A, 0xBE, 0x00, 0xBA, 0xBE, 0x82, 0x9A, 0xBE, 0x00, 0xBA, 0xBE,
    0x82, 0xBA, 0xC6, 0x81, 0xBA, 0xBE, 0x82, 0xBA, 0xC6, 0x81, 0xBA, 0xBE, 0x03, 0xBA, 0xC6, 0xDA,
    0xC6, 0xBA, 0xC6, 0x9A, 0xBE, 0x81, 0x7B, 0xB6, 0x06, 0x7A, 0xB6, 0x9A, 0xBE, 0xBA, 0xBE, 0xBA,
    0xC6, 0xBA, 0xBE, 0x9A, 0xBE, 0xBA, 0xBE, 0x84, 0xBA, 0xC6, 0x83, 0x9A, 0xBE, 0x00, 0xBA, 0xBE,
    0x82, 0x9A, 0xBE, 0x00, 0xBA, 0xBE, 0x83, 0xBA, 0xC6, 0x81, 0xBA, 0xBE, 0x81, 0xBA, 0xC6, 0x81,
    0xBA, 0xBE, 0x04, 0xBA, 0xC6, 0xDA, 0xC6, 0xBA, 0xC6, 0xBA, 0xBE, 0x7A, 0xBE, 0x81, 0x7B, 0xB6,
    0x07, 0x7A, 0xBE, 0x9A, 0xBE, 0xBA, 0xC6, 0xBA, 0xBE, 0x9A, 0xBE, 0xBA, 0xBE, 0xBA, 0xC6, 0xBA,
    0xBE, 0x82, 0xBA, 0xC6, 0x00, 0xBA, 0xBE, 0x82, 0x9A, 0xBE, 0x00, 0xBA, 0xBE, 0x83, 0x9A, 0xBE,
    0x00, 0xBA, 0xBE, 0x84, 0xBA, 0xC6, 0x01, 0xDA, 0xC6, 0xBA, 0xC6, 0x85, 0x9A, 0xBE, 0x81, 0xBA,
    0xBE, 0x81, 0xBA, 0xC6, 0x83, 0xBA, 0xBE, 0x86, 0xBA, 0xC6, 0x01, 0xBA, 0xBE, 0x9A, 0xBE, 0x81,
    0x7B, 0xB6, 0x83, 0x9A, 0xBE, 0x83, 0xBA, 0xBE, 0x81, 0xBA, 0xC6, 0x81, 0xDA, 0xC6, 0x85, 0x9A,
    0xBE, 0x81, 0xBA, 0xBE, 0x81, 0xBA, 0xC6, 0x83, 0xBA, 0xBE, 0x86, 0xBA, 0xC6, 0x01, 0xBA, 0xBE,
    0x9A, 0xBE, 0x81, 0x7B, 0xB6, 0x00, 0x7A, 0xBE, 0x83, 0x9A, 0xBE, 0x82, 0xBA, 0xBE, 0x81, 0xBA,
    0xC6, 0x81, 0xDA, 0xC6, 0x00, 0xBA, 0xBE, 0x84, 0x9A, 0xBE, 0x81, 0xBA, 0xBE, 0x81, 0xBA, 0xC6,
    0x83, 0xBA, 0xBE, 0x86, 0xBA, 0xC6, 0x06, 0xBA, 0xBE, 0x9A, 0xBE, 0x7A, 0xB6, 0x7B, 0xB6, 0x7A,
    0xB6, 0x9A, 0xBE, 0xBA, 0xBE, 0x81, 0x9A, 0xBE, 0x82, 0xBA, 0xBE, 0x82, 0xBA, 0xC6, 0x01, 0xDA,
    0xC6, 0xBA, 0xC6, 0x84, 0x9A, 0xBE, 0x81, 0xBA, 0xBE, 0x82, 0xBA, 0xC6, 0x81, 0xBA, 0xBE, 0x81,
    0xBA, 0xC6, 0x02, 0xDA, 0xC6, 0xBA, 0xBE, 0x9A, 0xBE, 0x81, 0x7A, 0xBE, 0x82, 0x9A, 0xBE, 0x00,
    0xBA, 0xBE, 0x82, 0xBA, 0xC6, 0x82, 0x9A, 0xBE, 0x00, 0xBA, 0xBE, 0x85, 0xBA, 0xC6, 0x02, 0xBA,
    0xBE, 0x9A, 0xBE, 0x7A, 0xBE, 0x81, 0x7B, 0xB6, 0x83, 0x9A, 0xBE, 0x01, 0xBA, 0xBE, 0xBA, 0xC6,
    0x81, 0xBA, 0xBE, 0x81, 0xBA, 0xC6, 0x02, 0xDA, 0xC6, 0xBA, 0xC6, 0x9A, 0xBE, 0x81, 0x7A, 0xBE,
    0x82, 0x9A, 0xBE, 0x00, 0xBA, 0xBE, 0x82, 0xBA, 0xC6, 0x00, 0xBA, 0xBE, 0x81, 0x9A, 0xBE, 0x00,
    0xBA, 0xBE, 0x85, 0xBA, 0xC6, 0x01, 0xBA, 0xBE, 0x9A, 0xBE, 0x81, 0x7A, 0xBE, 0x01, 0x7B, 0xB6,
    0x7A, 0xBE, 0x82, 0x9A, 0xBE, 0x01, 0xBA, 0xBE, 0xBA, 0xC6, 0x81, 0xBA, 0xBE, 0x81, 0xBA, 0xC6,
    0x02, 0xDA, 0xC6, 0xBA, 0xC6, 0x9A, 0xBE, 0x81, 0x7A, 0xBE, 0x82, 0x9A, 0xBE, 0x00, 0xBA, 0xBE,
    0x83, 0xBA, 0xC6, 0x82, 0x9A, 0xBE, 0x85, 0xBA, 0xC6, 0x01, 0xBA, 0xBE, 0x9A, 0xBE, 0x81, 0x7A,
    0xBE, 0x01, 0x7B, 0xB6, 0x7A, 0xB6, 0x83, 0x9A, 0xBE, 0x81, 0xBA, 0xC6, 0x81, 0xBA, 0xBE, 0x82,
    0xBA, 0xC6, 0x02, 0xBA, 0xBE, 0x9A, 0xBE, 0x7A, 0xBE, 0x83, 0x9A, 0xBE, 0x00, 0xBA, 0xBE, 0x82,
    0xBA, 0xC6, 0x81, 0x9A, 0xBE, 0x82, 0xBA, 0xBE, 0x89, 0x9A, 0xBE, 0x00, 0xBA, 0xC6, 0x81, 0x9A,
    0xBE, 0x85, 0xBA, 0xBE, 0x87, 0x9A, 0xBE, 0x00, 0xBA, 0xBE, 0x81, 0x9A, 0xBE, 0x86, 0xBA, 0xBE,
    0x89, 0x9A, 0xBE, 0x00, 0xBA, 0xC6, 0x82, 0x9A, 0xBE, 0x84, 0xBA, 0xBE, 0x87, 0x9A, 0xBE, 0x00,
    0xBA, 0xBE, 0x81, 0x9A, 0xBE, 0x87, 0xBA, 0xBE, 0x88, 0x9A, 0xBE, 0x81, 0xBA, 0xBE, 0x81, 0x9A,
    0xBE, 0x84, 0xBA, 0xBE, 0x88, 0x9A, 0xBE, 0x00, 0xBA, 0xBE, 0x81, 0x9A, 0xBE, 0x86, 0xBA, 0xBE,
    0x88, 0x9A, 0xBE, 0x01, 0xBA, 0xBE, 0xBA, 0xC6, 0x85, 0x9A, 0xBE, 0x82, 0xBA, 0xBE, 0x04, 0x9A,
    0xBE, 0xBA, 0xBE, 0xBA, 0xC6, 0xBA, 0xBE, 0x9A, 0xBE, 0x82, 0xBA, 0xBE, 0x81, 0xBA, 0xC6, 0x00,
    0xBA, 0xBE, 0x83, 0x9A, 0xBE, 0x81, 0x7A, 0xBE, 0x00, 0x9A, 0xBE, 0x81, 0xBA, 0xBE, 0x81, 0x9A,
    0xBE, 0x81, 0xBA, 0xBE, 0x81, 0x9A, 0xBE, 0x81, 0xBA, 0xBE, 0x81, 0xBA, 0xC6, 0x84, 0x9A, 0xBE,
    0x81, 0xBA, 0xBE, 0x02, 0x9A, 0xBE, 0xBA, 0xBE, 0xBA, 0xC6, 0x81, 0xBA, 0xBE, 0x00, 0x9A, 0xBE,
    0x81, 0xBA, 0xBE, 0x82, 0xBA, 0xC6, 0x83, 0x9A, 0xBE, 0x01, 0x7A, 0xBE, 0x7A, 0xB6, 0x81, 0x9A,
    0xBE, 0x00, 0xBA, 0xBE, 0x81, 0x9A, 0xBE, 0x01, 0xBA, 0xBE, 0xBA, 0xC6, 0x81, 0x9A, 0xBE, 0x81,
    0xBA, 0xBE, 0x81, 0xBA, 0xC6, 0x84, 0x9A, 0xBE, 0x82, 0xBA, 0xBE, 0x01, 0x9A, 0xBE, 0xBA, 0xC6,
    0x81, 0xBA, 0xBE, 0x00, 0x9A, 0xBE, 0x82, 0xBA, 0xBE, 0x81, 0xBA, 0xC6, 0x00, 0xBA, 0xBE, 0x83,
    0x9A, 0xBE, 0x81, 0x7A, 0xBE, 0x00, 0x9A, 0xBE, 0x81, 0xBA, 0xBE, 0x81, 0x9A, 0xBE, 0x00, 0xBA,
    0xC6, 0x81, 0x9A, 0xBE, 0x81, 0xBA, 0xBE, 0x81, 0xBA, 0xC6, 0x00, 0xBA, 0xBE, 0x83, 0x9A, 0xBE,
    0x82, 0xBA, 0xBE, 0x00, 0x9A, 0xBE, 0x81, 0xBA, 0xC6, 0x01, 0xBA, 0xBE, 0x9A, 0xBE, 0x82, 0xBA,
    0xBE, 0x02, 0xBA, 0xC6, 0x7A, 0xBE, 0x7A, 0xB6, 0x8A, 0x9A, 0xBE, 0x83, 0xBA, 0xC6, 0x00, 0xBA,
    0xBE, 0x83, 0x9A, 0xBE, 0x81, 0x7A, 0xBE, 0x81, 0x9A, 0xBE, 0x81, 0xBA, 0xBE, 0x01, 0x9A, 0xBE,
    0xBA, 0xC6, 0x81, 0x9A, 0xBE, 0x82, 0xBA, 0xBE, 0x04, 0xBA, 0xC6, 0xBA, 0xBE, 0x9A, 0xBE, 0x7A,
    0xB6, 0x7A, 0xBE, 0x88, 0x9A, 0xBE, 0x00, 0xBA, 0xBE, 0x83, 0xBA, 0xC6, 0x00, 0xBA, 0xBE, 0x83,
    0x9A, 0xBE, 0x82, 0x7A, 0xBE, 0x00, 0x9A, 0xBE, 0x84, 0xBA, 0xBE, 0x00, 0x9A, 0xBE, 0x82, 0xBA,
    0xBE, 0x81, 0xBA, 0xC6, 0x00, 0x9A, 0xBE, 0x81, 0x7A, 0xBE, 0x88, 0x9A, 0xBE, 0x81, 0xBA, 0xBE,
    0x82, 0xBA, 0xC6, 0x00, 0xBA, 0xBE, 0x83, 0x9A, 0xBE, 0x82, 0x7A, 0xBE, 0x00, 0x9A, 0xBE, 0x83,
    0xBA, 0xBE, 0x00, 0xBA, 0xC6, 0x81, 0x9A, 0xBE, 0x81, 0xBA, 0xBE, 0x81, 0xBA, 0xC6, 0x00, 0x9A,
    0xBE, 0x81, 0x7A, 0xBE, 0x89, 0x9A, 0xBE, 0x00, 0xBA, 0xBE, 0x82, 0xBA, 0xC6, 0x82, 0x9A, 0xBE,
    0x00, 0x7A, 0xBE, 0x83, 0x9A, 0xBE, 0x82, 0xBA, 0xBE, 0x81, 0xBA, 0xC6, 0x82, 0xBA, 0xBE, 0x89,
    0x9A, 0xBE, 0x83, 0xBA, 0xBE, 0x02, 0x9A, 0xBE, 0xBA, 0xBE, 0xBA, 0xC6, 0x81, 0x9A, 0xBE, 0x00,
    0xBA, 0xBE, 0x83, 0x9A, 0xBE, 0x00, 0x7A, 0xBE, 0x83, 0x9A, 0xBE, 0x82, 0xBA, 0xBE, 0x81, 0xBA,
    0xC6, 0x82, 0xBA, 0xBE, 0x89, 0x9A, 0xBE, 0x01, 0xBA, 0xBE, 0xBA, 0xC6, 0x82, 0xBA, 0xBE, 0x01,
    0x9A, 0xBE, 0xBA, 0xC6, 0x81, 0x9A, 0xBE, 0x81, 0xBA, 0xBE, 0x87, 0x9A, 0xBE, 0x82, 0xBA, 0xBE,
    0x81, 0xBA, 0xC6, 0x83, 0xBA, 0xBE, 0x89, 0x9A, 0xBE, 0x00, 0xBA, 0xC6, 0x82, 0xBA, 0xBE, 0x03,
    0x9A, 0xBE, 0xBA, 0xC6, 0xBA, 0xBE, 0x9A, 0xBE, 0x81, 0xBA, 0xBE, 0x83, 0x9A, 0xBE, 0x00, 0x7A,
    0xBE, 0x82, 0x9A, 0xBE, 0x82, 0xBA, 0xBE, 0x82, 0xBA, 0xC6, 0x82, 0xBA, 0xBE, 0x84, 0x9A, 0xBE,
    0x00, 0xBA, 0xBE, 0x81, 0x9A, 0xBE, 0x82, 0xBA, 0xC6, 0x82, 0xBA, 0xBE, 0x84, 0x9A, 0xBE, 0x01,
    0xBA, 0xBE, 0x9A, 0xBE, 0x81, 0xBA, 0xBE, 0x82, 0x9A, 0xBE, 0x07, 0xBA, 0xBE, 0x9A, 0xBE, 0xBA,
    0xBE, 0xBA, 0xC6, 0xBA, 0xBE, 0x9A, 0xBE, 0xBA, 0xBE, 0x9A, 0xBE, 0x81, 0xBA, 0xBE, 0x85, 0x9A,
    0xBE, 0x00, 0xBA, 0xBE, 0x81, 0x9A, 0xBE, 0x84, 0xBA, 0xC6, 0x00, 0xBA, 0xBE, 0x84, 0x9A, 0xBE,
    0x01, 0xBA, 0xBE, 0x9A, 0xBE, 0x81, 0xBA, 0xBE, 0x82, 0x9A, 0xBE, 0x03, 0xBA, 0xBE, 0x9A, 0xBE,
    0xBA, 0xBE, 0xBA, 0xC6, 0x81, 0xBA, 0xBE, 0x00, 0x9A, 0xBE, 0x82, 0xBA, 0xBE, 0x88, 0x9A, 0xBE,
    0x00, 0xBA, 0xBE, 0x83, 0xBA, 0xC6, 0x00, 0xBA, 0xBE, 0x84, 0x9A, 0xBE, 0x81, 0xBA, 0xBE, 0x00,
    0x9A, 0xBE, 0x81, 0xBA, 0xBE, 0x81, 0x9A, 0xBE, 0x81, 0xBA, 0xBE, 0x00, 0x9A, 0xBE, 0x82, 0xBA,
    0xBE, 0x03, 0x9A, 0xBE, 0xBA, 0xBE, 0x9A, 0xBE, 0xBA, 0xBE, 0x86, 0x9A, 0xBE, 0x02, 0xBA, 0xBE,
    0x9A, 0xBE, 0xBA, 0xBE, 0x82, 0xBA, 0xC6, 0x81, 0xBA, 0xBE, 0x83, 0x9A, 0xBE, 0x81, 0xBA, 0xBE,
    0x00, 0x9A, 0xBE, 0x81, 0xBA, 0xBE, 0x01, 0x9A, 0xBE, 0xBA, 0xBE, 0x81, 0xBA, 0xC6, 0x82, 0xBA,
    0xBE, 0x81, 0x9A, 0xBE, 0x00, 0x7A, 0xBE, 0x81, 0x9A, 0xBE, 0x00, 0xBA, 0xBE, 0x83, 0xBA, 0xC6,
    0x05, 0xBA, 0xBE, 0x9A, 0xBE, 0xBA, 0xBE, 0xBA, 0xC6, 0x9A, 0xBE, 0xBA, 0xBE, 0x83, 0xBA, 0xC6,
    0x81, 0xBA, 0xBE, 0x82, 0x9A, 0xBE, 0x81, 0xBA, 0xBE, 0x81, 0x9A, 0xBE, 0x02, 0xBA, 0xBE, 0x9A,
    0xBE, 0xBA, 0xBE, 0x81, 0xBA, 0xC6, 0x82, 0xBA, 0xBE, 0x81, 0x9A, 0xBE, 0x00, 0x7A, 0xBE, 0x82,
    0x9A, 0xBE, 0x84, 0xBA, 0xC6, 0x04, 0x9A, 0xBE, 0xBA, 0xBE, 0xBA, 0xC6, 0xBA, 0xBE, 0x9A, 0xBE,
    0x83, 0xBA, 0xC6, 0x81, 0xBA, 0xBE, 0x82, 0x9A, 0xBE, 0x81, 0xBA, 0xBE, 0x81, 0x9A, 0xBE, 0x81,
    0xBA, 0xBE, 0x00, 0x9A, 0xBE, 0x81, 0xBA, 0xC6, 0x82, 0xBA, 0xBE, 0x81, 0x9A, 0xBE, 0x00, 0x7A,
    0xBE, 0x82, 0x9A, 0xBE, 0x84, 0xBA, 0xC6, 0x05, 0x9A, 0xBE, 0xBA, 0xBE, 0xBA, 0xC6, 0xBA, 0xBE,
    0x9A, 0xBE, 0xBA, 0xBE, 0x82, 0xBA, 0xC6, 0x81, 0xBA, 0xBE, 0x83, 0x9A, 0xBE, 0x00, 0xBA, 0xBE,
    0x81, 0x9A, 0xBE, 0x81, 0xBA, 0xBE, 0x02, 0x9A, 0xBE, 0xBA, 0xBE, 0xBA, 0xC6, 0x83, 0xBA, 0xBE,
    0x81, 0x9A, 0xBE, 0x00, 0x7A, 0xBE,
};
