// Generated from: titlescreen.png by tools/png2rle565.py
// Format: RGB565_LE, run length encoded, draw with pushImageRLE()
// Original size: 128x128 = 32768 bytes, encoded: 17188 bytes

const uint16_t default_titlescreen_width = 128;
const uint16_t default_titlescreen_height = 128;

const uint8_t default_titlescreen_rle[] PLATFORM_PROGMEM = {
    0x02, 0x7A, 0xBE, 0xBA, 0xC6, 0xDA, 0xC6, 0x82, 0xBA, 0xC6, 0x81, 0xBA, 0xBE, 0x81, 0xBA, 0xC6,
    0x81, 0xDA, 0xC6, 0x83, 0xBA, 0xC6, 0x81, 0xDA, 0xC6, 0x01, 0xBA, 0xC6, 0xDA, 0xC6, 0x82, 0xBA,
    0xC6, 0x0A, 0xBA, 0xBE, 0x9A, 0xBE, 0x7A, 0xBE, 0xBA, 0xBE, 0xBA, 0xC6, 0x9A, 0xBE, 0x7B, 0xB6,
    0x9A, 0xBE, 0xBA, 0xC6, 0xBA, 0xBE, 0x9A, 0xBE, 0x81, 0x7A, 0xBE, 0x81, 0x7B, 0xB6, 0x00, 0xBA,
    0xBE, 0x81, 0xDA, 0xC6, 0x81, 0xBA, 0xC6, 0x82, 0xBA, 0xBE, 0x81, 0xBA, 0xC6, 0x00, 0xDA, 0xC6,
    0x83, 0xBA, 0xC6, 0x82, 0xDA, 0xC6, 0x84, 0xBA, 0xC6, 0x06, 0x9A, 0xBE, 0x7A, 0xBE, 0x9A, 0xBE,
    0xBA, 0xC6, 0x9A, 0xBE, 0x7B, 0xB6, 0x9A, 0xBE, 0x81, 0xBA, 0xC6, 0x00, 0x9A, 0xBE, 0x81, 0x7A,
    0xBE, 0x81, 0x7B, 0xB6, 0x00, 0x9A, 0xBE, 0x81, 0xDA, 0xC6, 0x81, 0xBA, 0xC6, 0x82, 0xBA, 0xBE,
    0x81, 0xBA, 0xC6, 0x81, 0xDA, 0xC6, 0x82, 0xBA, 0xC6, 0x82, 0xDA, 0xC6, 0x84, 0xBA, 0xC6, 0x04,
    0x9A, 0xBE, 0x7A, 0xBE, 0x9A, 0xBE, 0xBA, 0xC6, 0x9A, 0xBE, 0x81, 0x7A, 0xBE, 0x02, 0xBA, 0xBE,
    0xBA, 0xC6, 0x9A, 0xBE, 0x81, 0x7A, 0xBE, 0x04, 0x7A, 0xB6, 0x5B, 0xB6, 0x9A, 0xBE, 0xBA, 0xC6,
    0xDA, 0xC6, 0x82, 0xBA, 0xC6, 0x81, 0xBA, 0xBE, 0x81, 0xBA, 0xC6, 0x81, 0xDA, 0xC6, 0x83, 0xBA,
    0xC6, 0x01, 0x9A, 0xBE, 0xBA, 0xC6, 0x81, 0xDA, 0xC6, 0x81, 0xBA, 0xC6, 0x81, 0x9A, 0xBE, 0x81,
    0xBA, 0xC6, 0x81, 0xDA, 0xC6, 0x01, 0xBA, 0xC6, 0xBA, 0xBE, 0x81, 0xBA, 0xC6, 0x04, 0xDA, 0xC6,
    0xBA, 0xC6, 0x9A, 0xBE, 0xBA, 0xC6, 0xDA, 0xC6, 0x82, 0xBA, 0xC6, 0x82, 0x9A, 0xBE, 0x81, 0xBA,
    0xBE, 0x01, 0x9A, 0xBE, 0xBA, 0xBE, 0x81, 0x9A, 0xBE, 0x81, 0x7B, 0xB6, 0x03, 0x7A, 0xB6, 0x7A,
    0xBE, 0x9A, 0xBE, 0xBA, 0xC6, 0x81, 0xDA, 0xC6, 0x00, 0xBA, 0xC6, 0x81, 0xBA, 0xBE, 0x00, 0x9A,
    0xBE, 0x81, 0xBA, 0xBE, 0x82, 0xDA, 0xC6, 0x02, 0xBA, 0xC6, 0xBA, 0xBE, 0xBA, 0xC6, 0x81, 0xDA,
    0xC6, 0x01, 0x9A, 0xBE, 0xBA, 0xBE, 0x83, 0xBA, 0xC6, 0x82, 0x9A, 0xBE, 0x81, 0xBA, 0xBE, 0x00,
    0x9A, 0xBE, 0x81, 0xBA, 0xBE, 0x01, 0x9A, 0xBE, 0x7A, 0xBE, 0x81, 0x7B, 0xB6, 0x02, 0x7A, 0xBE,
    0x9A, 0xBE, 0xBA, 0xBE, 0x81, 0xDA, 0xC6, 0x81, 0xBA, 0xC6, 0x03, 0xBA, 0xBE, 0x9A, 0xBE, 0xBA,
    0xBE, 0xBA, 0xC6, 0x82, 0xDA, 0xC6, 0x01, 0xBA, 0xC6, 0xBA, 0xBE, 0x81, 0xBA, 0xC6, 0x00, 0xDA,
    0xC6, 0x81, 0xBA, 0xBE, 0x01, 0xBA, 0xC6, 0xDA, 0xC6, 0x81, 0xBA, 0xC6, 0x00, 0xBA, 0xBE, 0x81,
    0x9A, 0xBE, 0x81, 0xBA, 0xBE, 0x00, 0x9A, 0xBE, 0x81, 0xBA, 0xBE, 0x01, 0x9A, 0xBE, 0x7A, 0xBE,
    0x81, 0x7B, 0xB6, 0x00, 0x7A, 0xBE, 0x81, 0x9A, 0xBE, 0x00, 0xBA, 0xC6, 0x81, 0xDA, 0xC6, 0x81,
    0xBA, 0xC6, 0x81, 0x9A, 0xBE, 0x81, 0xBA, 0xC6, 0x81, 0xDA, 0xC6, 0x01, 0xBA, 0xC6, 0xBA, 0xBE,
    0x83, 0xBA, 0xC6, 0x81, 0xDA, 0xC6, 0x00, 0xBA, 0xC6, 0x83, 0xBA, 0xBE, 0x81, 0x9A, 0xBE, 0x00,
    0xBA, 0xBE, 0x81, 0xBA, 0xC6, 0x00, 0xBA, 0xBE, 0x82, 0xBA, 0xC6, 0x01, 0x9A, 0xBE, 0xBA, 0xBE,
    0x81, 0xDA, 0xC6, 0x81, 0xBA, 0xC6, 0x83, 0xBA, 0xBE, 0x02, 0xBA, 0xC6, 0xBA, 0xBE, 0x9A, 0xBE,
    0x81, 0x7A, 0xBE, 0x81, 0x5B, 0xB6, 0x02, 0x7B, 0xB6, 0x9A, 0xBE, 0xBA, 0xBE, 0x81, 0xBA, 0xC6,
    0x01, 0xDA, 0xC6, 0xBA, 0xC6, 0x83, 0xBA, 0xBE, 0x82, 0x9A, 0xBE, 0x81, 0xBA, 0xC6, 0x81, 0xBA,
    0xBE, 0x81, 0xBA, 0xC6, 0x81, 0x9A, 0xBE, 0x82, 0xDA, 0xC6, 0x00, 0xBA, 0xC6, 0x83, 0xBA, 0xBE,
    0x81, 0xBA, 0xC6, 0x81, 0x9A, 0xBE, 0x05, 0x7A, 0xBE, 0x7B, 0xB6, 0x5B, 0xB6, 0x7B, 0xB6, 0x9A,
    0xBE, 0xBA, 0xBE, 0x81, 0xBA, 0xC6, 0x01, 0xDA, 0xC6, 0xBA, 0xC6, 0x82, 0xBA, 0xBE, 0x83, 0x9A,
    0xBE, 0x81, 0xBA, 0xC6, 0x81, 0xBA, 0xBE, 0x01, 0xBA, 0xC6, 0xDA, 0xC6, 0x81, 0x9A, 0xBE, 0x00,
    0xBA, 0xC6, 0x81, 0xDA, 0xC6, 0x00, 0xBA, 0xC6, 0x83, 0xBA, 0xBE, 0x81, 0xBA, 0xC6, 0x81, 0x9A,
    0xBE, 0x01, 0x7A, 0xBE, 0x7A, 0xB6, 0x81, 0x5B, 0xB6, 0x81, 0x9A, 0xBE, 0x81, 0xBA, 0xC6, 0x81,
    0xDA, 0xC6, 0x00, 0xBA, 0xC6, 0x81, 0xBA, 0xBE, 0x01, 0x9A, 0xBE, 0xBA, 0xBE, 0x81, 0x9A, 0xBE,
    0x82, 0xBA, 0xC6, 0x01, 0xBA, 0xBE, 0xBA, 0xC6, 0x81, 0xBA, 0xBE, 0x81, 0xBA, 0xC6, 0x81, 0xBA,
    0xBE, 0x82, 0xBA, 0xC6, 0x02, 0x7A, 0xB6, 0x7B, 0xB6, 0x9A, 0xBE, 0x81, 0xBA, 0xC6, 0x81, 0xBA,
    0xBE, 0x03, 0xBA, 0xC6, 0xBA, 0xBE, 0x9A, 0xBE, 0xBA, 0xC6, 0x81, 0xDA, 0xC6, 0x81, 0xBA, 0xC6,
    0x00, 0xBA, 0xBE, 0x83, 0xBA, 0xC6, 0x07, 0x9A, 0xBE, 0x7A, 0xBE, 0x7A, 0xB6, 0x7A, 0xBE, 0x7A,
    0xB6, 0x5B, 0xB6, 0x7A, 0xBE, 0x9A, 0xBE, 0x81, 0xBA, 0xBE, 0x82, 0xBA, 0xC6, 0x00, 0xBA, 0xBE,
    0x81, 0xBA, 0xC6, 0x04, 0xDA, 0xC6, 0x7A, 0xBE, 0x7B, 0xB6, 0x7A, 0xBE, 0xBA, 0xBE, 0x81, 0xBA,
    0xC6, 0x00, 0x9A, 0xBE, 0x81, 0xBA, 0xC6, 0x01, 0x9A, 0xBE, 0xBA, 0xC6, 0x82, 0xDA, 0xC6, 0x01,
    0xBA, 0xC6, 0xBA, 0xBE, 0x83, 0xBA, 0xC6, 0x81, 0x9A, 0xBE, 0x00, 0x7A, 0xB6, 0x81, 0x7A, 0xBE,
    0x02, 0x5B, 0xB6, 0x7A, 0xB6, 0x9A, 0xBE, 0x81, 0xBA, 0xBE, 0x82, 0xBA, 0xC6, 0x81, 0xBA, 0xBE,
    0x05, 0xBA, 0xC6, 0xDA, 0xC6, 0x9A, 0xBE, 0x7B, 0xB6, 0x7A, 0xBE, 0xBA, 0xBE, 0x81, 0xBA, 0xC6,
    0x04, 0x9A, 0xBE, 0xBA, 0xBE, 0xBA, 0xC6, 0x9A, 0xBE, 0xBA, 0xBE, 0x82, 0xDA, 0xC6, 0x01, 0xBA,
    0xC6, 0xBA, 0xBE, 0x83, 0xBA, 0xC6, 0x07, 0xBA, 0xBE, 0x9A, 0xBE, 0x7A, 0xBE, 0x7A, 0xB6, 0x7A,
    0xBE, 0x5B, 0xB6, 0x7B, 0xB6, 0x9A, 0xBE, 0x82, 0xBA, 0xBE, 0x81, 0xBA, 0xC6, 0x81, 0xBA, 0xBE,
    0x02, 0xBA, 0xC6, 0xDA, 0xC6, 0xBA, 0xBE, 0x81, 0x7B, 0xB6, 0x00, 0x9A, 0xBE, 0x81, 0xBA, 0xC6,
    0x01, 0x9A, 0xBE, 0xBA, 0xBE, 0x81, 0x9A, 0xBE, 0x01, 0xBA, 0xBE, 0xBA, 0xC6, 0x81, 0x9A, 0xBE,
    0x81, 0xBA, 0xC6, 0x03, 0x9A, 0xBE, 0x7A, 0xB6, 0x7B, 0xB6, 0x9A, 0xBE, 0x82, 0xBA, 0xC6, 0x00,
    0xBA, 0xBE, 0x81, 0xBA, 0xC6, 0x01, 0xBA, 0xBE, 0xBA, 0xC6, 0x82, 0xDA, 0xC6, 0x01, 0xBA, 0xC6,
    0x9A, 0xBE, 0x81, 0xBA, 0xBE, 0x81, 0xBA, 0xC6, 0x83, 0x9A, 0xBE, 0x03, 0x7A, 0xBE, 0x7A, 0xB6,
    0x9A, 0xBE, 0xBA, 0xBE, 0x82, 0x9A, 0xBE, 0x08, 0xBA, 0xC6, 0xBA, 0xBE, 0x9A, 0xBE, 0xBA, 0xBE,
    0xBA, 0xC6, 0xBA, 0xBE, 0x7A, 0xBE, 0x7B, 0xB6, 0x9A, 0xBE, 0x82, 0xBA, 0xC6, 0x83, 0xBA, 0xBE,
    0x00, 0xBA, 0xC6, 0x82, 0xDA, 0xC6, 0x00, 0xBA, 0xC6, 0x81, 0xBA, 0xBE, 0x82, 0xBA, 0xC6, 0x84,
    0x9A, 0xBE, 0x01, 0x7A, 0xB6, 0x7A, 0xBE, 0x83, 0x9A, 0xBE, 0x81, 0xBA, 0xC6, 0x81, 0x9A, 0xBE,
    0x81, 0xBA, 0xC6, 0x02, 0x9A, 0xBE, 0x7B, 0xB6, 0x7A, 0xBE, 0x82, 0xBA, 0xC6, 0x81, 0xBA, 0xBE,
    0x02, 0xBA, 0xC6, 0xBA, 0xBE, 0xBA, 0xC6, 0x82, 0xDA, 0xC6, 0x81, 0xBA, 0xC6, 0x03, 0xBA, 0xBE,
    0xBA, 0xC6, 0xBA, 0xBE, 0xBA, 0xC6, 0x84, 0x9A, 0xBE, 0x81, 0x7A, 0xBE, 0x01, 0x9A, 0xBE, 0xBA,
    0xBE, 0x81, 0x9A, 0xBE, 0x01, 0xBA, 0xBE, 0xBA, 0xC6, 0x81, 0x9A, 0xBE, 0x81, 0xBA, 0xC6, 0x03,
    0x9A, 0xBE, 0x7B, 0xB6, 0x7A, 0xB6, 0x9A, 0xBE, 0x82, 0xBA, 0xC6, 0x02, 0xBA, 0xBE, 0x9A, 0xBE,
    0xBA, 0xBE, 0x81, 0x9A, 0xBE, 0x07, 0x7A, 0xBE, 0x9A, 0xBE, 0xBA, 0xBE, 0xBA, 0xC6, 0xBA, 0xBE,
    0x7A, 0xBE, 0x7A, 0xB6, 0x9A, 0xBE, 0x86, 0xBA, 0xC6, 0x00, 0xDA, 0xC6, 0x82, 0xBA, 0xC6, 0x00,
    0x34, 0x8D, 0x82, 0xF4, 0x8C, 0x00, 0x59, 0xB6, 0x87, 0x9A, 0xBE, 0x01, 0xBA, 0xBE, 0x9A, 0xBE,
    0x82, 0xBA, 0xBE, 0x02, 0x9A, 0xBE, 0x7A, 0xBE, 0x9A, 0xBE, 0x81, 0xBA, 0xC6, 0x03, 0x9A, 0xBE,
    0x7A, 0xB6, 0x9A, 0xBE, 0xBA, 0xBE, 0x82, 0xBA, 0xC6, 0x01, 0xF7, 0xAD, 0xF3, 0x8C, 0x81, 0x13,
    0x8D, 0x00, 0x54, 0x95, 0x82, 0xBA, 0xC6, 0x00, 0xBA, 0xBE, 0x89, 0x9A, 0xBE, 0x08, 0x7A, 0xBE,
    0x14, 0x8D, 0xF3, 0x8C, 0xF4, 0x8C, 0x13, 0x8D, 0x59, 0xB6, 0x9A, 0xBE, 0x7A, 0xBE, 0x9A, 0xBE,
    0x81, 0xBA, 0xC6, 0x00, 0x9A, 0xBE, 0x81, 0x7A, 0xBE, 0x00, 0x9A, 0xBE, 0x85, 0xBA, 0xC6, 0x81,
    0xDA, 0xC6, 0x83, 0xBA, 0xC6, 0x01, 0x9A, 0xBE, 0x39, 0xB6, 0x83, 0xF4, 0x8C, 0x00, 0x7A, 0xB6,
    0x83, 0x9A, 0xBE, 0x81, 0xBA, 0xBE, 0x01, 0x9A, 0xBE, 0xBA, 0xC6, 0x81, 0x9A, 0xBE, 0x01, 0x7A,
    0xBE, 0x9A, 0xBE, 0x81, 0xBA, 0xC6, 0x00, 0xBA, 0xBE, 0x81, 0x7A, 0xBE, 0x00, 0x9A, 0xBE, 0x83,
    0xBA, 0xC6, 0x00, 0xBA, 0xBE, 0x82, 0x9A, 0xBE, 0x00, 0x7A, 0xBE, 0x81, 0x9A, 0xBE, 0x01, 0xBA,
    0xC6, 0xF7, 0xA5, 0x81, 0x56, 0x95, 0x81, 0x55, 0x95, 0x04, 0x75, 0x95, 0x75, 0x9D, 0x96, 0x9D,
    0xD7, 0xA5, 0x99, 0xBE, 0x81, 0xDA, 0xC6, 0x0B, 0xBA, 0xC6, 0xBA, 0xBE, 0x9A, 0xBE, 0x13, 0x8D,
    0x58, 0xB6, 0x38, 0xB6, 0x96, 0x9D, 0x19, 0xAE, 0x7A, 0xBE, 0x7B, 0xB6, 0x7A, 0xBE, 0x9A, 0xBE,
    0x81, 0xBA, 0xBE, 0x03, 0x9A, 0xBE, 0xBA, 0xBE, 0xBA, 0xC6, 0xBA, 0xBE, 0x85, 0x9A, 0xBE, 0x81,
    0xBA, 0xC6, 0x00, 0x9A, 0xBE, 0x81, 0x7A, 0xBE, 0x01, 0x9A, 0xBE, 0xBA, 0xBE, 0x81, 0xBA, 0xC6,
    0x01, 0x95, 0x9D, 0xF7, 0xAD, 0x81, 0x58, 0xB6, 0x06, 0x13, 0x8D, 0xBA, 0xC6, 0xBA, 0xBE, 0xBA,
    0xC6, 0xDA, 0xC6, 0xBA, 0xBE, 0x9A, 0xBE, 0x81, 0x7A, 0xBE, 0x81, 0x7A, 0xB6, 0x0F, 0x9A, 0xBE,
    0xBA, 0xBE, 0xBA, 0xC6, 0x9A, 0xBE, 0x79, 0xB6, 0x14, 0x8D, 0x38, 0xAE, 0x38, 0xB6, 0xB7, 0xA5,
    0x18, 0xAE, 0x9A, 0xBE, 0x7A, 0xBE, 0x9A, 0xBE, 0xBA, 0xBE, 0xBA, 0xC6, 0x9A, 0xBE, 0x81, 0x7A,
    0xBE, 0x01, 0x9A, 0xBE, 0xBA, 0xBE, 0x84, 0xBA, 0xC6, 0x00, 0xDA, 0xC6, 0x81, 0xBA, 0xC6, 0x05,
    0xBA, 0xBE, 0xBA, 0xC6, 0xDA, 0xC6, 0xBA, 0xC6, 0x18, 0xAE, 0xB7, 0x9D, 0x81, 0x19, 0xAE, 0x03,
    0xF5, 0x8C, 0x5A, 0xB6, 0x9A, 0xBE, 0xBA, 0xC6, 0x81, 0x9A, 0xBE, 0x00, 0xBA, 0xC6, 0x81, 0xBA,
    0xBE, 0x82, 0x9A, 0xBE, 0x04, 0x7A, 0xBE, 0x9A, 0xBE, 0xBA, 0xBE, 0xBA, 0xC6, 0xBA, 0xBE, 0x81,
    0x7A, 0xBE, 0x81, 0x9A, 0xBE, 0x81, 0xBA, 0xC6, 0x00, 0x38, 0xB6, 0x82, 0xBA, 0xC6, 0x00, 0xBA,
    0xBE, 0x82, 0x9A, 0xBE, 0x01, 0xBA, 0xBE, 0x14, 0x8D, 0x82, 0xF8, 0xA5, 0x81, 0xF7, 0xAD, 0x04,
    0x17, 0xAE, 0xF7, 0xAD, 0xD7, 0xA5, 0x34, 0x8D, 0xD6, 0xA5, 0x81, 0xBA, 0xC6, 0x02, 0xBA, 0xBE,
    0x9A, 0xBE, 0x13, 0x8D, 0x81, 0x58, 0xB6, 0x08, 0x97, 0x9D, 0xF9, 0xAD, 0x7B, 0xB6, 0x7A, 0xB6,
    0x9A, 0xBE, 0xBA, 0xBE, 0xBA, 0xC6, 0xBA, 0xBE, 0x9A, 0xBE, 0x81, 0xBA, 0xBE, 0x83, 0xBA, 0xC6,
    0x83, 0x9A, 0xBE, 0x00, 0xBA, 0xBE, 0x82, 0x9A, 0xBE, 0x00, 0xBA, 0xBE, 0x82, 0xBA, 0xC6, 0x01,
    0x95, 0x9D, 0xF7, 0xA5, 0x81, 0x58, 0xB6, 0x00, 0x14, 0x8D, 0x81, 0xBA, 0xBE, 0x03, 0xBA, 0xC6,
    0xDA, 0xC6, 0xBA, 0xC6, 0x9A, 0xBE, 0x81, 0x7B, 0xB6, 0x0B, 0x7A, 0xB6, 0x9A, 0xBE, 0xBA, 0xBE,
    0xBA, 0xC6, 0xBA, 0xBE, 0x9A, 0xBE, 0x79, 0xBE, 0x14, 0x8D, 0x59, 0xB6, 0x58, 0xB6, 0xD6, 0xA5,
    0x18, 0xAE, 0x83, 0x9A, 0xBE, 0x00, 0xBA, 0xBE, 0x82, 0x9A, 0xBE, 0x00, 0xBA, 0xBE, 0x83, 0xBA,
    0xC6, 0x81, 0xBA, 0xBE, 0x81, 0xBA, 0xC6, 0x81, 0xBA, 0xBE, 0x04, 0xBA, 0xC6, 0xDA, 0xC6, 0xBA,
    0xC6, 0x18, 0xAE, 0xB7, 0x9D, 0x81, 0x19, 0xAE, 0x07, 0xF4, 0x8C, 0x79, 0xBE, 0xBA, 0xC6, 0xBA,
    0xBE, 0x9A, 0xBE, 0xBA, 0xBE, 0xBA, 0xC6, 0xBA, 0xBE, 0x82, 0xBA, 0xC6, 0x00, 0xBA, 0xBE, 0x82,
    0x9A, 0xBE, 0x00, 0xBA, 0xBE, 0x83, 0x9A, 0xBE, 0x00, 0xBA, 0xBE, 0x81, 0xBA, 0xC6, 0x00, 0x95,
    0x9D, 0x81, 0xBA, 0xC6, 0x01, 0xDA, 0xC6, 0xBA, 0xC6, 0x83, 0x9A, 0xBE, 0x01, 0x14, 0x8D, 0x38,
    0xAE, 0x81, 0x38, 0xB6, 0x01, 0x58, 0xB6, 0x59, 0xB6, 0x83, 0x38, 0xB6, 0x01, 0x34, 0x95, 0x58,
    0xB6, 0x82, 0xBA, 0xC6, 0x05, 0x13, 0x8D, 0x38, 0xB6, 0x38, 0xAE, 0x97, 0x9D, 0xF9, 0xA5, 0x7B,
    0xB6, 0x83, 0x9A, 0xBE, 0x83, 0xBA, 0xBE, 0x81, 0xBA, 0xC6, 0x81, 0xDA, 0xC6, 0x85, 0x9A, 0xBE,
    0x81, 0xBA, 0xBE, 0x81, 0xBA, 0xC6, 0x81, 0xBA, 0xBE, 0x04, 0x75, 0x9D, 0xD7, 0xA5, 0x38, 0xB6,
    0x58, 0xB6, 0x13, 0x8D, 0x83, 0xBA, 0xC6, 0x01, 0xBA, 0xBE, 0x9A, 0xBE, 0x81, 0x7B, 0xB6, 0x00,
    0x7A, 0xBE, 0x83, 0x9A, 0xBE, 0x02, 0xBA, 0xBE, 0x79, 0xBE, 0x34, 0x8D, 0x81, 0x38, 0xB6, 0x02,
    0xD6, 0xA5, 0x37, 0xB6, 0xBA, 0xBE, 0x84, 0x9A, 0xBE, 0x81, 0xBA, 0xBE, 0x81, 0xBA, 0xC6, 0x83,
    0xBA, 0xBE, 0x86, 0xBA, 0xC6, 0x06, 0xBA, 0xBE, 0xF8, 0xAD, 0xB7, 0x9D, 0xF9, 0xA5, 0xF8, 0xA5,
    0xF4, 0x8C, 0x79, 0xBE, 0x81, 0x9A, 0xBE, 0x82, 0xBA, 0xBE, 0x82, 0xBA, 0xC6, 0x01, 0xDA, 0xC6,
    0xBA, 0xC6, 0x84, 0x9A, 0xBE, 0x81, 0xBA, 0xBE, 0x82, 0xBA, 0xC6, 0x01, 0xBA, 0xBE, 0x96, 0x9D,
    0x81, 0xBA, 0xC6, 0x02, 0xDA, 0xC6, 0xBA, 0xBE, 0x9A, 0xBE, 0x81, 0x7A, 0xBE, 0x02, 0x9A, 0xBE,
    0x14, 0x8D, 0x18, 0xAE, 0x81, 0x38, 0xB6, 0x81, 0x58, 0xB6, 0x05, 0x38, 0xAE, 0x18, 0xAE, 0x39,
    0xAE, 0x38, 0xB6, 0xF7, 0xAD, 0x14, 0x8D, 0x81, 0xBA, 0xC6, 0x01, 0xBA, 0xBE, 0x14, 0x8D, 0x81,
    0x18, 0xAE, 0x02, 0x97, 0x9D, 0x19, 0xAE, 0x7B, 0xB6, 0x83, 0x9A, 0xBE, 0x01, 0xBA, 0xBE, 0xBA,
    0xC6, 0x81, 0xBA, 0xBE, 0x81, 0xBA, 0xC6, 0x02, 0xDA, 0xC6, 0xBA, 0xC6, 0x9A, 0xBE, 0x81, 0x7A,
    0xBE, 0x82, 0x9A, 0xBE, 0x00, 0xBA, 0xBE, 0x82, 0xBA, 0xC6, 0x06, 0xBA, 0xBE, 0x9A, 0xBE, 0x76,
    0x9D, 0xD7, 0xA5, 0x38, 0xB6, 0x58, 0xB6, 0x14, 0x8D, 0x82, 0xBA, 0xC6, 0x01, 0xBA, 0xBE, 0x9A,
    0xBE, 0x81, 0x7A, 0xBE, 0x01, 0x7B, 0xB6, 0x7A, 0xBE, 0x82, 0x9A, 0xBE, 0x08, 0xBA, 0xBE, 0xBA,
    0xC6, 0x79, 0xBE, 0x14, 0x8D, 0x18, 0xAE, 0x38, 0xAE, 0xD6, 0xA5, 0x18, 0xAE, 0x9A, 0xBE, 0x81,
    0x7A, 0xBE, 0x82, 0x9A, 0xBE, 0x00, 0xBA, 0xBE, 0x83, 0xBA, 0xC6, 0x82, 0x9A, 0xBE, 0x85, 0xBA,
    0xC6, 0x03, 0xBA, 0xBE, 0x9A, 0xBE, 0xF8, 0xA5, 0x97, 0x9D, 0x81, 0xF8, 0xA5, 0x01, 0xF4, 0x8C,
    0x79, 0xBE, 0x81, 0x9A, 0xBE, 0x81, 0xBA, 0xC6, 0x81, 0xBA, 0xBE, 0x82, 0xBA, 0xC6, 0x02, 0xBA,
    0xBE, 0x9A, 0xBE, 0x7A, 0xBE, 0x83, 0x9A, 0xBE, 0x00, 0xBA, 0xBE, 0x82, 0xBA, 0xC6, 0x01, 0x9A,
    0xBE, 0xD7, 0xA5, 0x82, 0xBA, 0xBE, 0x84, 0x9A, 0xBE, 0x00, 0x14, 0x8D, 0x81, 0x18, 0xAE, 0x04,
    0xF8, 0xAD, 0xF4, 0x8C, 0x34, 0x95, 0x14, 0x8D, 0x76, 0x9D, 0x82, 0x18, 0xAE, 0x04, 0xF3, 0x84,
    0x9A, 0xBE, 0xBA, 0xBE, 0x9A, 0xBE, 0x14, 0x8D, 0x81, 0x18, 0xAE, 0x01, 0xB7, 0x9D, 0x18, 0xAE,
    0x81, 0x9A, 0xBE, 0x00, 0xBA, 0xBE, 0x81, 0x9A, 0xBE, 0x86, 0xBA, 0xBE, 0x89, 0x9A, 0xBE, 0x00,
    0xBA, 0xC6, 0x81, 0x9A, 0xBE, 0x05, 0x76, 0x9D, 0xD7, 0xA5, 0x38, 0xAE, 0x39, 0xB6, 0x14, 0x8D,
    0xBA, 0xBE, 0x87, 0x9A, 0xBE, 0x00, 0xBA, 0xBE, 0x81, 0x9A, 0xBE, 0x81, 0xBA, 0xBE, 0x05, 0x79,
    0xBE, 0x14, 0x8D, 0x18, 0xAE, 0x38, 0xAE, 0xB6, 0xA5, 0x18, 0xAE, 0x88, 0x9A, 0xBE, 0x81, 0xBA,
    0xBE, 0x81, 0x9A, 0xBE, 0x84, 0xBA, 0xBE, 0x83, 0x9A, 0xBE, 0x01, 0xF8, 0xAD, 0xB6, 0x9D, 0x81,
    0x18, 0xAE, 0x01, 0x14, 0x8D, 0x79, 0xBE, 0x81, 0x9A, 0xBE, 0x86, 0xBA, 0xBE, 0x88, 0x9A, 0xBE,
    0x03, 0xBA, 0xBE, 0xBA, 0xC6, 0x9A, 0xBE, 0xF8, 0xA5, 0x83, 0x9A, 0xBE, 0x82, 0xBA, 0xBE, 0x01,
    0x9A, 0xBE, 0x14, 0x8D, 0x81, 0x38, 0xB6, 0x11, 0x18, 0xAE, 0x96, 0x9D, 0xBA, 0xBE, 0x9A, 0xBE,
    0x34, 0x95, 0xF7, 0xAD, 0x38, 0xAE, 0x18, 0xAE, 0xD3, 0x84, 0x7A, 0xBE, 0x9A, 0xBE, 0x7A, 0xB6,
    0x15, 0x8D, 0x39, 0xAE, 0x38, 0xAE, 0xB6, 0xA5, 0x38, 0xAE, 0x9A, 0xBE, 0x81, 0xBA, 0xBE, 0x05,
    0x9A, 0xBE, 0x59, 0xB6, 0xF7, 0xA5, 0xB6, 0xA5, 0x17, 0xAE, 0x79, 0xBE, 0x84, 0x9A, 0xBE, 0x81,
    0xBA, 0xBE, 0x11, 0x9A, 0xBE, 0x79, 0xBE, 0x18, 0xAE, 0xB6, 0xA5, 0xD7, 0xA5, 0x59, 0xB6, 0x9A,
    0xBE, 0xBA, 0xBE, 0xBA, 0xC6, 0x95, 0x9D, 0xF7, 0xAD, 0x38, 0xAE, 0x39, 0xAE, 0x14, 0x8D, 0x9A,
    0xBE, 0x7A, 0xBE, 0x39, 0xAE, 0x97, 0x9D, 0x82, 0xB6, 0xA5, 0x08, 0x9A, 0xBE, 0xBA, 0xBE, 0xBA,
    0xC6, 0x9A, 0xBE, 0x18, 0xAE, 0xB6, 0xA5, 0xF7, 0xA5, 0x58, 0xB6, 0x14, 0x8D, 0x81, 0x18, 0xAE,
    0x04, 0xB7, 0x9D, 0x18, 0xAE, 0x9A, 0xBE, 0xBA, 0xBE, 0x18, 0xAE, 0x82, 0xB6, 0xA5, 0x03, 0x38,
    0xAE, 0xBA, 0xBE, 0x9A, 0xBE, 0xB7, 0xA5, 0x81, 0xB6, 0xA5, 0x00, 0xD6, 0xA5, 0x81, 0xBA, 0xBE,
    0x82, 0x9A, 0xBE, 0x0A, 0x5A, 0xB6, 0xD8, 0xA5, 0x97, 0x9D, 0x18, 0xAE, 0xF7, 0xAD, 0xB7, 0xA5,
    0x18, 0xAE, 0x38, 0xAE, 0x14, 0x8D, 0x7A, 0xB6, 0x9A, 0xBE, 0x81, 0xBA, 0xBE, 0x81, 0xBA, 0xC6,
    0x05, 0x79, 0xB6, 0xD7, 0xA5, 0xB7, 0x9D, 0xF8, 0xA5, 0x79, 0xB6, 0x9A, 0xBE, 0x81, 0xBA, 0xBE,
    0x00, 0x9A, 0xBE, 0x81, 0xBA, 0xC6, 0x01, 0xBA, 0xBE, 0x9A, 0xBE, 0x82, 0xBA, 0xBE, 0x02, 0xF7,
    0xAD, 0x7A, 0xBE, 0x7A, 0xB6, 0x85, 0x9A, 0xBE, 0x04, 0x14, 0x8D, 0x39, 0xAE, 0x38, 0xAE, 0x18,
    0xAE, 0x96, 0x9D, 0x81, 0xBA, 0xC6, 0x04, 0xB6, 0xA5, 0xD6, 0xA5, 0x38, 0xAE, 0x18, 0xAE, 0xF4,
    0x84, 0x81, 0x9A, 0xBE, 0x08, 0x7A, 0xBE, 0x15, 0x8D, 0x39, 0xAE, 0x39, 0xB6, 0xB6, 0xA5, 0x38,
    0xAE, 0x9A, 0xBE, 0xBA, 0xC6, 0x7A, 0xBE, 0x81, 0x55, 0x95, 0x06, 0xD7, 0xA5, 0x18, 0xAE, 0xD7,
    0xA5, 0x34, 0x95, 0x76, 0x9D, 0x7A, 0xB6, 0x7A, 0xBE, 0x82, 0x9A, 0xBE, 0x0B, 0x7A, 0xBE, 0x55,
    0x95, 0x35, 0x95, 0xF8, 0xA5, 0x18, 0xAE, 0xF7, 0xA5, 0x75, 0x95, 0x14, 0x8D, 0x79, 0xBE, 0xBA,
    0xC6, 0x95, 0x9D, 0xF7, 0xAD, 0x81, 0x39, 0xB6, 0x14, 0x14, 0x8D, 0x9A, 0xBE, 0x7A, 0xB6, 0xD4,
    0x84, 0xD8, 0xA5, 0xF8, 0xA5, 0xF7, 0xAD, 0xF3, 0x8C, 0x9A, 0xBE, 0xBA, 0xBE, 0x79, 0xBE, 0x14,
    0x8D, 0xB6, 0xA5, 0x18, 0xAE, 0xB6, 0xA5, 0xF3, 0x8C, 0x34, 0x95, 0x39, 0xAE, 0xF9, 0xAD, 0x97,
    0x9D, 0xF8, 0xAD, 0x81, 0x9A, 0xBE, 0x00, 0x14, 0x8D, 0x81, 0xF8, 0xAD, 0x08, 0xD7, 0xA5, 0x14,
    0x8D, 0x9A, 0xBE, 0x59, 0xB6, 0x55, 0x95, 0x17, 0xAE, 0x18, 0xAE, 0x55, 0x95, 0x59, 0xB6, 0x82,
    0x9A, 0xBE, 0x0B, 0xF8, 0xAD, 0xF4, 0x84, 0xB7, 0x9D, 0xF8, 0xA5, 0x76, 0x9D, 0xD3, 0x84, 0xD7,
    0xA5, 0x38, 0xB6, 0x38, 0xAE, 0x14, 0x8D, 0x5A, 0xB6, 0x9A, 0xBE, 0x81, 0xBA, 0xBE, 0x07, 0x79,
    0xBE, 0x13, 0x8D, 0x55, 0x95, 0xD8, 0xA5, 0xF8, 0xA5, 0xB7, 0xA5, 0x14, 0x8D, 0x55, 0x95, 0x86,
    0x9A, 0xBE, 0x00, 0xBA, 0xBE, 0x81, 0xBA, 0xC6, 0x00, 0xF7, 0xAD, 0x82, 0x9A, 0xBE, 0x00, 0x7A,
    0xBE, 0x82, 0x9A, 0xBE, 0x0C, 0xBA, 0xBE, 0x14, 0x8D, 0x59, 0xB6, 0x58, 0xB6, 0x18, 0xAE, 0x96,
    0x9D, 0x9A, 0xBE, 0x79, 0xBE, 0x14, 0x8D, 0x18, 0xAE, 0x38, 0xAE, 0xD7, 0xA5, 0x76, 0x9D, 0x81,
    0x9A, 0xBE, 0x01, 0x7A, 0xBE, 0x14, 0x8D, 0x81, 0x39, 0xB6, 0x0E, 0xB6, 0xA5, 0x38, 0xB6, 0xBA,
    0xBE, 0x9A, 0xBE, 0x14, 0x8D, 0xF7, 0xA5, 0x58, 0xB6, 0x39, 0xB6, 0x39, 0xAE, 0x38, 0xAE, 0x38,
    0xB6, 0x97, 0x9D, 0x55, 0x95, 0x9A, 0xBE, 0x7A, 0xBE, 0x81, 0x9A, 0xBE, 0x02, 0x14, 0x8D, 0xD7,
    0xA5, 0x38, 0xB6, 0x81, 0x59, 0xB6, 0x81, 0x38, 0xB6, 0x81, 0xD7, 0xA5, 0x02, 0xBA, 0xBE, 0x76,
    0x9D, 0xF8, 0xAD, 0x81, 0x39, 0xB6, 0x03, 0x14, 0x8D, 0x9A, 0xBE, 0xD7, 0xA5, 0x96, 0x9D, 0x81,
    0x39, 0xAE, 0x07, 0x96, 0x9D, 0xF7, 0xAD, 0xBA, 0xBE, 0x99, 0xBE, 0xF3, 0x8C, 0x18, 0xAE, 0x58,
    0xB6, 0x38, 0xAE, 0x81, 0x18, 0xAE, 0x04, 0x38, 0xAE, 0x39, 0xAE, 0x19, 0xAE, 0xB7, 0x9D, 0xF8,
    0xAD, 0x81, 0x9A, 0xBE, 0x07, 0x34, 0x8D, 0x18, 0xAE, 0x38, 0xB6, 0x18, 0xAE, 0x14, 0x8D, 0xBA,
    0xC6, 0x59, 0xB6, 0x75, 0x9D, 0x81, 0x58, 0xB6, 0x01, 0x75, 0x95, 0x59, 0xB6, 0x81, 0x9A, 0xBE,
    0x06, 0x59, 0xB6, 0x14, 0x8D, 0x18, 0xAE, 0x19, 0xAE, 0x18, 0xAE, 0xF8, 0xAD, 0x18, 0xAE, 0x82,
    0x38, 0xB6, 0x0E, 0x14, 0x8D, 0x7A, 0xB6, 0xBA, 0xC6, 0xBA, 0xBE, 0x59, 0xB6, 0xF3, 0x84, 0xF7,
    0xAD, 0x39, 0xAE, 0x39, 0xB6, 0x19, 0xAE, 0x18, 0xAE, 0x19, 0xAE, 0x96, 0x9D, 0x76, 0x9D, 0x9A,
    0xBE, 0x82, 0xBA, 0xBE, 0x82, 0xBA, 0xC6, 0x81, 0xBA, 0xBE, 0x00, 0x18, 0xAE, 0x84, 0x9A, 0xBE,
    0x1D, 0xBA, 0xBE, 0x9A, 0xBE, 0xBA, 0xBE, 0x34, 0x8D, 0x59, 0xB6, 0x58, 0xB6, 0x38, 0xB6, 0x96,
    0x9D, 0x75, 0x9D, 0x75, 0x95, 0xD7, 0xA5, 0x39, 0xAE, 0x18, 0xAE, 0x14, 0x8D, 0x79, 0xBE, 0x9A,
    0xBE, 0xBA, 0xBE, 0x9A, 0xBE, 0x14, 0x8D, 0x39, 0xB6, 0x38, 0xAE, 0xB6, 0x9D, 0x38, 0xAE, 0xBA,
    0xBE, 0xD6, 0xA5, 0x96, 0x9D, 0x38, 0xAE, 0x39, 0xB6, 0x59, 0xB6, 0x38, 0xB6, 0x81, 0x38, 0xAE,
    0x02, 0x18, 0xAE, 0x14, 0x8D, 0x18, 0xAE, 0x81, 0x9A, 0xBE, 0x81, 0xB6, 0xA5, 0x03, 0x38, 0xAE,
    0x38, 0xB6, 0x59, 0xB6, 0x58, 0xB6, 0x81, 0x38, 0xB6, 0x81, 0xD7, 0xA5, 0x0F, 0x9A, 0xBE, 0x76,
    0x9D, 0xF8, 0xA5, 0x39, 0xB6, 0x38, 0xB6, 0x14, 0x8D, 0x79, 0xBE, 0xF3, 0x8C, 0x39, 0xB6, 0x39,
    0xAE, 0x18, 0xAE, 0x34, 0x95, 0x9A, 0xBE, 0xBA, 0xBE, 0xF7, 0xA5, 0xD7, 0xA5, 0x81, 0x38, 0xAE,
    0x03, 0x18, 0xAE, 0x38, 0xAE, 0x59, 0xB6, 0x39, 0xB6, 0x81, 0x18, 0xAE, 0x01, 0xB7, 0xA5, 0xF8,
    0xAD, 0x81, 0x9A, 0xBE, 0x0B, 0x34, 0x8D, 0x18, 0xAE, 0x38, 0xB6, 0x18, 0xAE, 0x13, 0x8D, 0xBA,
    0xC6, 0x59, 0xB6, 0x75, 0x9D, 0x38, 0xAE, 0x18, 0xAE, 0x55, 0x95, 0x39, 0xB6, 0x81, 0x9A, 0xBE,
    0x0B, 0x14, 0x8D, 0x18, 0xAE, 0x38, 0xB6, 0x38, 0xAE, 0x18, 0xAE, 0x39, 0xAE, 0x59, 0xB6, 0x39,
    0xB6, 0x38, 0xAE, 0x38, 0xB6, 0x14, 0x8D, 0x79, 0xBE, 0x81, 0x9A, 0xBE, 0x0B, 0x14, 0x8D, 0xF7,
    0xAD, 0x38, 0xAE, 0x39, 0xAE, 0x39, 0xB6, 0x38, 0xAE, 0x18, 0xAE, 0x19, 0xAE, 0x18, 0xAE, 0x14,
    0x8D, 0x79, 0xB6, 0xBA, 0xBE, 0x82, 0xBA, 0xC6, 0x81, 0xBA, 0xBE, 0x81, 0x9A, 0xBE, 0x01, 0x59,
    0xB6, 0x9A, 0xBE, 0x81, 0xBA, 0xBE, 0x00, 0x9A, 0xBE, 0x81, 0xBA, 0xBE, 0x03, 0x9A, 0xBE, 0xBA,
    0xBE, 0x34, 0x8D, 0x59, 0xB6, 0x81, 0x38, 0xB6, 0x01, 0x38, 0xAE, 0x18, 0xAE, 0x81, 0x19, 0xAE,
    0x02, 0x39, 0xAE, 0x14, 0x8D, 0x75, 0x95, 0x83, 0xBA, 0xC6, 0x00, 0x14, 0x8D, 0x81, 0x59, 0xB6,
    0x3D, 0xB6, 0xA5, 0x38, 0xAE, 0x9A, 0xBE, 0xF3, 0x8C, 0x18, 0xAE, 0x58, 0xB6, 0x59, 0xB6, 0x75,
    0x95, 0x34, 0x8D, 0x76, 0x9D, 0xF8, 0xAD, 0x18, 0xAE, 0xF7, 0xA5, 0x35, 0x95, 0x9A, 0xBE, 0x7A,
    0xBE, 0xD3, 0x84, 0x18, 0xAE, 0x38, 0xAE, 0x59, 0xB6, 0x17, 0xAE, 0x34, 0x95, 0x14, 0x8D, 0x75,
    0x95, 0xB6, 0x9D, 0xD7, 0xA5, 0x7A, 0xBE, 0x76, 0x95, 0xF8, 0xA5, 0x39, 0xB6, 0x59, 0xB6, 0x14,
    0x8D, 0x96, 0x9D, 0xF7, 0xA5, 0x58, 0xB6, 0x18, 0xAE, 0x14, 0x8D, 0x59, 0xB6, 0xBA, 0xBE, 0x9A,
    0xBE, 0x14, 0x8D, 0x59, 0xB6, 0x58, 0xB6, 0x38, 0xB6, 0xF7, 0xA5, 0x34, 0x95, 0x14, 0x8D, 0xB7,
    0xA5, 0xF8, 0xAD, 0x18, 0xAE, 0xD7, 0xA5, 0x18, 0xAE, 0x9A, 0xBE, 0xBA, 0xBE, 0x34, 0x8D, 0x18,
    0xAE, 0x38, 0xB6, 0x38, 0xAE, 0x14, 0x8D, 0xBA, 0xBE, 0x59, 0xB6, 0x55, 0x95, 0x81, 0xF8, 0xAD,
    0x18, 0x56, 0x95, 0x39, 0xB6, 0x9A, 0xBE, 0x79, 0xBE, 0x55, 0x95, 0x59, 0xB6, 0x58, 0xB6, 0x38,
    0xB6, 0xB6, 0x9D, 0x34, 0x8D, 0x34, 0x95, 0x18, 0xAE, 0xF8, 0xAD, 0x38, 0xAE, 0x14, 0x8D, 0x99,
    0xBE, 0xBA, 0xC6, 0x79, 0xB6, 0x14, 0x8D, 0x18, 0xAE, 0x39, 0xAE, 0x18, 0xAE, 0x35, 0x95, 0x14,
    0x8D, 0xB7, 0xA5, 0x81, 0x18, 0xAE, 0x03, 0xB6, 0xA5, 0xB7, 0xA5, 0xBA, 0xBE, 0xBA, 0xC6, 0x83,
    0xBA, 0xBE, 0x81, 0x9A, 0xBE, 0x00, 0x39, 0xAE, 0x86, 0xBA, 0xBE, 0x01, 0xBA, 0xC6, 0x34, 0x8D,
    0x81, 0x39, 0xB6, 0x00, 0x58, 0xB6, 0x81, 0x18, 0xAE, 0x81, 0x19, 0xAE, 0x03, 0xF8, 0xAD, 0xF7,
    0xA5, 0x75, 0x9D, 0x95, 0x9D, 0x81, 0xBA, 0xC6, 0x01, 0xBA, 0xBE, 0x34, 0x8D, 0x81, 0x59, 0xB6,
    0x0A, 0xB6, 0xA5, 0x38, 0xB6, 0x99, 0xBE, 0x55, 0x95, 0x38, 0xB6, 0x58, 0xB6, 0xD7, 0xA5, 0xB6,
    0xA5, 0x9A, 0xBE, 0x15, 0x8D, 0xD7, 0xA5, 0x81, 0x38, 0xAE, 0x13, 0x14, 0x8D, 0x9A, 0xBE, 0x38,
    0xB6, 0x55, 0x95, 0x38, 0xAE, 0x38, 0xB6, 0x17, 0xAE, 0x35, 0x95, 0x59, 0xB6, 0xBA, 0xBE, 0xF7,
    0xA5, 0xD3, 0x84, 0xD8, 0xA5, 0x7A, 0xBE, 0x76, 0x95, 0xF8, 0xAD, 0x59, 0xB6, 0x58, 0xB6, 0xF3,
    0x84, 0x13, 0x8D, 0x81, 0x38, 0xAE, 0x01, 0xD7, 0xA5, 0x96, 0x9D, 0x81, 0xBA, 0xC6, 0x05, 0x38,
    0xB6, 0x55, 0x95, 0x79, 0xB6, 0x58, 0xB6, 0x17, 0xAE, 0x34, 0x95, 0x81, 0x59, 0xB6, 0x21, 0xF4,
    0x8C, 0xF8, 0xAD, 0x18, 0xAE, 0xD7, 0xA5, 0x18, 0xAE, 0xBA, 0xBE, 0xBA, 0xC6, 0x34, 0x8D, 0x38,
    0xAE, 0x38, 0xB6, 0x18, 0xAE, 0x14, 0x8D, 0x9A, 0xBE, 0x59, 0xB6, 0x55, 0x95, 0xF8, 0xAD, 0x19,
    0xAE, 0x56, 0x95, 0x39, 0xB6, 0xBA, 0xBE, 0xF7, 0xA5, 0x17, 0xAE, 0x79, 0xB6, 0x58, 0xB6, 0x75,
    0x9D, 0x95, 0x9D, 0x9A, 0xBE, 0xF7, 0xAD, 0xB6, 0xA5, 0x17, 0xAE, 0x38, 0xB6, 0x14, 0x8D, 0x99,
    0xBE, 0xBA, 0xC6, 0x81, 0xD7, 0xA5, 0x0B, 0x18, 0xAE, 0x19, 0xAE, 0x14, 0x8D, 0x79, 0xB6, 0x9A,
    0xBE, 0xF4, 0x8C, 0x18, 0xAE, 0x38, 0xAE, 0x18, 0xAE, 0x14, 0x8D, 0xBA, 0xC6, 0xBA, 0xBE, 0x81,
    0x9A, 0xBE, 0x00, 0xBA, 0xC6, 0x81, 0x9A, 0xBE, 0x01, 0x7A, 0xBE, 0x39, 0xAE, 0x86, 0xBA, 0xBE,
    0x13, 0xBA, 0xC6, 0x14, 0x8D, 0x39, 0xB6, 0x59, 0xB6, 0x38, 0xB6, 0xD7, 0xA5, 0xB7, 0x9D, 0xB7,
    0xA5, 0xD8, 0xA5, 0xF8, 0xA5, 0xF8, 0xAD, 0x38, 0xB6, 0x74, 0x95, 0x58, 0xB6, 0xBA, 0xC6, 0x9A,
    0xBE, 0x14, 0x8D, 0x58, 0xB6, 0x38, 0xB6, 0x95, 0x9D, 0x81, 0x38, 0xB6, 0x07, 0xB6, 0xA5, 0x38,
    0xB6, 0x39, 0xAE, 0x34, 0x95, 0x7A, 0xBE, 0x9A, 0xBE, 0x19, 0xAE, 0x76, 0x9D, 0x81, 0x38, 0xAE,
    0x03, 0x34, 0x95, 0x79, 0xB6, 0xF7, 0xA5, 0xD7, 0xA5, 0x81, 0x38, 0xB6, 0x02, 0x14, 0x8D, 0x59,
    0xB6, 0x9A, 0xBE, 0x81, 0xBA, 0xBE, 0x81, 0x9A, 0xBE, 0x06, 0x7A, 0xBE, 0x76, 0x95, 0xF8, 0xA5,
    0x58, 0xB6, 0x38, 0xB6, 0xF3, 0x8C, 0xD7, 0xA5, 0x81, 0x18, 0xAE, 0x01, 0x13, 0x8D, 0x9A, 0xBE,
    0x81, 0xBA, 0xC6, 0x0C, 0xF7, 0xAD, 0xD6, 0xA5, 0x58, 0xB6, 0x18, 0xAE, 0x34, 0x95, 0x59, 0xB6,
    0x9A, 0xBE, 0x5A, 0xB6, 0x14, 0x8D, 0x18, 0xAE, 0x39, 0xB6, 0xD7, 0xA5, 0x18, 0xAE, 0x81, 0xBA,
    0xBE, 0x07, 0x34, 0x8D, 0x38, 0xAE, 0x38, 0xB6, 0x18, 0xAE, 0x14, 0x8D, 0xBA, 0xBE, 0x59, 0xB6,
    0x75, 0x95, 0x81, 0x18, 0xAE, 0x21, 0x56, 0x95, 0x39, 0xB6, 0xBA, 0xBE, 0x54, 0x95, 0x38, 0xAE,
    0x38, 0xB6, 0x18, 0xAE, 0xF3, 0x8C, 0x9A, 0xBE, 0xBA, 0xBE, 0x18, 0xAE, 0xD6, 0xA5, 0x38, 0xB6,
    0x58, 0xB6, 0x34, 0x95, 0x7A, 0xB6, 0xBA, 0xBE, 0x55, 0x95, 0x18, 0xAE, 0x19, 0xAE, 0x18, 0xAE,
    0x14, 0x8D, 0x59, 0xB6, 0x38, 0xB6, 0x34, 0x95, 0xF7, 0xAD, 0x38, 0xAE, 0x18, 0xAE, 0xD3, 0x84,
    0x9A, 0xBE, 0xBA, 0xBE, 0x9A, 0xBE, 0xBA, 0xBE, 0xBA, 0xC6, 0x82, 0x9A, 0xBE, 0x00, 0x39, 0xAE,
    0x83, 0xBA, 0xBE, 0x82, 0x9A, 0xBE, 0x10, 0xBA, 0xBE, 0x14, 0x8D, 0x59, 0xB6, 0x38, 0xB6, 0xF7,
    0xAD, 0x13, 0x8D, 0xF7, 0xA5, 0xD7, 0xA5, 0x35, 0x95, 0x55, 0x95, 0x18, 0xAE, 0x59, 0xB6, 0x38,
    0xAE, 0x75, 0x9D, 0xBA, 0xC6, 0xBA, 0xBE, 0x14, 0x8D, 0x81, 0x18, 0xAE, 0x0A, 0x95, 0x9D, 0x38,
    0xB6, 0xD7, 0xA5, 0xF7, 0xA5, 0x39, 0xB6, 0x39, 0xAE, 0x14, 0x8D, 0x9A, 0xBE, 0x7A, 0xBE, 0x5A,
    0xB6, 0x35, 0x95, 0x81, 0x38, 0xB6, 0x07, 0x55, 0x95, 0x38, 0xAE, 0xD7, 0xA5, 0xF8, 0xAD, 0x39,
    0xB6, 0x38, 0xAE, 0xF3, 0x84, 0x9A, 0xBE, 0x82, 0xBA, 0xC6, 0x00, 0xBA, 0xBE, 0x81, 0x9A, 0xBE,
    0x02, 0x76, 0x95, 0xD7, 0xA5, 0x18, 0xAE, 0x82, 0xF7, 0xAD, 0x03, 0x38, 0xAE, 0x17, 0xAE, 0x75,
    0x95, 0xBA, 0xBE, 0x81, 0xBA, 0xC6, 0x04, 0xD7, 0xA5, 0xB6, 0xA5, 0x18, 0xAE, 0xD8, 0xA5, 0xD3,
    0x84, 0x81, 0x7A, 0xBE, 0x19, 0x5A, 0xB6, 0x14, 0x8D, 0x38, 0xB6, 0x59, 0xB6, 0xD7, 0xA5, 0x18,
    0xAE, 0xBA, 0xBE, 0x9A, 0xBE, 0x34, 0x8D, 0x39, 0xB6, 0x59, 0xB6, 0x18, 0xAE, 0x14, 0x8D, 0xBA,
    0xC6, 0x59, 0xB6, 0x75, 0x9D, 0x39, 0xB6, 0x19, 0xAE, 0x56, 0x95, 0x39, 0xB6, 0x9A, 0xBE, 0x13,
    0x8D, 0x17, 0xAE, 0x18, 0xAE, 0xF7, 0xAD, 0x34, 0x95, 0x81, 0xBA, 0xBE, 0x0E, 0x18, 0xAE, 0xD7,
    0xA5, 0x38, 0xB6, 0x59, 0xB6, 0x14, 0x8D, 0x7A, 0xB6, 0x9A, 0xBE, 0xF4, 0x8C, 0x39, 0xAE, 0x19,
    0xAE, 0x39, 0xAE, 0xB7, 0xA5, 0xB6, 0x9D, 0x95, 0x9D, 0x96, 0x9D, 0x81, 0x38, 0xB6, 0x02, 0x18,
    0xAE, 0xD3, 0x84, 0x9A, 0xBE, 0x81, 0xBA, 0xBE, 0x82, 0xBA, 0xC6, 0x81, 0x9A, 0xBE, 0x00, 0x7A,
    0xB6, 0x87, 0xBA, 0xBE, 0x00, 0x14, 0x8D, 0x81, 0x18, 0xAE, 0x02, 0xD7, 0xA5, 0xB6, 0x9D, 0xBA,
    0xC6, 0x81, 0x9A, 0xBE, 0x07, 0x35, 0x95, 0x18, 0xAE, 0x59, 0xB6, 0x38, 0xB6, 0xF3, 0x84, 0xBA,
    0xBE, 0xBA, 0xC6, 0x14, 0x8D, 0x81, 0x18, 0xAE, 0x14, 0x96, 0x9D, 0x18, 0xAE, 0x76, 0x9D, 0xF8,
    0xAD, 0x59, 0xB6, 0x58, 0xB6, 0x14, 0x8D, 0x9A, 0xBE, 0x7B, 0xB6, 0x5A, 0xB6, 0x14, 0x8D, 0x59,
    0xB6, 0x38, 0xB6, 0x75, 0x9D, 0xF7, 0xAD, 0xD7, 0xA5, 0x18, 0xAE, 0x59, 0xB6, 0x38, 0xB6, 0xF3,
    0x84, 0x9A, 0xBE, 0x83, 0xBA, 0xC6, 0x81, 0x9A, 0xBE, 0x01, 0x76, 0x95, 0xD7, 0xA5, 0x83, 0x18,
    0xAE, 0x07, 0x38, 0xB6, 0x18, 0xAE, 0xF4, 0x8C, 0x79, 0xBE, 0xBA, 0xBE, 0x9A, 0xBE, 0x97, 0x9D,
    0xF7, 0xA5, 0x81, 0x18, 0xAE, 0x04, 0xD3, 0x84, 0x7A, 0xBE, 0x7B, 0xB6, 0x5A, 0xB6, 0x14, 0x8D,
    0x81, 0x38, 0xB6, 0x01, 0xB6, 0xA5, 0x18, 0xAE, 0x81, 0xBA, 0xBE, 0x0D, 0x34, 0x8D, 0x39, 0xB6,
    0x59, 0xB6, 0x18, 0xAE, 0x14, 0x8D, 0xBA, 0xC6, 0x59, 0xB6, 0x95, 0x9D, 0x59, 0xB6, 0x39, 0xAE,
    0x56, 0x95, 0x39, 0xB6, 0x9A, 0xBE, 0xF4, 0x8C, 0x81, 0x18, 0xAE, 0x01, 0x17, 0xAE, 0x54, 0x95,
    0x81, 0xBA, 0xBE, 0x07, 0x18, 0xAE, 0xB7, 0xA5, 0x19, 0xAE, 0x38, 0xAE, 0x14, 0x8D, 0x79, 0xBE,
    0xBA, 0xBE, 0xF3, 0x8C, 0x82, 0x19, 0xAE, 0x00, 0x38, 0xAE, 0x81, 0x18, 0xAE, 0x00, 0x38, 0xAE,
    0x81, 0x38, 0xB6, 0x02, 0x18, 0xAE, 0xD3, 0x84, 0x9A, 0xBE, 0x81, 0xBA, 0xBE, 0x82, 0xBA, 0xC6,
    0x03, 0xBA, 0xBE, 0x9A, 0xBE, 0x7A, 0xB6, 0x9A, 0xBE, 0x81, 0xBA, 0xBE, 0x81, 0x9A, 0xBE, 0x82,
    0xBA, 0xBE, 0x04, 0x14, 0x8D, 0x38, 0xAE, 0x18, 0xAE, 0xF7, 0xAD, 0x96, 0x9D, 0x81, 0xBA, 0xBE,
    0x02, 0x9A, 0xBE, 0x97, 0x9D, 0xF8, 0xA5, 0x81, 0x18, 0xAE, 0x00, 0xD3, 0x84, 0x81, 0xBA, 0xBE,
    0x18, 0x14, 0x8D, 0x19, 0xAE, 0x39, 0xAE, 0xB7, 0x9D, 0x18, 0xAE, 0xD7, 0xA5, 0xB7, 0xA5, 0x19,
    0xAE, 0x38, 0xB6, 0x14, 0x8D, 0x7A, 0xB6, 0x5B, 0xB6, 0x3A, 0xB6, 0x56, 0x95, 0x18, 0xAE, 0x38,
    0xB6, 0x55, 0x95, 0x38, 0xB6, 0xB7, 0xA5, 0x18, 0xAE, 0x58, 0xB6, 0x38, 0xAE, 0xD3, 0x84, 0x9A,
    0xBE, 0xBA, 0xC6, 0x83, 0xBA, 0xBE, 0x0A, 0x9A, 0xBE, 0x76, 0x95, 0xD7, 0xA5, 0x39, 0xAE, 0x39,
    0xB6, 0x18, 0xAE, 0x95, 0x9D, 0x38, 0xB6, 0x18, 0xAE, 0xB7, 0xA5, 0xD7, 0xA5, 0x81, 0x9A, 0xBE,
    0x08, 0xD8, 0xA5, 0xB7, 0xA5, 0x19, 0xAE, 0x39, 0xB6, 0xF4, 0x8C, 0x5A, 0xB6, 0x5B, 0xB6, 0x3A,
    0xB6, 0x14, 0x8D, 0x81, 0x18, 0xAE, 0x12, 0xB6, 0xA5, 0x18, 0xAE, 0x9A, 0xBE, 0xBA, 0xBE, 0x34,
    0x95, 0x38, 0xB6, 0x38, 0xAE, 0xF8, 0xAD, 0x13, 0x8D, 0xBA, 0xBE, 0x59, 0xB6, 0x96, 0x9D, 0x38,
    0xB6, 0x38, 0xAE, 0x76, 0x95, 0x39, 0xB6, 0x9A, 0xBE, 0x14, 0x8D, 0x18, 0xAE, 0x81, 0x58, 0xB6,
    0x00, 0x34, 0x8D, 0x81, 0x9A, 0xBE, 0x01, 0xF8, 0xAD, 0xB7, 0x9D, 0x81, 0x18, 0xAE, 0x06, 0xF4,
    0x8C, 0x7A, 0xB6, 0x9A, 0xBE, 0xF4, 0x8C, 0x19, 0xAE, 0xF9, 0xAD, 0xF8, 0xAD, 0x86, 0xD3, 0x84,
    0x00, 0xF3, 0x84, 0x81, 0x9A, 0xBE, 0x01, 0xBA, 0xBE, 0xBA, 0xC6, 0x83, 0xBA, 0xBE, 0x01, 0x7A,
    0xBE, 0x9A, 0xBE, 0x81, 0xBA, 0xC6, 0x81, 0x9A, 0xBE, 0x81, 0xBA, 0xBE, 0x05, 0xBA, 0xC6, 0x34,
    0x8D, 0x38, 0xB6, 0x38, 0xAE, 0xF8, 0xAD, 0x96, 0x9D, 0x81, 0x9A, 0xBE, 0x01, 0xBA, 0xBE, 0x55,
    0x95, 0x81, 0x18, 0xAE, 0x0A, 0xF8, 0xAD, 0xF3, 0x8C, 0xBA, 0xC6, 0x9A, 0xBE, 0x14, 0x8D, 0x19,
    0xAE, 0x39, 0xB6, 0xB7, 0xA5, 0x38, 0xAE, 0x39, 0xAE, 0x97, 0x9D, 0x81, 0x19, 0xAE, 0x0A, 0x35,
    0x95, 0x19, 0xAE, 0x7A, 0xB6, 0xF8, 0xAD, 0x96, 0x9D, 0xF8, 0xAD, 0x38, 0xAE, 0x34, 0x95, 0x79,
    0xBE, 0xF8, 0xAD, 0xB6, 0xA5, 0x81, 0x59, 0xB6, 0x01, 0x34, 0x95, 0x38, 0xB6, 0x81, 0x9A, 0xBE,
    0x05, 0x7A, 0xBE, 0xD7, 0xA5, 0x59, 0xB6, 0xBA, 0xBE, 0x76, 0x9D, 0xF7, 0xA5, 0x81, 0x59, 0xB6,
    0x09, 0x14, 0x8D, 0x13, 0x8D, 0x18, 0xAE, 0x39, 0xAE, 0x19, 0xAE, 0xF4, 0x8C, 0x9A, 0xBE, 0xBA,
    0xBE, 0x18, 0xAE, 0x76, 0x95, 0x81, 0x19, 0xAE, 0x12, 0x35, 0x95, 0x39, 0xAE, 0x7B, 0xB6, 0x5A,
    0xB6, 0x14, 0x8D, 0x39, 0xAE, 0x38, 0xB6, 0xB6, 0xA5, 0x18, 0xAE, 0x9A, 0xBE, 0xBA, 0xBE, 0x34,
    0x95, 0x38, 0xB6, 0x59, 0xB6, 0x38, 0xB6, 0xF3, 0x84, 0x9A, 0xBE, 0x39, 0xAE, 0x76, 0x95, 0x81,
    0xF8, 0xAD, 0x16, 0x75, 0x95, 0x59, 0xB6, 0x9A, 0xBE, 0x55, 0x95, 0x18, 0xAE, 0x79, 0xB6, 0x59,
    0xB6, 0x14, 0x8D, 0x7A, 0xBE, 0x9A, 0xBE, 0xF8, 0xAD, 0xD7, 0xA5, 0x39, 0xB6, 0x18, 0xAE, 0xF5,
    0x84, 0x3A, 0xB6, 0x7A, 0xBE, 0x36, 0x95, 0x19, 0xAE, 0x39, 0xAE, 0x38, 0xAE, 0xD4, 0x84, 0x79,
    0xBE, 0x83, 0x9A, 0xBE, 0x04, 0x59, 0xB6, 0xB6, 0xA5, 0xBA, 0xBE, 0xBA, 0xC6, 0xBA, 0xBE, 0x85,
    0x9A, 0xBE, 0x83, 0xBA, 0xBE, 0x00, 0xBA, 0xC6, 0x81, 0xBA, 0xBE, 0x16, 0xBA, 0xC6, 0x34, 0x8D,
    0x58, 0xB6, 0x59, 0xB6, 0xF8, 0xAD, 0x35, 0x95, 0xF8, 0xAD, 0x18, 0xAE, 0x96, 0x9D, 0x55, 0x95,
    0x38, 0xB6, 0x38, 0xAE, 0xF7, 0xAD, 0x34, 0x95, 0xBA, 0xC6, 0x9A, 0xBE, 0x15, 0x8D, 0x39, 0xB6,
    0x59, 0xB6, 0xB7, 0xA5, 0x38, 0xAE, 0x9A, 0xBE, 0x35, 0x8D, 0x81, 0x19, 0xAE, 0x0A, 0xB7, 0x9D,
    0xF4, 0x8C, 0xD8, 0xA5, 0xD4, 0x84, 0xF7, 0xA5, 0xF8, 0xAD, 0x38, 0xAE, 0x14, 0x8D, 0xBA, 0xBE,
    0x59, 0xB6, 0x34, 0x95, 0x81, 0x59, 0xB6, 0x09, 0x17, 0xAE, 0x13, 0x8D, 0x95, 0x9D, 0xF8, 0xAD,
    0x36, 0x95, 0x15, 0x8D, 0xD7, 0xA5, 0xBA, 0xBE, 0x96, 0x9D, 0x18, 0xAE, 0x81, 0x59, 0xB6, 0x02,
    0x14, 0x8D, 0x17, 0xAE, 0x95, 0x9D, 0x81, 0x39, 0xAE, 0x04, 0x96, 0x9D, 0xF8, 0xAD, 0xBA, 0xBE,
    0x59, 0xB6, 0x14, 0x8D, 0x81, 0x19, 0xAE, 0x04, 0xF8, 0xA5, 0x35, 0x8D, 0xD8, 0xA5, 0x55, 0x95,
    0x76, 0x9D, 0x81, 0x59, 0xB6, 0x2B, 0xB6, 0xA5, 0x18, 0xAE, 0xBA, 0xBE, 0xBA, 0xC6, 0x55, 0x95,
    0x38, 0xAE, 0x59, 0xB6, 0x38, 0xB6, 0x13, 0x8D, 0xD7, 0xA5, 0x35, 0x95, 0x97, 0x9D, 0xF8, 0xAD,
    0x18, 0xAE, 0x75, 0x9D, 0x59, 0xB6, 0xBA, 0xBE, 0xD7, 0xA5, 0xF7, 0xAD, 0x79, 0xB6, 0x59, 0xB6,
    0x96, 0x9D, 0x55, 0x95, 0xF8, 0xA5, 0x34, 0x8D, 0x18, 0xAE, 0x59, 0xB6, 0x38, 0xAE, 0xF5, 0x8C,
    0x3A, 0xAE, 0x7A, 0xBE, 0xD8, 0xA5, 0xB7, 0x9D, 0x39, 0xAE, 0x38, 0xAE, 0x96, 0x9D, 0x14, 0x8D,
    0xB6, 0xA5, 0x18, 0xAE, 0xD7, 0xA5, 0x34, 0x95, 0x14, 0x8D, 0xD3, 0x84, 0x9A, 0xBE, 0x81, 0xBA,
    0xC6, 0x00, 0xBA, 0xBE, 0x81, 0x7A, 0xBE, 0x05, 0x9A, 0xBE, 0xBA, 0xBE, 0x99, 0xBE, 0xBA, 0xC6,
    0xBA, 0xBE, 0x9A, 0xBE, 0x81, 0xBA, 0xBE, 0x82, 0xBA, 0xC6, 0x00, 0x34, 0x8D, 0x81, 0x59, 0xB6,
    0x04, 0x39, 0xAE, 0xB7, 0xA5, 0xB7, 0x9D, 0xB6, 0x9D, 0xF7, 0xAD, 0x81, 0x59, 0xB6, 0x05, 0x58,
    0xB6, 0x75, 0x9D, 0xF7, 0xAD, 0xBA, 0xC6, 0x9A, 0xBE, 0x15, 0x8D, 0x81, 0x59, 0xB6, 0x12, 0xD7,
    0xA5, 0x38, 0xAE, 0xBA, 0xBE, 0x14, 0x8D, 0xD8, 0xA5, 0xF8, 0xA5, 0xD7, 0xA5, 0xB7, 0x9D, 0x97,
    0x9D, 0xD7, 0xA5, 0x18, 0xAE, 0x38, 0xB6, 0xD7, 0xA5, 0x76, 0x9D, 0xBA, 0xBE, 0x9A, 0xBE, 0xF3,
    0x8C, 0x38, 0xB6, 0x18, 0xAE, 0x81, 0xF7, 0xAD, 0x07, 0xB6, 0xA5, 0x97, 0x9D, 0xD8, 0xA5, 0xB7,
    0x9D, 0xD7, 0xA5, 0xBA, 0xC6, 0x95, 0x9D, 0x18, 0xAE, 0x81, 0x79, 0xB6, 0x06, 0x14, 0x8D, 0x99,
    0xBE, 0xD3, 0x84, 0xF8, 0xAD, 0x19, 0xAE, 0x38, 0xB6, 0x34, 0x8D, 0x81, 0x9A, 0xBE, 0x00, 0xF4,
    0x8C, 0x81, 0x39, 0xAE, 0x1A, 0x59, 0xB6, 0x19, 0xAE, 0xB7, 0x9D, 0xB7, 0xA5, 0x38, 0xAE, 0x58,
    0xB6, 0x59, 0xB6, 0xD7, 0xA5, 0x18, 0xAE, 0xBA, 0xBE, 0xBA, 0xC6, 0x95, 0x9D, 0xF7, 0xAD, 0x38,
    0xAE, 0x17, 0xAE, 0xD7, 0xA5, 0x96, 0x9D, 0xD7, 0xA5, 0xF8, 0xAD, 0x18, 0xAE, 0x38, 0xB6, 0x96,
    0x9D, 0x59, 0xB6, 0xBA, 0xC6, 0x79, 0xB6, 0x75, 0x9D, 0x79, 0xB6, 0x81, 0x59, 0xB6, 0x03, 0xF8,
    0xA5, 0xB6, 0xA5, 0xF7, 0xAD, 0x38, 0xB6, 0x81, 0x39, 0xB6, 0x06, 0x15, 0x8D, 0x5A, 0xB6, 0x9A,
    0xBE, 0x59, 0xB6, 0xD4, 0x84, 0x18, 0xAE, 0xF8, 0xAD, 0x81, 0xF7, 0xA5, 0x08, 0xB6, 0xA5, 0xB6,
    0x9D, 0xB6, 0xA5, 0x18, 0xAE, 0x58, 0xB6, 0xF3, 0x84, 0x9A, 0xBE, 0xBA, 0xC6, 0xBA, 0xBE, 0x81,
    0x9A, 0xBE, 0x05, 0x7A, 0xBE, 0x9A, 0xBE, 0xBA, 0xBE, 0x96, 0x9D, 0xBA, 0xC6, 0xBA, 0xBE, 0x83,
    0x9A, 0xBE, 0x81, 0xBA, 0xBE, 0x01, 0x34, 0x8D, 0x59, 0xB6, 0x81, 0x39, 0xB6, 0x03, 0x59, 0xB6,
    0x39, 0xAE, 0x18, 0xAE, 0x38, 0xB6, 0x81, 0x58, 0xB6, 0x05, 0x38, 0xB6, 0xF3, 0x8C, 0x9A, 0xBE,
    0xBA, 0xBE, 0x9A, 0xBE, 0x15, 0x8D, 0x81, 0x79, 0xB6, 0x04, 0xD7, 0xA5, 0x38, 0xAE, 0x9A, 0xBE,
    0x19, 0xAE, 0x35, 0x8D, 0x81, 0xF7, 0xAD, 0x00, 0xD8, 0xA5, 0x81, 0x18, 0xAE, 0x03, 0x38, 0xAE,
    0x38, 0xB6, 0xF3, 0x8C, 0x59, 0xB6, 0x81, 0x9A, 0xBE, 0x02, 0xF8, 0xA5, 0x75, 0x95, 0x17, 0xAE,
    0x81, 0xF7, 0xAD, 0x00, 0xF8, 0xAD, 0x81, 0x18, 0xAE, 0x81, 0xD7, 0xA5, 0x02, 0xBA, 0xBE, 0x95,
    0x9D, 0x38, 0xAE, 0x81, 0x79, 0xBE, 0x0A, 0x14, 0x8D, 0xBA, 0xBE, 0x55, 0x95, 0xF8, 0xA5, 0x18,
    0xAE, 0x38, 0xB6, 0x55, 0x95, 0x38, 0xAE, 0x9A, 0xBE, 0x96, 0x9D, 0xF8, 0xAD, 0x82, 0x59, 0xB6,
    0x00, 0x39, 0xAE, 0x82, 0x38, 0xAE, 0x02, 0x58, 0xB6, 0xD7, 0xA5, 0xF8, 0xAD, 0x81, 0x9A, 0xBE,
    0x04, 0x18, 0xAE, 0x55, 0x95, 0xF8, 0xAD, 0xF7, 0xAD, 0xF7, 0xA5, 0x81, 0xF8, 0xA5, 0x04, 0xD8,
    0xA5, 0x38, 0xAE, 0x59, 0xB6, 0x95, 0x9D, 0x59, 0xB6, 0x81, 0xBA, 0xC6, 0x02, 0xF3, 0x8C, 0x58,
    0xB6, 0x59, 0xB6, 0x81, 0x39, 0xB6, 0x0D, 0x38, 0xB6, 0x58, 0xB6, 0x38, 0xB6, 0x38, 0xAE, 0x39,
    0xAE, 0x15, 0x8D, 0x7A, 0xB6, 0xBA, 0xBE, 0x9A, 0xBE, 0x76, 0x9D, 0x96, 0x9D, 0xF7, 0xA5, 0xF7,
    0xAD, 0x17, 0xAE, 0x82, 0x18, 0xAE, 0x04, 0x39, 0xAE, 0x39, 0xB6, 0xF3, 0x84, 0x9A, 0xBE, 0xBA,
    0xBE, 0x84, 0x9A, 0xBE, 0x01, 0xBA, 0xBE, 0x96, 0x9D, 0x81, 0xBA, 0xC6, 0x00, 0xBA, 0xBE, 0x82,
    0x9A, 0xBE, 0x02, 0xBA, 0xBE, 0xBA, 0xC6, 0x14, 0x8D, 0x84, 0x59, 0xB6, 0x82, 0x38, 0xB6, 0x03,
    0x17, 0xAE, 0x14, 0x8D, 0x59, 0xB6, 0xBA, 0xBE, 0x81, 0x9A, 0xBE, 0x0A, 0x34, 0x95, 0x99, 0xBE,
    0x79, 0xBE, 0xD7, 0xA5, 0x38, 0xB6, 0x9A, 0xBE, 0x7A, 0xBE, 0x96, 0x9D, 0x55, 0x95, 0x18, 0xAE,
    0xF8, 0xAD, 0x81, 0x18, 0xAE, 0x03, 0xF8, 0xAD, 0x34, 0x95, 0xF7, 0xAD, 0xBA, 0xBE, 0x82, 0x9A,
    0xBE, 0x02, 0x75, 0x9D, 0x55, 0x95, 0xF8, 0xAD, 0x83, 0x18, 0xAE, 0x0A, 0x76, 0x9D, 0xF7, 0xA5,
    0xBA, 0xBE, 0x95, 0x9D, 0x38, 0xB6, 0x79, 0xBE, 0x79, 0xB6, 0x14, 0x8D, 0xBA, 0xBE, 0x39, 0xB6,
    0x55, 0x95, 0x81, 0x38, 0xB6, 0x06, 0x18, 0xAE, 0x55, 0x95, 0x9A, 0xBE, 0x5A, 0xB6, 0xF4, 0x84,
    0x38, 0xAE, 0x59, 0xB6, 0x81, 0x39, 0xB6, 0x05, 0x96, 0x9D, 0x35, 0x95, 0x38, 0xAE, 0x58, 0xB6,
    0xD6, 0xA5, 0x18, 0xAE, 0x82, 0x9A, 0xBE, 0x01, 0x14, 0x8D, 0xF7, 0xA5, 0x81, 0x18, 0xAE, 0x06,
    0xD7, 0xA5, 0xD3, 0x84, 0x75, 0x95, 0x38, 0xAE, 0x38, 0xB6, 0x75, 0x9D, 0x79, 0xB6, 0x81, 0xBA,
    0xC6, 0x02, 0x38, 0xAE, 0x55, 0x95, 0x39, 0xB6, 0x81, 0x59, 0xB6, 0x06, 0x38, 0xB6, 0x55, 0x95,
    0xD7, 0xA5, 0x38, 0xAE, 0x19, 0xAE, 0xF4, 0x8C, 0x79, 0xBE, 0x81, 0x9A, 0xBE, 0x03, 0x7A, 0xBE,
    0x35, 0x95, 0x75, 0x95, 0xF8, 0xAD, 0x81, 0x38, 0xAE, 0x82, 0x18, 0xAE, 0x01, 0xD7, 0xA5, 0xF3,
    0x84, 0x83, 0x9A, 0xBE, 0x00, 0xBA, 0xBE, 0x81, 0x9A, 0xBE, 0x04, 0xBA, 0xBE, 0x96, 0x9D, 0xBA,
    0xC6, 0xDA, 0xC6, 0xBA, 0xC6, 0x81, 0x9A, 0xBE, 0x81, 0xBA, 0xBE, 0x01, 0xBA, 0xC6, 0x34, 0x8D,
    0x81, 0xD7, 0xA5, 0x09, 0xD6, 0xA5, 0xD7, 0xA5, 0xB7, 0xA5, 0xB6, 0xA5, 0x75, 0x9D, 0x14, 0x8D,
    0x54, 0x95, 0x99, 0xBE, 0xBA, 0xC6, 0xBA, 0xBE, 0x81, 0x9A, 0xBE, 0x04, 0x13, 0x8D, 0xD6, 0xA5,
    0xB7, 0xA5, 0x55, 0x95, 0x38, 0xB6, 0x82, 0xBA, 0xBE, 0x08, 0xF8, 0xAD, 0xF4, 0x8C, 0x34, 0x8D,
    0x96, 0x9D, 0x14, 0x8D, 0x13, 0x8D, 0x58, 0xB6, 0xDA, 0xC6, 0xBA, 0xC6, 0x81, 0x9A, 0xBE, 0x81,
    0xBA, 0xBE, 0x0A, 0xF7, 0xAD, 0x14, 0x8D, 0x35, 0x95, 0x96, 0x9D, 0x55, 0x95, 0xF3, 0x8C, 0x76,
    0x9D, 0x9A, 0xBE, 0xBA, 0xBE, 0x96, 0x9D, 0x95, 0x9D, 0x81, 0xD6, 0xA5, 0x00, 0x13, 0x8D, 0x81,
    0x9A, 0xBE, 0x11, 0xF3, 0x84, 0x95, 0x9D, 0xB6, 0x9D, 0x97, 0x9D, 0xD3, 0x84, 0x79, 0xBE, 0xBA,
    0xBE, 0x59, 0xB6, 0xF4, 0x8C, 0x55, 0x95, 0x76, 0x95, 0x14, 0x8D, 0x55, 0x95, 0xF3, 0x84, 0xB6,
    0x9D, 0xD6, 0xA5, 0x75, 0x95, 0x18, 0xAE, 0x81, 0x9A, 0xBE, 0x07, 0xBA, 0xBE, 0x59, 0xB6, 0xF3,
    0x84, 0x75, 0x95, 0x35, 0x95, 0x14, 0x8D, 0x18, 0xAE, 0x14, 0x8D, 0x81, 0xB6, 0x9D, 0x01, 0x34,
    0x8D, 0x79, 0xB6, 0x82, 0xBA, 0xC6, 0x0A, 0xF7, 0xAD, 0xF3, 0x84, 0x96, 0x9D, 0x75, 0x95, 0x14,
    0x8D, 0x55, 0x95, 0x35, 0x95, 0xB6, 0x9D, 0xB6, 0xA5, 0xF3, 0x84, 0x79, 0xBE, 0x83, 0x9A, 0xBE,
    0x0A, 0x18, 0xAE, 0x14, 0x8D, 0x13, 0x8D, 0x95, 0x9D, 0x96, 0x9D, 0x15, 0x8D, 0x14, 0x8D, 0x95,
    0x9D, 0x9A, 0xBE, 0xBA, 0xC6, 0xBA, 0xBE, 0x81, 0x9A, 0xBE, 0x07, 0xBA, 0xC6, 0xBA, 0xBE, 0x9A,
    0xBE, 0xBA, 0xBE, 0x96, 0x9D, 0xBA, 0xC6, 0xDA, 0xC6, 0xBA, 0xC6, 0x81, 0x9A, 0xBE, 0x00, 0xBA,
    0xBE, 0x81, 0xBA, 0xC6, 0x00, 0x9A, 0xBE, 0x81, 0x79, 0xB6, 0x01, 0x99, 0xBE, 0x79, 0xBE, 0x81,
    0x7A, 0xB6, 0x81, 0x9A, 0xBE, 0x01, 0xBA, 0xC6, 0xDA, 0xC6, 0x81, 0xBA, 0xC6, 0x81, 0x9A, 0xBE,
    0x01, 0x7A, 0xB6, 0x79, 0xB6, 0x81, 0x5A, 0xB6, 0x04, 0x9A, 0xBE, 0xBA, 0xC6, 0xDA, 0xC6, 0xBA,
    0xC6, 0xBA, 0xBE, 0x81, 0x9A, 0xBE, 0x01, 0xBA, 0xBE, 0x9A, 0xBE, 0x81, 0xBA, 0xC6, 0x01, 0xDA,
    0xC6, 0xBA, 0xC6, 0x82, 0x9A, 0xBE, 0x81, 0xBA, 0xC6, 0x00, 0xBA, 0xBE, 0x82, 0x9A, 0xBE, 0x00,
    0xBA, 0xBE, 0x83, 0x9A, 0xBE, 0x83, 0x99, 0xBE, 0x81, 0x9A, 0xBE, 0x01, 0x7A, 0xB6, 0x79, 0xB6,
    0x82, 0x5A, 0xB6, 0x02, 0xBA, 0xC6, 0xDA, 0xC6, 0xBA, 0xC6, 0x82, 0x9A, 0xBE, 0x81, 0xBA, 0xBE,
    0x83, 0x99, 0xBE, 0x82, 0x9A, 0xBE, 0x02, 0xBA, 0xBE, 0xBA, 0xC6, 0xBA, 0xBE, 0x81, 0x9A, 0xBE,
    0x06, 0xBA, 0xBE, 0xBA, 0xC6, 0x79, 0xBE, 0x5A, 0xB6, 0x79, 0xB6, 0x79, 0xBE, 0xBA, 0xC6, 0x81,
    0xDA, 0xC6, 0x01, 0xBA, 0xC6, 0xBA, 0xBE, 0x81, 0x7A, 0xBE, 0x81, 0x9A, 0xBE, 0x02, 0x7A, 0xB6,
    0x5A, 0xB6, 0x79, 0xBE, 0x81, 0x99, 0xBE, 0x81, 0xBA, 0xBE, 0x03, 0x9A, 0xBE, 0xBA, 0xBE, 0xBA,
    0xC6, 0xBA, 0xBE, 0x82, 0xBA, 0xC6, 0x03, 0x9A, 0xBE, 0x7A, 0xBE, 0x9A, 0xBE, 0xBA, 0xBE, 0x81,
    0xBA, 0xC6, 0x04, 0xBA, 0xBE, 0x9A, 0xBE, 0xBA, 0xBE, 0xBA, 0xC6, 0xBA, 0xBE, 0x82, 0x9A, 0xBE,
    0x02, 0xBA, 0xC6, 0xDA, 0xC6, 0xBA, 0xC6, 0x82, 0x9A, 0xBE, 0x01, 0xBA, 0xC6, 0xBA, 0xBE, 0x82,
    0x9A, 0xBE, 0x01, 0xBA, 0xC6, 0xBA, 0xBE, 0x83, 0x9A, 0xBE, 0x81, 0xBA, 0xC6, 0x03, 0xBA, 0xBE,
    0x9A, 0xBE, 0x7B, 0xB6, 0x7A, 0xBE, 0x83, 0x9A, 0xBE, 0x00, 0xBA, 0xC6, 0x81, 0xDA, 0xC6, 0x00,
    0xBA, 0xC6, 0x82, 0xBA, 0xBE, 0x01, 0xBA, 0xC6, 0xDA, 0xC6, 0x81, 0xBA, 0xC6, 0x01, 0xDA, 0xC6,
    0xBA, 0xC6, 0x82, 0x9A, 0xBE, 0x01, 0xBA, 0xC6, 0xBA, 0xBE, 0x82, 0x9A, 0xBE, 0x01, 0xBA, 0xBE,
    0xBA, 0xC6, 0x83, 0x9A, 0xBE, 0x82, 0xBA, 0xC6, 0x02, 0x9A, 0xBE, 0x7A, 0xBE, 0x7A, 0xB6, 0x83,
    0x9A, 0xBE, 0x00, 0xBA, 0xC6, 0x81, 0xDA, 0xC6, 0x00, 0xBA, 0xC6, 0x82, 0xBA, 0xBE, 0x01, 0xBA,
    0xC6, 0xDA, 0xC6, 0x81, 0xBA, 0xC6, 0x01, 0xDA, 0xC6, 0xBA, 0xC6, 0x82, 0x9A, 0xBE, 0x02, 0xBA,
    0xBE, 0xBA, 0xC6, 0xBA, 0xBE, 0x82, 0x9A, 0xBE, 0x00, 0xBA, 0xC6, 0x83, 0x9A, 0xBE, 0x00, 0xBA,
    0xBE, 0x81, 0xBA, 0xC6, 0x02, 0xBA, 0xBE, 0x7A, 0xBE, 0x7A, 0xB6, 0x83, 0x9A, 0xBE, 0x02, 0xBA,
    0xBE, 0xBA, 0xC6, 0xDA, 0xC6, 0x81, 0xBA, 0xC6, 0x81, 0xBA, 0xBE, 0x01, 0xBA, 0xC6, 0xDA, 0xC6,
    0x81, 0xBA, 0xC6, 0x02, 0xDA, 0xC6, 0xBA, 0xC6, 0xBA, 0xBE, 0x82, 0x9A, 0xBE, 0x01, 0xBA, 0xC6,
    0xBA, 0xBE, 0x82, 0x9A, 0xBE, 0x01, 0xBA, 0xC6, 0xBA, 0xBE, 0x82, 0x9A, 0xBE, 0x81, 0xBA, 0xC6,
    0x82, 0x9A, 0xBE, 0x82, 0xBA, 0xBE, 0x82, 0x9A, 0xBE, 0x83, 0xBA, 0xBE, 0x84, 0x9A, 0xBE, 0x02,
    0x7A, 0xB6, 0x7B, 0xB6, 0x7A, 0xBE, 0x81, 0x9A, 0xBE, 0x00, 0xBA, 0xBE, 0x84, 0xBA, 0xC6, 0x82,
    0xBA, 0xBE, 0x01, 0xBA, 0xC6, 0xDA, 0xC6, 0x82, 0xBA, 0xC6, 0x00, 0xBA, 0xBE, 0x82, 0x9A, 0xBE,
    0x81, 0xBA, 0xBE, 0x82, 0x9A, 0xBE, 0x83, 0xBA, 0xBE, 0x84, 0x9A, 0xBE, 0x02, 0x7A, 0xBE, 0x7B,
    0xB6, 0x7A, 0xB6, 0x81, 0x9A, 0xBE, 0x00, 0xBA, 0xBE, 0x84, 0xBA, 0xC6, 0x82, 0xBA, 0xBE, 0x01,
    0xBA, 0xC6, 0xDA, 0xC6, 0x82, 0xBA, 0xC6, 0x00, 0xBA, 0xBE, 0x82, 0x9A, 0xBE, 0x81, 0xBA, 0xBE,
    0x83, 0x9A, 0xBE, 0x82, 0xBA, 0xBE, 0x84, 0x9A, 0xBE, 0x00, 0x7A, 0xBE, 0x81, 0x7B, 0xB6, 0x81,
    0x9A, 0xBE, 0x81, 0xBA, 0xBE, 0x84, 0xBA, 0xC6, 0x81, 0xBA, 0xBE, 0x00, 0xBA, 0xC6, 0x81, 0xDA,
    0xC6, 0x82, 0xBA, 0xC6, 0x82, 0x9A, 0xBE, 0x81, 0xBA, 0xBE, 0x83, 0x9A, 0xBE, 0x82, 0xBA, 0xBE,
    0x81, 0x9A, 0xBE, 0x00, 0xBA, 0xBE, 0x89, 0x9A, 0xBE, 0x02, 0xBA, 0xBE, 0x9A, 0xBE, 0xBA, 0xBE,
    0x8A, 0x9A, 0xBE, 0x82, 0xBA, 0xBE, 0x81, 0x9A, 0xBE, 0x00, 0xBA, 0xBE, 0x81, 0x9A, 0xBE, 0x00,
    0xBA, 0xBE, 0x83, 0xBA, 0xC6, 0x89, 0x9A, 0xBE, 0x83, 0xBA, 0xBE, 0x89, 0x9A, 0xBE, 0x82, 0xBA,
    0xBE, 0x81, 0x9A, 0xBE, 0x00, 0xBA, 0xBE, 0x81, 0x9A, 0xBE, 0x81, 0xBA, 0xBE, 0x82, 0xBA, 0xC6,
    0x89, 0x9A, 0xBE, 0x83, 0xBA, 0xBE, 0x8A, 0x9A, 0xBE, 0x81, 0xBA, 0xBE, 0x82, 0x9A, 0xBE, 0x01,
    0xBA, 0xBE, 0x9A, 0xBE, 0x81, 0xBA, 0xBE, 0x82, 0xBA, 0xC6, 0x00, 0xBA, 0xBE, 0x89, 0x9A, 0xBE,
    0x02, 0xBA, 0xBE, 0x9A, 0xBE, 0xBA, 0xBE, 0x81, 0x9A, 0xBE, 0x00, 0xBA, 0xC6, 0x83, 0x9A, 0xBE,
    0x01, 0x7A, 0xB6, 0x7A, 0xBE, 0x81, 0x9A, 0xBE, 0x82, 0xBA, 0xBE, 0x01, 0x9A, 0xBE, 0xBA, 0xBE,
    0x81, 0x9A, 0xBE, 0x83, 0xBA, 0xBE, 0x01, 0xBA, 0xC6, 0xBA, 0xBE, 0x89, 0x9A, 0xBE, 0x81, 0xBA,
    0xBE, 0x83, 0xBA, 0xC6, 0x83, 0x9A, 0xBE, 0x01, 0x7A, 0xBE, 0x7A, 0xB6, 0x82, 0x9A, 0xBE, 0x81,
    0xBA, 0xBE, 0x84, 0x9A, 0xBE, 0x82, 0xBA, 0xBE, 0x01, 0xBA, 0xC6, 0xBA, 0xBE, 0x83, 0x9A, 0xBE,
    0x00, 0xBA, 0xBE, 0x83, 0x9A, 0xBE, 0x02, 0xBA, 0xBE, 0x9A, 0xBE, 0xBA, 0xBE, 0x83, 0xBA, 0xC6,
    0x00, 0xBA, 0xBE, 0x82, 0x9A, 0xBE, 0x01, 0x7A, 0xBE, 0x7A, 0xB6, 0x82, 0x9A, 0xBE, 0x81, 0xBA,
    0xBE, 0x84, 0x9A, 0xBE, 0x82, 0xBA, 0xBE, 0x01, 0xBA, 0xC6, 0xBA, 0xBE, 0x83, 0x9A, 0xBE, 0x00,
    0xBA, 0xBE, 0x83, 0x9A, 0xBE, 0x02, 0xBA, 0xBE, 0x9A, 0xBE, 0xBA, 0xBE, 0x84, 0xBA, 0xC6, 0x83,
    0x9A, 0xBE, 0x01, 0x7A, 0xB6, 0x7A, 0xBE, 0x81, 0x9A, 0xBE, 0x82, 0xBA, 0xBE, 0x01, 0x9A, 0xBE,
    0xBA, 0xBE, 0x81, 0x9A, 0xBE, 0x01, 0xBA, 0xC6, 0xBA, 0xBE, 0x82, 0x9A, 0xBE, 0x01, 0x7A, 0xBE,
    0x9A, 0xBE, 0x84, 0xBA, 0xBE, 0x83, 0x9A, 0xBE, 0x00, 0xBA, 0xBE, 0x83, 0xBA, 0xC6, 0x01, 0xBA,
    0xBE, 0x9A, 0xBE, 0x83, 0xBA, 0xBE, 0x82, 0x9A, 0xBE, 0x00, 0xBA, 0xBE, 0x81, 0xBA, 0xC6, 0x01,
    0xDA, 0xC6, 0xBA, 0xC6, 0x81, 0xBA, 0xBE, 0x01, 0xBA, 0xC6, 0xBA, 0xBE, 0x82, 0x9A, 0xBE, 0x81,
    0x7A, 0xBE, 0x00, 0x9A, 0xBE, 0x83, 0xBA, 0xBE, 0x83, 0x9A, 0xBE, 0x00, 0xBA, 0xBE, 0x83, 0xBA,
    0xC6, 0x00, 0xBA, 0xBE, 0x81, 0x9A, 0xBE, 0x81, 0xBA, 0xBE, 0x00, 0xBA, 0xC6, 0x82, 0x9A, 0xBE,
    0x00, 0xBA, 0xBE, 0x83, 0xBA, 0xC6, 0x82, 0xBA, 0xBE, 0x00, 0xBA, 0xC6, 0x82, 0x9A, 0xBE, 0x81,
    0x7A, 0xBE, 0x00, 0x9A, 0xBE, 0x83, 0xBA, 0xBE, 0x83, 0x9A, 0xBE, 0x00, 0xBA, 0xBE, 0x84, 0xBA,
    0xC6, 0x01, 0xBA, 0xBE, 0x9A, 0xBE, 0x81, 0xBA, 0xBE, 0x01, 0xBA, 0xC6, 0xBA, 0xBE, 0x82, 0x9A,
    0xBE, 0x82, 0xBA, 0xC6, 0x01, 0xDA, 0xC6, 0xBA, 0xC6, 0x81, 0xBA, 0xBE, 0x01, 0xBA, 0xC6, 0xBA,
    0xBE, 0x81, 0x9A, 0xBE, 0x81, 0x7A, 0xBE, 0x00, 0x9A, 0xBE, 0x84, 0xBA, 0xBE, 0x8B, 0x9A, 0xBE,
    0x81, 0xBA, 0xBE, 0x84, 0x9A, 0xBE, 0x00, 0xBA, 0xBE, 0x81, 0xBA, 0xC6, 0x81, 0xDA, 0xC6, 0x81,
    0xBA, 0xC6, 0x01, 0xBA, 0xBE, 0x9A, 0xBE, 0x82, 0xBA, 0xC6, 0x04, 0xBA, 0xBE, 0x9A, 0xBE, 0xBA,
    0xBE, 0xBA, 0xC6, 0xDA, 0xC6, 0x83, 0xBA, 0xC6, 0x88, 0x9A, 0xBE, 0x82, 0xBA, 0xBE, 0x84, 0x9A,
    0xBE, 0x81, 0xBA, 0xC6, 0x81, 0xDA, 0xC6, 0x81, 0xBA, 0xC6, 0x02, 0xBA, 0xBE, 0x9A, 0xBE, 0xBA,
    0xBE, 0x82, 0xBA, 0xC6, 0x81, 0x9A, 0xBE, 0x82, 0xBA, 0xC6, 0x00, 0xDA, 0xC6, 0x81, 0xBA, 0xC6,
    0x00, 0xBA, 0xBE, 0x87, 0x9A, 0xBE, 0x82, 0xBA, 0xBE, 0x84, 0x9A, 0xBE, 0x82, 0xBA, 0xC6, 0x00,
    0xDA, 0xC6, 0x82, 0xBA, 0xC6, 0x01, 0x9A, 0xBE, 0xBA, 0xBE, 0x82, 0xBA, 0xC6, 0x81, 0x9A, 0xBE,
    0x81, 0xBA, 0xC6, 0x00, 0xDA, 0xC6, 0x82, 0xBA, 0xC6, 0x00, 0xBA, 0xBE, 0x88, 0x9A, 0xBE, 0x81,
    0xBA, 0xBE, 0x84, 0x9A, 0xBE, 0x00, 0xBA, 0xC6, 0x81, 0x7A, 0xBE, 0x03, 0x9A, 0xBE, 0xBA, 0xC6,
    0x9A, 0xBE, 0x7A, 0xBE, 0x88, 0x9A, 0xBE, 0x81, 0xBA, 0xC6, 0x82, 0xDA, 0xC6, 0x04, 0xBA, 0xC6,
    0xDA, 0xC6, 0xBA, 0xC6, 0x9A, 0xBE, 0xBA, 0xBE, 0x82, 0xBA, 0xC6, 0x02, 0x9A, 0xBE, 0xBA, 0xC6,
    0xDA, 0xC6, 0x83, 0xBA, 0xC6, 0x01, 0xBA, 0xBE, 0x9A, 0xBE, 0x81, 0x7A, 0xBE, 0x03, 0x9A, 0xBE,
    0xBA, 0xC6, 0x9A, 0xBE, 0x7A, 0xBE, 0x88, 0x9A, 0xBE, 0x01, 0xBA, 0xBE, 0xBA, 0xC6, 0x82, 0xDA,
    0xC6, 0x02, 0xBA, 0xC6, 0xDA, 0xC6, 0xBA, 0xC6, 0x81, 0x9A, 0xBE, 0x82, 0xBA, 0xC6, 0x81, 0xBA,
    0xBE, 0x84, 0xBA, 0xC6, 0x01, 0xBA, 0xBE, 0x9A, 0xBE, 0x81, 0x7A, 0xBE, 0x00, 0x9A, 0xBE, 0x81,
    0xBA, 0xBE, 0x00, 0x7A, 0xBE, 0x88, 0x9A, 0xBE, 0x01, 0xBA, 0xBE, 0xBA, 0xC6, 0x82, 0xDA, 0xC6,
    0x00, 0xBA, 0xC6, 0x81, 0xDA, 0xC6, 0x02, 0xBA, 0xBE, 0x9A, 0xBE, 0xBA, 0xBE, 0x81, 0xBA, 0xC6,
    0x81, 0xBA, 0xBE, 0x85, 0xBA, 0xC6, 0x01, 0xBA, 0xBE, 0x9A, 0xBE, 0x81, 0x7A, 0xBE, 0x01, 0xBA,
    0xBE, 0xBA, 0xC6, 0x8A, 0x9A, 0xBE, 0x06, 0xBA, 0xC6, 0x7A, 0xBE, 0x9A, 0xBE, 0xBA, 0xBE, 0xBA,
    0xC6, 0x9A, 0xBE, 0x7A, 0xBE, 0x82, 0x9A, 0xBE, 0x00, 0xBA, 0xBE, 0x81, 0xDB, 0xCE, 0x03, 0xDB,
    0xC6, 0xBB, 0xC6, 0xDB, 0xC6, 0xDB, 0xCE, 0x86, 0xFB, 0xCE, 0x83, 0xDB, 0xC6, 0x87, 0xDB, 0xCE,
    0x83, 0xBB, 0xC6, 0x02, 0xDB, 0xC6, 0xFB, 0xCE, 0xDB, 0xC6, 0x81, 0xBB, 0xC6, 0x82, 0xDB, 0xC6,
    0x81, 0xDB, 0xCE, 0x02, 0xDB, 0xC6, 0xBB, 0xC6, 0xDB, 0xC6, 0x81, 0xDB, 0xCE, 0x85, 0xFB, 0xCE,
    0x00, 0xDB, 0xCE, 0x82, 0xDB, 0xC6, 0x87, 0xDB, 0xCE, 0x00, 0xDB, 0xC6, 0x83, 0xBB, 0xC6, 0x81,
    0xDB, 0xCE, 0x81, 0xBB, 0xC6, 0x83, 0xDB, 0xC6, 0x81, 0xDB, 0xCE, 0x81, 0xBB, 0xC6, 0x81, 0xDB,
    0xCE, 0x85, 0xFB, 0xCE, 0x00, 0xDB, 0xCE, 0x82, 0xDB, 0xC6, 0x87, 0xDB, 0xCE, 0x00, 0xDB, 0xC6,
    0x83, 0xBB, 0xC6, 0x02, 0xDB, 0xCE, 0xFB, 0xCE, 0xDB, 0xC6, 0x81, 0xBB, 0xC6, 0x81, 0x9A, 0xBE,
    0x00, 0xBA, 0xBE, 0x81, 0xBA, 0xC6, 0x81, 0x9A, 0xBE, 0x03, 0xBA, 0xBE, 0xBA, 0xC6, 0x7A, 0xBE,
    0x9A, 0xBE, 0x82, 0xBA, 0xC6, 0x83, 0x9A, 0xBE, 0x00, 0x1B, 0xD7, 0xEC, 0xFF, 0xFF, 0x01, 0xFC,
    0xCE, 0xBA, 0xBE, 0x82, 0xBA, 0xC6, 0x06, 0xBA, 0xBE, 0x9A, 0xBE, 0xBA, 0xBE, 0xBA, 0xC6, 0x7A,
    0xBE, 0xBA, 0xC6, 0xDA, 0xC6, 0x82, 0xBA, 0xC6, 0x81, 0x9A, 0xBE, 0x01, 0xBA, 0xBE, 0x1B, 0xD7,
    0xEC, 0xFF, 0xFF, 0x02, 0xFC, 0xCE, 0xBA, 0xBE, 0xBA, 0xC6, 0x81, 0xDA, 0xC6, 0x83, 0xBA, 0xC6,
    0x01, 0x9A, 0xBE, 0xBA, 0xC6, 0x81, 0xDA, 0xC6, 0x81, 0xBA, 0xC6, 0x03, 0x9A, 0xBE, 0xBA, 0xBE,
    0xBA, 0xC6, 0xFB, 0xD6, 0xEC, 0xFF, 0xFF, 0x00, 0xFB, 0xD6, 0x81, 0xBA, 0xC6, 0x81, 0xDA, 0xC6,
    0x01, 0xBA, 0xC6, 0xBA, 0xBE, 0x81, 0xBA, 0xC6, 0x01, 0xBA, 0xBE, 0xBA, 0xC6, 0x81, 0xDA, 0xC6,
    0x00, 0xBA, 0xC6, 0x81, 0xBA, 0xBE, 0x02, 0x9A, 0xBE, 0xBA, 0xBE, 0xFB, 0xCE, 0xEC, 0xFF, 0xFF,
    0x00, 0xFC, 0xCE, 0x81, 0xBA, 0xBE, 0x82, 0xBA, 0xC6, 0x81, 0xBA, 0xBE, 0x84, 0xBA, 0xC6, 0x81,
    0xBA, 0xBE, 0x81, 0xBA, 0xC6, 0x01, 0xBA, 0xBE, 0xDC, 0xCE, 0xEC, 0xFF, 0xFF, 0x01, 0x1B, 0xD7,
    0x9A, 0xBE, 0x81, 0x7A, 0xB6, 0x00, 0x9A, 0xBE, 0x81, 0xBA, 0xC6, 0x00, 0x9A, 0xBE, 0x81, 0xBA,
    0xBE, 0x04, 0x9A, 0xBE, 0xBA, 0xBE, 0xBA, 0xC6, 0xBA, 0xBE, 0x9A, 0xBE, 0x81, 0xBA, 0xC6, 0x01,
    0x9A, 0xBE, 0xDC, 0xCE, 0xEC, 0xFF, 0xFF, 0x04, 0x1B, 0xD7, 0x9A, 0xBE, 0x5B, 0xB6, 0x7B, 0xB6,
    0x9A, 0xBE, 0x82, 0xBA, 0xC6, 0x01, 0xBA, 0xBE, 0x9A, 0xBE, 0x82, 0xBA, 0xBE, 0x81, 0x9A, 0xBE,
    0x03, 0xBA, 0xBE, 0xBA, 0xC6, 0xBA, 0xBE, 0xDC, 0xCE, 0xEC, 0xFF, 0xFF, 0x01, 0x1B, 0xD7, 0x9A,
    0xBE, 0x81, 0x7A, 0xB6, 0x00, 0x9A, 0xBE, 0x82, 0xBA, 0xC6, 0x81, 0xBA, 0xBE, 0x82, 0x9A, 0xBE,
    0x05, 0x7A, 0xBE, 0x9A, 0xBE, 0xBA, 0xBE, 0xBA, 0xC6, 0xBA, 0xBE, 0xFC, 0xCE, 0xEC, 0xFF, 0xFF,
    0x01, 0x1B, 0xD7, 0xBA, 0xBE, 0x81, 0x7A, 0xBE, 0x81, 0x9A, 0xBE, 0x84, 0xBA, 0xC6, 0x00, 0xBA,
    0xBE, 0x83, 0x9A, 0xBE, 0x02, 0xBA, 0xBE, 0x9A, 0xBE, 0xFC, 0xCE, 0xEC, 0xFF, 0xFF, 0x00, 0x1B,
    0xD7, 0x83, 0x9A, 0xBE, 0x00, 0xBA, 0xBE, 0x84, 0xBA, 0xC6, 0x01, 0xDA, 0xC6, 0xBA, 0xC6, 0x84,
    0x9A, 0xBE, 0x00, 0xFC, 0xCE, 0xEC, 0xFF, 0xFF, 0x00, 0xFC, 0xCE, 0x81, 0x9A, 0xBE, 0x81, 0xBA,
    0xBE, 0x81, 0xBA, 0xC6, 0x00, 0xBA, 0xBE, 0x82, 0xBA, 0xC6, 0x02, 0xDA, 0xC6, 0xBA, 0xC6, 0x9A,
    0xBE, 0x81, 0x7A, 0xBE, 0x81, 0x9A, 0xBE, 0x00, 0xFC, 0xCE, 0xEC, 0xFF, 0xFF, 0x02, 0xFC, 0xCE,
    0x9A, 0xBE, 0xBA, 0xBE, 0x83, 0xBA, 0xC6, 0x81, 0x9A, 0xBE, 0x82, 0xBA, 0xC6, 0x00, 0xBA, 0xBE,
    0x84, 0x9A, 0xBE, 0x00, 0xFC, 0xCE, 0xEC, 0xFF, 0xFF, 0x00, 0xFC, 0xCE, 0x83, 0x9A, 0xBE, 0x81,
    0xBA, 0xC6, 0x87, 0x9A, 0xBE, 0x00, 0xBA, 0xBE, 0x81, 0x9A, 0xBE, 0x00, 0x1B, 0xD7, 0xEC, 0xFF,
    0xFF, 0x03, 0xFC, 0xCE, 0x9A, 0xBE, 0xBA, 0xC6, 0xBA, 0xBE, 0x81, 0x9A, 0xBE, 0x82, 0xBA, 0xBE,
    0x01, 0x7A, 0xBE, 0x7A, 0xB6, 0x81, 0x9A, 0xBE, 0x00, 0xBA, 0xBE, 0x83, 0x9A, 0xBE, 0x00, 0xFB,
    0xD6, 0xEC, 0xFF, 0xFF, 0x03, 0xFC, 0xCE, 0x9A, 0xBE, 0xBA, 0xBE, 0x9A, 0xBE, 0x82, 0xBA, 0xBE,
    0x81, 0xBA, 0xC6, 0x88, 0x9A, 0xBE, 0x00, 0xFC, 0xCE, 0xEC, 0xFF, 0xFF, 0x00, 0xFB, 0xCE, 0x81,
    0x9A, 0xBE, 0x00, 0xBA, 0xBE, 0x83, 0xBA, 0xC6, 0x00, 0xBA, 0xBE, 0x82, 0x9A, 0xBE, 0x02, 0x7A,
    0xBE, 0x9A, 0xBE, 0xBA, 0xBE, 0x81, 0x9A, 0xBE, 0x01, 0xBA, 0xBE, 0xFB, 0xD6, 0xEC, 0xFF, 0xFF,
    0x01, 0xFB, 0xD6, 0xBA, 0xBE, 0x83, 0xBA, 0xC6, 0x00, 0xBA, 0xBE, 0x86, 0x9A, 0xBE, 0x00, 0xBA,
    0xBE, 0x81, 0x9A, 0xBE, 0x01, 0xBA, 0xC6, 0x1B, 0xD7, 0xEC, 0xFF, 0xFF, 0x00, 0xFB, 0xD6, 0x81,
    0xBA, 0xC6, 0x02, 0xBA, 0xBE, 0x9A, 0xBE, 0xBA, 0xBE, 0x82, 0x9A, 0xBE, 0x87, 0xBA, 0xBE, 0x01,
    0xBA, 0xC6, 0xFB, 0xCE, 0xEC, 0xFF, 0xFF, 0x01, 0x1B, 0xD7, 0xBA, 0xBE, 0x81, 0x9A, 0xBE, 0x02,
    0xBA, 0xC6, 0xBA, 0xBE, 0x9A, 0xBE, 0x81, 0x7A, 0xBE, 0x88, 0xBA, 0xBE, 0x00, 0xFC, 0xCE, 0xEC,
    0xFF, 0xFF, 0x01, 0x1B, 0xD7, 0xBA, 0xBE, 0x81, 0x9A, 0xBE, 0x00, 0xBA, 0xC6, 0x82, 0x9A, 0xBE,
    0x00, 0x7A, 0xBE, 0x83, 0xBA, 0xBE, 0x83, 0x9A, 0xBE, 0x01, 0xBA, 0xBE, 0xFC, 0xCE, 0xEC, 0xFF,
    0xFF, 0x02, 0xFB, 0xCE, 0xBA, 0xBE, 0x9A, 0xBE, 0x81, 0xBA, 0xC6, 0x00, 0xBA, 0xBE, 0x82, 0x9A,
    0xBE, 0x84, 0xBA, 0xBE, 0x82, 0x9A, 0xBE, 0x01, 0xBA, 0xBE, 0xFB, 0xD6, 0xEC, 0xFF, 0xFF, 0x00,
    0xFC, 0xCE, 0x81, 0xBA, 0xBE, 0x82, 0xBA, 0xC6, 0x00, 0xBA, 0xBE, 0x82, 0x9A, 0xBE, 0x82, 0xBA,
    0xBE, 0x00, 0x9A, 0xBE, 0x81, 0xBA, 0xBE, 0x81, 0x9A, 0xBE, 0x00, 0xFB, 0xD6, 0xEC, 0xFF, 0xFF,
    0x03, 0xFC, 0xCE, 0x9A, 0xBE, 0xBA, 0xBE, 0xBA, 0xC6, 0x82, 0xBA, 0xBE, 0x82, 0x9A, 0xBE, 0x81,
    0xBA, 0xC6, 0x81, 0x9A, 0xBE, 0x82, 0xBA, 0xBE, 0x01, 0x9A, 0xBE, 0xFB, 0xD6, 0xEC, 0xFF, 0xFF,
    0x02, 0xFB, 0xCE, 0x9A, 0xBE, 0xBA, 0xBE, 0x86, 0x9A, 0xBE, 0x00, 0xBA, 0xC6, 0x85, 0xBA, 0xBE,
    0x01, 0xBA, 0xC6, 0x1B, 0xD7, 0xEC, 0xFF, 0xFF, 0x00, 0x1B, 0xD7, 0x81, 0xBA, 0xC6, 0x81, 0x9A,
    0xBE, 0x00, 0x7A, 0xBE, 0x81, 0x9A, 0xBE, 0x84, 0xBA, 0xBE, 0x81, 0xBA, 0xC6, 0x81, 0xBA, 0xBE,
    0x01, 0xBA, 0xC6, 0x1B, 0xD7, 0xEC, 0xFF, 0xFF, 0x00, 0xFB, 0xD6, 0x81, 0xBA, 0xC6, 0x81, 0x9A,
    0xBE, 0x02, 0x7A, 0xBE, 0x9A, 0xBE, 0xBA, 0xBE, 0x81, 0xBA, 0xC6, 0x00, 0xBA, 0xBE, 0x82, 0x9A,
    0xBE, 0x04, 0xBA, 0xBE, 0xBA, 0xC6, 0xBA, 0xBE, 0xBA, 0xC6, 0xFB, 0xCE, 0xEC, 0xFF, 0xFF, 0x02,
    0xFB, 0xD6, 0xBA, 0xC6, 0xBA, 0xBE, 0x83, 0x9A, 0xBE, 0x00, 0xBA, 0xBE, 0x82, 0xBA, 0xC6, 0x83,
    0x9A, 0xBE, 0x81, 0xBA, 0xBE, 0x01, 0x9A, 0xBE, 0xFC, 0xCE, 0xEC, 0xFF, 0xFF, 0x00, 0xFC, 0xCE,
    0x85, 0x9A, 0xBE, 0x81, 0xBA, 0xBE, 0x02, 0xBA, 0xC6, 0xDA, 0xC6, 0xBA, 0xC6, 0x81, 0x9A, 0xBE,
    0x00, 0xBA, 0xBE, 0x81, 0xBA, 0xC6, 0x01, 0x9A, 0xBE, 0xFC, 0xCE, 0xEC, 0xFF, 0xFF, 0x00, 0xFB,
    0xD6, 0x82, 0x9A, 0xBE, 0x00, 0xBA, 0xC6, 0x83, 0xBA, 0xBE, 0x02, 0xBA, 0xC6, 0xDA, 0xC6, 0xBA,
    0xC6, 0x81, 0x9A, 0xBE, 0x81, 0xBA, 0xBE, 0x02, 0xBA, 0xC6, 0xBA, 0xBE, 0xFC, 0xCE, 0xEC, 0xFF,
    0xFF, 0x05, 0x1B, 0xD7, 0xBA, 0xBE, 0x9A, 0xBE, 0xBA, 0xBE, 0xBA, 0xC6, 0xBA, 0xBE, 0x81, 0x9A,
    0xBE, 0x03, 0xBA, 0xBE, 0xBA, 0xC6, 0xDA, 0xC6, 0xBA, 0xC6, 0x82, 0x9A, 0xBE, 0x81, 0xBA, 0xC6,
    0x01, 0xBA, 0xBE, 0xFC, 0xCE, 0xEC, 0xFF, 0xFF, 0x01, 0xFB, 0xD6, 0xBA, 0xBE, 0x81, 0x9A, 0xBE,
    0x01, 0xBA, 0xC6, 0xBA, 0xBE, 0x82, 0x9A, 0xBE, 0x81, 0xBA, 0xC6, 0x00, 0xBA, 0xBE, 0x82, 0x9A,
    0xBE, 0x81, 0xBA, 0xBE, 0x01, 0x9A, 0xBE, 0xFC, 0xCE, 0xEC, 0xFF, 0xFF, 0x00, 0xFC, 0xCE, 0x82,
    0x9A, 0xBE, 0x00, 0xBA, 0xC6, 0x81, 0xBA, 0xBE, 0x81, 0x9A, 0xBE, 0x00, 0xBA, 0xBE, 0x87, 0x9A,
    0xBE, 0x00, 0xFC, 0xCE, 0xEC, 0xFF, 0xFF, 0x00, 0xFC, 0xCE, 0x81, 0x9A, 0xBE, 0x83, 0xBA, 0xBE,
    0x85, 0x9A, 0xBE, 0x01, 0x7A, 0xBE, 0x7A, 0xB6, 0x82, 0x9A, 0xBE, 0x00, 0xFC, 0xCE, 0xEC, 0xFF,
    0xFF, 0x00, 0xFC, 0xCE, 0x81, 0x9A, 0xBE, 0x00, 0xBA, 0xBE, 0x84, 0x9A, 0xBE, 0x00, 0xBA, 0xC6,
    0x82, 0x9A, 0xBE, 0x81, 0x7A, 0xBE, 0x81, 0x9A, 0xBE, 0x01, 0xBA, 0xBE, 0xFB, 0xD6, 0xEC, 0xFF,
    0xFF, 0x00, 0xFC, 0xCE, 0x82, 0xBA, 0xBE, 0x83, 0x9A, 0xBE, 0x00, 0xBA, 0xBE, 0x86, 0x9A, 0xBE,
    0x81, 0xBA, 0xBE, 0x00, 0xFB, 0xD6, 0xEC, 0xFF, 0xFF, 0x00, 0xFB, 0xD6, 0x82, 0xBA, 0xBE, 0x83,
    0x9A, 0xBE, 0x02, 0xBA, 0xC6, 0x7A, 0xBE, 0x9A, 0xBE, 0x81, 0xBA, 0xBE, 0x84, 0x9A, 0xBE, 0x00,
    0xFC, 0xCE, 0xEC, 0xFF, 0xFF, 0x00, 0xFB, 0xCE, 0x85, 0x9A, 0xBE, 0x01, 0xBA, 0xBE, 0xBA, 0xC6,
    0x81, 0x9A, 0xBE, 0x02, 0xBA, 0xC6, 0xBA, 0xBE, 0x7A, 0xBE, 0x83, 0x9A, 0xBE, 0x00, 0xFC, 0xCE,
    0xEC, 0xFF, 0xFF, 0x00, 0xFC, 0xCE, 0x81, 0x9A, 0xBE, 0x00, 0xBA, 0xBE, 0x82, 0x9A, 0xBE, 0x81,
    0xBA, 0xC6, 0x01, 0x9A, 0xBE, 0xBA, 0xBE, 0x81, 0xBA, 0xC6, 0x83, 0x9A, 0xBE, 0x01, 0xBA, 0xBE,
    0xFB, 0xD6, 0xEC, 0xFF, 0xFF, 0x01, 0xFC, 0xCE, 0xBA, 0xBE, 0x81, 0xBA, 0xC6, 0x00, 0xBA, 0xBE,
    0x81, 0x9A, 0xBE, 0x81, 0xBA, 0xC6, 0x00, 0x9A, 0xBE, 0x81, 0xDA, 0xC6, 0x81, 0xBA, 0xC6, 0x82,
    0x9A, 0xBE, 0x01, 0xBA, 0xC6, 0x1B, 0xD7, 0xEC, 0xFF, 0xFF, 0x00, 0xFB, 0xCE, 0x81, 0xBA, 0xC6,
    0x02, 0xDA, 0xC6, 0xBA, 0xC6, 0xBA, 0xBE, 0x82, 0xBA, 0xC6, 0x00, 0x9A, 0xBE, 0x81, 0xDA, 0xC6,
    0x81, 0xBA, 0xC6, 0x81, 0xBA, 0xBE, 0x81, 0xBA, 0xC6, 0x00, 0x1B, 0xD7, 0xEC, 0xFF, 0xFF, 0x01,
    0x1B, 0xD7, 0xBA, 0xC6, 0x82, 0xDA, 0xC6, 0x82, 0xBA, 0xC6, 0x01, 0xDA, 0xC6, 0xBA, 0xC6, 0x81,
    0xDA, 0xC6, 0x00, 0xBA, 0xC6, 0x81, 0xBA, 0xBE, 0x00, 0x9A, 0xBE, 0x81, 0xBA, 0xBE, 0x00, 0x1B,
    0xD7, 0xEC, 0xFF, 0xFF, 0x01, 0xFB, 0xD6, 0xBA, 0xBE, 0x82, 0xDA, 0xC6, 0x01, 0xBA, 0xC6, 0xBA,
    0xBE, 0x83, 0xBA, 0xC6, 0x02, 0xDA, 0xC6, 0xBA, 0xC6, 0xBA, 0xBE, 0x81, 0xBA, 0xC6, 0x02, 0xBA,
    0xBE, 0x9A, 0xBE, 0xDC, 0xCE, 0xEC, 0xFF, 0xFF, 0x03, 0xFC, 0xCE, 0x9A, 0xBE, 0x7A, 0xBE, 0x9A,
    0xBE, 0x81, 0xBA, 0xC6, 0x81, 0xBA, 0xBE, 0x00, 0xBA, 0xC6, 0x81, 0xBA, 0xBE, 0x81, 0xBA, 0xC6,
    0x81, 0xBA, 0xBE, 0x81, 0xBA, 0xC6, 0x01, 0x7A, 0xBE, 0xDC, 0xCE, 0xEC, 0xFF, 0xFF, 0x03, 0x1B,
    0xD7, 0x7A, 0xB6, 0x5B, 0xB6, 0x7A, 0xBE, 0x82, 0xBA, 0xC6, 0x05, 0x9A, 0xBE, 0xBA, 0xC6, 0x9A,
    0xBE, 0xBA, 0xBE, 0xBA, 0xC6, 0xBA, 0xBE, 0x81, 0x9A, 0xBE, 0x81, 0xBA, 0xC6, 0x01, 0x9A, 0xBE,
    0xDC, 0xCE, 0xEC, 0xFF, 0xFF, 0x03, 0xFB, 0xD6, 0x7A, 0xBE, 0x7B, 0xB6, 0x9A, 0xBE, 0x83, 0xBA,
    0xC6, 0x81, 0xBA, 0xBE, 0x82, 0x9A, 0xBE, 0x01, 0x7A, 0xBE, 0x9A, 0xBE, 0x81, 0xBA, 0xC6, 0x01,
    0x9A, 0xBE, 0xDC, 0xCE, 0xEC, 0xFF, 0xFF, 0x04, 0x1B, 0xD7, 0x9A, 0xBE, 0x7A, 0xB6, 0x7A, 0xBE,
    0x9A, 0xBE, 0x83, 0xBA, 0xC6, 0x02, 0xBA, 0xBE, 0x9A, 0xBE, 0xBA, 0xBE, 0x82, 0x9A, 0xBE, 0x03,
    0xBA, 0xBE, 0xBA, 0xC6, 0x9A, 0xBE, 0xFC, 0xCE, 0xEC, 0xFF, 0xFF, 0x02, 0xFB, 0xD6, 0x9A, 0xBE,
    0x7A, 0xBE, 0x81, 0x9A, 0xBE, 0x00, 0xBA, 0xBE, 0x85, 0xBA, 0xC6, 0x85, 0x9A, 0xBE, 0x00, 0xFC,
    0xCE, 0xEC, 0xFF, 0xFF, 0x00, 0xFC, 0xCE, 0x82, 0x9A, 0xBE, 0x00, 0xBA, 0xBE, 0x82, 0xBA, 0xC6,
    0x01, 0xBA, 0xBE, 0xBA, 0xC6, 0x81, 0xDA, 0xC6, 0x81, 0x9A, 0xBE, 0x00, 0x7A, 0xBE, 0x82, 0x9A,
    0xBE, 0x00, 0xFB, 0xCE, 0xEC, 0xFF, 0xFF, 0x02, 0xFC, 0xCE, 0x9A, 0xBE, 0xBA, 0xBE, 0x82, 0xBA,
    0xC6, 0x82, 0xBA, 0xBE, 0x82, 0xBA, 0xC6, 0x81, 0x9A, 0xBE, 0x00, 0x7A, 0xBE, 0x82, 0x9A, 0xBE,
    0x00, 0xFB, 0xCE, 0xEC, 0xFF, 0xFF, 0x01, 0xFC, 0xCE, 0x9A, 0xBE, 0x81, 0xBA, 0xBE, 0x81, 0xBA,
    0xC6, 0x00, 0xBA, 0xBE, 0x8A, 0x9A, 0xBE, 0x00, 0xFB, 0xD6, 0xEC, 0xFF, 0xFF, 0x00, 0xFC, 0xCE,
    0x81, 0xBA, 0xBE, 0x81, 0x9A, 0xBE, 0x81, 0xBA, 0xBE, 0x01, 0x9A, 0xBE, 0xBA, 0xBE, 0x81, 0x7A,
    0xBE, 0x81, 0x9A, 0xBE, 0x00, 0xBA, 0xBE, 0x82, 0x9A, 0xBE, 0x01, 0xBA, 0xC6, 0x1B, 0xD7, 0xEC,
    0xFF, 0xFF, 0x01, 0xFB, 0xD6, 0xBA, 0xC6, 0x83, 0xBA, 0xBE, 0x82, 0xBA, 0xC6, 0x81, 0x7A, 0xBE,
    0x86, 0x9A, 0xBE, 0x00, 0xFC, 0xCE, 0xEC, 0xFF, 0xFF, 0x00, 0xFC, 0xCE, 0x81, 0x9A, 0xBE, 0x81,
    0xBA, 0xBE, 0x82, 0xBA, 0xC6, 0x00, 0xBA, 0xBE, 0x86, 0x9A, 0xBE, 0x81, 0xBA, 0xBE, 0x00, 0xFB,
    0xD6, 0xEC, 0xFF, 0xFF, 0x00, 0xFB, 0xD6, 0x81, 0xBA, 0xBE, 0x81, 0xBA, 0xC6, 0x82, 0xBA, 0xBE,
    0x84, 0x9A, 0xBE, 0x00, 0xBA, 0xBE, 0x81, 0x9A, 0xBE, 0x02, 0xBA, 0xBE, 0xBA, 0xC6, 0xFB, 0xCE,
    0xEC, 0x9E, 0xEF, 0x00, 0xFB, 0xCE, 0x81, 0xBA, 0xC6, 0x82, 0xBA, 0xBE, 0x82, 0x9A, 0xBE, 0x81,
    0xBA, 0xBE, 0x00, 0x9A, 0xBE, 0x83, 0xBA, 0xBE, 0x81, 0xBA, 0xC6, 0x00, 0x9A, 0xBE, 0x81, 0xBA,
    0xBE, 0x81, 0x9A, 0xBE, 0x81, 0x7A, 0xBE, 0x81, 0x9A, 0xBE, 0x84, 0xBA, 0xC6, 0x81, 0xBA, 0xBE,
    0x81, 0xBA, 0xC6, 0x00, 0xBA, 0xBE, 0x84, 0xBA, 0xC6, 0x00, 0xBA, 0xBE, 0x82, 0x9A, 0xBE, 0x85,
    0xBA, 0xBE, 0x00, 0x9A, 0xBE, 0x81, 0xBA, 0xC6, 0x02, 0xBA, 0xBE, 0x9A, 0xBE, 0xBA, 0xBE, 0x81,
    0x9A, 0xBE, 0x81, 0x7A, 0xBE, 0x81, 0x9A, 0xBE, 0x84, 0xBA, 0xC6, 0x81, 0xBA, 0xBE, 0x81, 0xBA,
    0xC6, 0x81, 0xBA, 0xBE, 0x83, 0xBA, 0xC6, 0x00, 0xBA, 0xBE, 0x83, 0x9A, 0xBE, 0x81, 0xBA, 0xBE,
    0x00, 0x9A, 0xBE, 0x83, 0xBA, 0xBE, 0x02, 0xBA, 0xC6, 0xBA, 0xBE, 0x9A, 0xBE, 0x81, 0xBA, 0xBE,
    0x00, 0x9A, 0xBE, 0x81, 0x7A, 0xBE, 0x81, 0x9A, 0xBE, 0x00, 0xBA, 0xBE, 0x83, 0xBA, 0xC6, 0x82,
    0xBA, 0xBE, 0x00, 0xBA, 0xC6, 0x81, 0xBA, 0xBE, 0x83, 0xBA, 0xC6, 0x81, 0xBA, 0xBE, 0x82, 0x9A,
    0xBE, 0x81, 0xBA, 0xBE, 0x00, 0x9A, 0xBE, 0x83, 0xBA, 0xBE, 0x02, 0xBA, 0xC6, 0xBA, 0xBE, 0x9A,
    0xBE, 0x81, 0xBA, 0xBE, 0x81, 0x9A, 0xBE, 0x01, 0x7A, 0xBE, 0x9A, 0xBE, 0x86, 0xBA, 0xBE, 0x01,
    0xBA, 0xC6, 0xBA, 0xBE, 0x81, 0x9A, 0xBE, 0x00, 0xBA, 0xC6, 0x82, 0x9A, 0xBE, 0x81, 0x7A, 0xBE,
    0x02, 0x9A, 0xBE, 0xBA, 0xC6, 0xDA, 0xC6, 0x82, 0xBA, 0xC6, 0x00, 0xBA, 0xBE, 0x86, 0xBA, 0xC6,
    0x05, 0xBA, 0xBE, 0xBA, 0xC6, 0xBA, 0xBE, 0x9A, 0xBE, 0x7A, 0xBE, 0x9A, 0xBE, 0x86, 0xBA, 0xBE,
    0x01, 0xBA, 0xC6, 0xBA, 0xBE, 0x81, 0x9A, 0xBE, 0x81, 0xBA, 0xBE, 0x81, 0x9A, 0xBE, 0x81, 0x7A,
    0xBE, 0x02, 0x9A, 0xBE, 0xBA, 0xC6, 0xDA, 0xC6, 0x82, 0xBA, 0xC6, 0x00, 0xBA, 0xBE, 0x88, 0xBA,
    0xC6, 0x02, 0xBA, 0xBE, 0x9A, 0xBE, 0x7A, 0xBE, 0x81, 0x9A, 0xBE, 0x86, 0xBA, 0xBE, 0x00, 0xBA,
    0xC6, 0x81, 0x9A, 0xBE, 0x81, 0xBA, 0xBE, 0x81, 0x9A, 0xBE, 0x81, 0x7A, 0xBE, 0x01, 0x9A, 0xBE,
    0xBA, 0xBE, 0x83, 0xBA, 0xC6, 0x81, 0xBA, 0xBE, 0x86, 0xBA, 0xC6, 0x01, 0xBA, 0xBE, 0xBA, 0xC6,
    0x83, 0x9A, 0xBE, 0x86, 0xBA, 0xBE, 0x01, 0xBA, 0xC6, 0xBA, 0xBE, 0x81, 0x9A, 0xBE, 0x00, 0xBA,
    0xC6, 0x81, 0x9A, 0xBE, 0x81, 0x7A, 0xBE, 0x83, 0xBA, 0xBE, 0x82, 0x9A, 0xBE, 0x81, 0xBA, 0xBE,
    0x03, 0x9A, 0xBE, 0xBA, 0xBE, 0xBA, 0xC6, 0xBA, 0xBE, 0x84, 0x9A, 0xBE, 0x83, 0xBA, 0xC6, 0x83,
    0xBA, 0xBE, 0x83, 0xBA, 0xC6, 0x81, 0x9A, 0xBE, 0x00, 0xBA, 0xBE, 0x83, 0x9A, 0xBE, 0x83, 0xBA,
    0xBE, 0x83, 0x9A, 0xBE, 0x00, 0xBA, 0xBE, 0x81, 0x9A, 0xBE, 0x01, 0xBA, 0xC6, 0xBA, 0xBE, 0x84,
    0x9A, 0xBE, 0x84, 0xBA, 0xC6, 0x82, 0xBA, 0xBE, 0x83, 0xBA, 0xC6, 0x02, 0xBA, 0xBE, 0x9A, 0xBE,
    0xBA, 0xBE, 0x84, 0x9A, 0xBE, 0x82, 0xBA, 0xBE, 0x83, 0x9A, 0xBE, 0x00, 0xBA, 0xBE, 0x81, 0x9A,
    0xBE, 0x01, 0xBA, 0xC6, 0xBA, 0xBE, 0x84, 0x9A, 0xBE, 0x00, 0xBA, 0xBE, 0x83, 0xBA, 0xC6, 0x82,
    0xBA, 0xBE, 0x84, 0xBA, 0xC6, 0x81, 0x9A, 0xBE, 0x00, 0xBA, 0xBE, 0x83, 0x9A, 0xBE, 0x83, 0xBA,
    0xBE, 0x82, 0x9A, 0xBE, 0x00, 0xBA, 0xBE, 0x81, 0x9A, 0xBE, 0x02, 0xBA, 0xBE, 0xBA, 0xC6, 0xBA,
    0xBE, 0x82, 0x9A, 0xBE, 0x84, 0xBA, 0xBE, 0x82, 0x9A, 0xBE, 0x81, 0xBA, 0xBE, 0x82, 0xBA, 0xC6,
    0x00, 0xBA, 0xBE, 0x83, 0x9A, 0xBE, 0x82, 0xBA, 0xBE, 0x81, 0xBA, 0xC6, 0x01, 0xBA, 0xBE, 0x9A,
    0xBE, 0x81, 0xBA, 0xC6, 0x81, 0x9A, 0xBE, 0x00, 0xBA, 0xBE, 0x81, 0x9A, 0xBE, 0x02, 0xBA, 0xBE,
    0x9A, 0xBE, 0x7B, 0xB6, 0x81, 0x9A, 0xBE, 0x84, 0xBA, 0xBE, 0x82, 0x9A, 0xBE, 0x81, 0xBA, 0xBE,
    0x82, 0xBA, 0xC6, 0x00, 0xBA, 0xBE, 0x83, 0x9A, 0xBE, 0x83, 0xBA, 0xBE, 0x81, 0xBA, 0xC6, 0x04,
    0x9A, 0xBE, 0xBA, 0xBE, 0xBA, 0xC6, 0xBA, 0xBE, 0x9A, 0xBE, 0x81, 0xBA, 0xBE, 0x05, 0x9A, 0xBE,
    0xBA, 0xBE, 0x9A, 0xBE, 0x7A, 0xB6, 0x7A, 0xBE, 0x9A, 0xBE, 0x84, 0xBA, 0xBE, 0x82, 0x9A, 0xBE,
    0x81, 0xBA, 0xBE, 0x83, 0xBA, 0xC6, 0x84, 0x9A, 0xBE, 0x82, 0xBA, 0xBE, 0x81, 0xBA, 0xC6, 0x81,
    0xBA, 0xBE, 0x02, 0xBA, 0xC6, 0xBA, 0xBE, 0x9A, 0xBE, 0x81, 0xBA, 0xBE, 0x81, 0x9A, 0xBE, 0x03,
    0xBA, 0xBE, 0x7A, 0xBE, 0x7A, 0xB6, 0x9A, 0xBE, 0x85, 0xBA, 0xBE, 0x81, 0x9A, 0xBE, 0x82, 0xBA,
    0xBE, 0x82, 0xBA, 0xC6, 0x00, 0xBA, 0xBE, 0x81, 0x9A, 0xBE, 0x83, 0xBA, 0xBE, 0x00, 0x9A, 0xBE,
    0x81, 0xBA, 0xBE, 0x01, 0x9A, 0xBE, 0xBA, 0xBE, 0x83, 0xBA, 0xC6, 0x00, 0xBA, 0xBE, 0x85, 0x9A,
    0xBE, 0x00, 0xBA, 0xBE, 0x81, 0xBA, 0xC6, 0x02, 0xBA, 0xBE, 0x9A, 0xBE, 0xBA, 0xBE, 0x84, 0x9A,
    0xBE, 0x81, 0xBA, 0xBE, 0x03, 0x7A, 0xBE, 0x5B, 0xB6, 0x7A, 0xBE, 0x9A, 0xBE, 0x86, 0xBA, 0xBE,
    0x81, 0x9A, 0xBE, 0x83, 0xBA, 0xC6, 0x81, 0xBA, 0xBE, 0x84, 0x9A, 0xBE, 0x81, 0xBA, 0xBE, 0x02,
    0xDA, 0xC6, 0xBA, 0xBE, 0x9A, 0xBE, 0x81, 0xBA, 0xBE, 0x83, 0x9A, 0xBE, 0x02, 0xBA, 0xBE, 0xBA,
    0xC6, 0x9A, 0xBE, 0x81, 0x7B, 0xB6, 0x00, 0x9A, 0xBE, 0x84, 0xBA, 0xBE, 0x01, 0x9A, 0xBE, 0xBA,
    0xBE, 0x81, 0x9A, 0xBE, 0x81, 0xBA, 0xBE, 0x82, 0xBA, 0xC6, 0x00, 0xBA, 0xBE, 0x84, 0x9A, 0xBE,
    0x81, 0xBA, 0xBE, 0x81, 0xBA, 0xC6, 0x00, 0x9A, 0xBE, 0x81, 0xBA, 0xBE, 0x83, 0x9A, 0xBE, 0x02,
    0xBA, 0xBE, 0xBA, 0xC6, 0x9A, 0xBE, 0x81, 0x7B, 0xB6, 0x81, 0x9A, 0xBE, 0x83, 0xBA, 0xBE, 0x00,
    0x9A, 0xBE, 0x81, 0xBA, 0xBE, 0x00, 0x9A, 0xBE, 0x81, 0xBA, 0xBE, 0x82, 0xBA, 0xC6, 0x00, 0xBA,
    0xBE, 0x82, 0x9A, 0xBE, 0x81, 0xBA, 0xC6, 0x81, 0x9A, 0xBE, 0x81, 0xBA, 0xBE, 0x81, 0x9A, 0xBE,
    0x81, 0xBA, 0xBE, 0x88, 0x9A, 0xBE, 0x82, 0xBA, 0xC6, 0x85, 0x9A, 0xBE, 0x81, 0x7A, 0xBE, 0x81,
    0x9A, 0xBE, 0x02, 0x7A, 0xB6, 0x7B, 0xB6, 0x7A, 0xBE, 0x81, 0x9A, 0xBE, 0x03, 0xBA, 0xBE, 0xBA,
    0xC6, 0xBA, 0xBE, 0x9A, 0xBE, 0x82, 0xBA, 0xBE, 0x81, 0x9A, 0xBE, 0x00, 0xBA, 0xBE, 0x88, 0x9A,
    0xBE, 0x00, 0xBA, 0xBE, 0x81, 0xBA, 0xC6, 0x85, 0x9A, 0xBE, 0x01, 0x7A, 0xBE, 0x7A, 0xB6, 0x81,
    0x9A, 0xBE, 0x02, 0x7A, 0xBE, 0x7B, 0xB6, 0x7A, 0xBE, 0x81, 0x9A, 0xBE, 0x03, 0xBA, 0xBE, 0xBA,
    0xC6, 0xBA, 0xBE, 0x9A, 0xBE, 0x82, 0xBA, 0xBE, 0x81, 0x9A, 0xBE, 0x81, 0xBA, 0xBE, 0x87, 0x9A,
    0xBE, 0x00, 0xBA, 0xBE, 0x81, 0xBA, 0xC6, 0x85, 0x9A, 0xBE, 0x01, 0x7A, 0xBE, 0x7A, 0xB6, 0x82,
    0x9A, 0xBE, 0x01, 0x7B, 0xB6, 0x7A, 0xB6, 0x82, 0x9A, 0xBE, 0x01, 0xBA, 0xC6, 0xBA, 0xBE, 0x81,
    0x9A, 0xBE, 0x81, 0xBA, 0xBE, 0x81, 0x9A, 0xBE, 0x81, 0xBA, 0xBE, 0x85, 0x9A, 0xBE, 0x00, 0xBA,
    0xC6, 0x81, 0xBA, 0xBE, 0x00, 0x9A, 0xBE, 0x82, 0xBA, 0xBE, 0x81, 0xBA, 0xC6, 0x81, 0x9A, 0xBE,
    0x00, 0x7A, 0xBE, 0x81, 0x9A, 0xBE, 0x00, 0xBA, 0xBE, 0x82, 0x9A, 0xBE, 0x00, 0xBA, 0xBE, 0x81,
    0xBA, 0xC6, 0x02, 0xBA, 0xBE, 0x9A, 0xBE, 0x7A, 0xBE, 0x81, 0x9A, 0xBE, 0x07, 0xBA, 0xBE, 0x9A,
    0xBE, 0x7A, 0xBE, 0x5B, 0xB6, 0x7B, 0xB6, 0x7A, 0xBE, 0x7B, 0xB6, 0x7A, 0xB6, 0x82, 0x9A, 0xBE,
    0x81, 0xBA, 0xC6, 0x01, 0xBA, 0xBE, 0x9A, 0xBE, 0x82, 0xBA, 0xBE, 0x81, 0xBA, 0xC6, 0x81, 0x9A,
    0xBE, 0x00, 0x7A, 0xB6, 0x81, 0x9A, 0xBE, 0x00, 0xBA, 0xBE, 0x82, 0x9A, 0xBE, 0x00, 0xBA, 0xBE,
    0x82, 0xBA, 0xC6, 0x01, 0x9A, 0xBE, 0x7A, 0xBE, 0x81, 0x9A, 0xBE, 0x00, 0xBA, 0xBE, 0x81, 0x9A,
    0xBE, 0x81, 0x7B, 0xB6, 0x00, 0x7A, 0xBE, 0x81, 0x7A, 0xB6, 0x82, 0x9A, 0xBE, 0x03, 0xBA, 0xBE,
    0xBA, 0xC6, 0xBA, 0xBE, 0x9A, 0xBE, 0x82, 0xBA, 0xBE, 0x81, 0xBA, 0xC6, 0x02, 0xBA, 0xBE, 0x9A,
    0xBE, 0x7A, 0xB6, 0x86, 0x9A, 0xBE, 0x00, 0xBA, 0xBE, 0x81, 0xBA, 0xC6, 0x01, 0x9A, 0xBE, 0x7A,
    0xBE, 0x81, 0x9A, 0xBE, 0x81, 0xBA, 0xBE, 0x05, 0x9A, 0xBE, 0x7B, 0xB6, 0x5B, 0xB6, 0x7A, 0xB6,
    0x7A, 0xBE, 0x7A, 0xB6, 0x83, 0x9A, 0xBE, 0x02, 0xBA, 0xC6, 0xBA, 0xBE, 0x9A, 0xBE, 0x83, 0xBA,
    0xBE, 0x01, 0xBA, 0xC6, 0xBA, 0xBE, 0x81, 0x9A, 0xBE, 0x00, 0x7A, 0xBE, 0x81, 0x9A, 0xBE, 0x84,
    0xBA, 0xBE, 0x03, 0xBA, 0xC6, 0xBA, 0xBE, 0x9A, 0xBE, 0xF7, 0xAD, 0x81, 0xF7, 0xB5, 0x00, 0xD7,
    0xAD, 0x81, 0x7A, 0xBE, 0x02, 0x9A, 0xBE, 0xBA, 0xBE, 0xBA, 0xC6, 0x81, 0xBA, 0xBE, 0x01, 0xBA,
    0xC6, 0xBA, 0xBE, 0x81, 0xBA, 0xC6, 0x00, 0xBA, 0xBE, 0x83, 0x9A, 0xBE, 0x05, 0x18, 0xAE, 0xF7,
    0xAD, 0x18, 0xAE, 0x7B, 0xB6, 0x7A, 0xB6, 0x9A, 0xBE, 0x81, 0x7A, 0xBE, 0x81, 0x9A, 0xBE, 0x81,
    0xBA, 0xBE, 0x03, 0xD7, 0xA5, 0x59, 0xC6, 0xB6, 0xAD, 0xBA, 0xC6, 0x81, 0xBA, 0xBE, 0x03, 0xB6,
    0xA5, 0x59, 0xC6, 0xB6, 0xA5, 0x9A, 0xBE, 0x81, 0x7A, 0xBE, 0x01, 0x9A, 0xBE, 0xBA, 0xC6, 0x81,
    0xBA, 0xBE, 0x00, 0xBA, 0xC6, 0x81, 0xBA, 0xBE, 0x13, 0xBA, 0xC6, 0x38, 0xB6, 0xD7, 0xAD, 0xF8,
    0xAD, 0x7A, 0xBE, 0xB7, 0xA5, 0xF7, 0xAD, 0x9A, 0xBE, 0xB7, 0xA5, 0x97, 0xA5, 0x3A, 0xB6, 0xB7,
    0xAD, 0x75, 0xA5, 0x39, 0xB6, 0xB7, 0xAD, 0x55, 0xA5, 0x59, 0xB6, 0xF7, 0xB5, 0x75, 0xA5, 0xBA,
    0xBE, 0x81, 0xBA, 0xC6, 0x81, 0xBA, 0xBE, 0x82, 0xBA, 0xC6, 0x00, 0x9A, 0xBE, 0x81, 0x7A, 0xBE,
    0x00, 0x9A, 0xBE, 0x81, 0xBA, 0xBE, 0x00, 0x9A, 0xBE, 0x82, 0xBA, 0xBE, 0x81, 0xBA, 0xC6, 0x81,
    0x9A, 0xBE, 0x01, 0x7A, 0xBE, 0xD7, 0xAD, 0x81, 0xF7, 0xAD, 0x04, 0xB7, 0xA5, 0x39, 0xAE, 0x7B,
    0xB6, 0x7A, 0xBE, 0x9A, 0xBE, 0x81, 0x7A, 0xBE, 0x81, 0x9A, 0xBE, 0x83, 0xBA, 0xBE, 0x00, 0xBA,
    0xC6, 0x82, 0xBA, 0xBE, 0x81, 0xBA, 0xC6, 0x00, 0x9A, 0xBE, 0x81, 0x7A, 0xBE, 0x01, 0x9A, 0xBE,
    0xBA, 0xBE, 0x81, 0xBA, 0xC6, 0x00, 0xBA, 0xBE, 0x81, 0x9A, 0xBE, 0x08, 0xBA, 0xBE, 0xBA, 0xC6,
    0x75, 0xA5, 0xFB, 0xDE, 0xFB, 0xD6, 0xDA, 0xD6, 0xBA, 0xCE, 0x19, 0xAE, 0xF8, 0xA5, 0x81, 0xF8,
    0xAD, 0x04, 0x18, 0xB6, 0xBA, 0xC6, 0x38, 0xB6, 0x17, 0xAE, 0x18, 0xAE, 0x81, 0x9A, 0xBE, 0x09,
    0xF8, 0xAD, 0xD8, 0xA5, 0xF8, 0xAD, 0x59, 0xB6, 0x9A, 0xBE, 0xD7, 0xAD, 0x9E, 0xEF, 0x15, 0x95,
    0x19, 0xAE, 0x9A, 0xBE, 0x82, 0xF8, 0xAD, 0x06, 0x9A, 0xBE, 0xBA, 0xBE, 0x59, 0xB6, 0x18, 0xAE,
    0x55, 0x9D, 0x9E, 0xEF, 0x38, 0xBE, 0x82, 0xBA, 0xC6, 0x0B, 0xB6, 0xA5, 0x9E, 0xEF, 0xD7, 0xAD,
    0xF8, 0xAD, 0x18, 0xAE, 0x59, 0xB6, 0xF8, 0xAD, 0x38, 0xB6, 0xBA, 0xC6, 0x79, 0xB6, 0x17, 0xAE,
    0x79, 0xB6, 0x81, 0xBA, 0xC6, 0x13, 0x96, 0xA5, 0x3D, 0xDF, 0xF7, 0xB5, 0x96, 0xA5, 0x5D, 0xE7,
    0x38, 0xBE, 0xD7, 0xAD, 0xFB, 0xD6, 0xF8, 0xB5, 0x5A, 0xB6, 0x14, 0x95, 0xD3, 0x8C, 0x59, 0xB6,
    0xDB, 0xD6, 0x38, 0xBE, 0x59, 0xB6, 0xFB, 0xDE, 0x38, 0xBE, 0x9A, 0xBE, 0x59, 0xB6, 0x81, 0x18,
    0xAE, 0x03, 0x59, 0xB6, 0xBA, 0xC6, 0x58, 0xB6, 0x18, 0xAE, 0x81, 0xF8, 0xAD, 0x06, 0xF8, 0xA5,
    0xF8, 0xAD, 0x18, 0xAE, 0xBA, 0xBE, 0xBA, 0xC6, 0x38, 0xB6, 0x17, 0xAE, 0x81, 0x18, 0xAE, 0x0A,
    0xBA, 0xC6, 0x9A, 0xBE, 0x7A, 0xBE, 0x59, 0xB6, 0xFB, 0xD6, 0x3C, 0xDF, 0xBA, 0xCE, 0x1C, 0xDF,
    0x38, 0xBE, 0xF8, 0xAD, 0x59, 0xB6, 0x82, 0xF8, 0xAD, 0x04, 0x59, 0xB6, 0x38, 0xB6, 0x18, 0xAE,
    0x79, 0xB6, 0x9A, 0xBE, 0x82, 0x18, 0xAE, 0x04, 0x38, 0xAE, 0xBA, 0xC6, 0x79, 0xBE, 0x18, 0xAE,
    0x38, 0xAE, 0x82, 0x9A, 0xBE, 0x00, 0xBA, 0xBE, 0x81, 0xBA, 0xC6, 0x00, 0xBA, 0xBE, 0x82, 0x9A,
    0xBE, 0x07, 0x18, 0xAE, 0xDB, 0xD6, 0x9A, 0xCE, 0xB6, 0xA5, 0xF8, 0xAD, 0x35, 0x9D, 0x39, 0xB6,
    0x18, 0xB6, 0x81, 0x1C, 0xDF, 0x07, 0x38, 0xBE, 0xD7, 0xAD, 0xDA, 0xD6, 0x5D, 0xE7, 0xFB, 0xDE,
    0x34, 0x95, 0x59, 0xB6, 0xBB, 0xCE, 0x81, 0x5D, 0xE7, 0x0C, 0xD7, 0xB5, 0x17, 0xAE, 0x9A, 0xCE,
    0x9E, 0xEF, 0x5D, 0xE7, 0xF8, 0xB5, 0xB6, 0xAD, 0xDB, 0xD6, 0x5D, 0xE7, 0xBB, 0xCE, 0x75, 0x9D,
    0xF7, 0xAD, 0x38, 0xBE, 0x81, 0x5D, 0xE7, 0x02, 0x9E, 0xEF, 0x18, 0xB6, 0x9A, 0xBE, 0x81, 0xBA,
    0xBE, 0x21, 0x96, 0xA5, 0x9E, 0xEF, 0xFB, 0xD6, 0x5D, 0xE7, 0x59, 0xC6, 0xD3, 0x8C, 0x9A, 0xCE,
    0x59, 0xC6, 0x79, 0xB6, 0x96, 0xAD, 0xFB, 0xDE, 0xB6, 0xA5, 0xBA, 0xC6, 0xBA, 0xBE, 0x9A, 0xBE,
    0x59, 0xC6, 0x9A, 0xCE, 0x75, 0xA5, 0x9E, 0xEF, 0x1C, 0xDF, 0xB2, 0x84, 0x7E, 0xEF, 0xD7, 0xAD,
    0x79, 0xBE, 0x9A, 0xCE, 0x18, 0xBE, 0x59, 0xB6, 0xDB, 0xD6, 0x38, 0xBE, 0x59, 0xB6, 0xFB, 0xDE,
    0x38, 0xBE, 0x39, 0xB6, 0xF7, 0xB5, 0x81, 0x5D, 0xE7, 0x0B, 0xB6, 0xAD, 0x18, 0xAE, 0x18, 0xB6,
    0x5D, 0xE7, 0xDB, 0xD6, 0x5D, 0xE7, 0x39, 0xBE, 0x5D, 0xE7, 0xFB, 0xD6, 0xD7, 0xA5, 0xF7, 0xAD,
    0x79, 0xC6, 0x81, 0x5D, 0xE7, 0x00, 0x38, 0xBE, 0x82, 0x9A, 0xBE, 0x07, 0x59, 0xB6, 0xFB, 0xD6,
    0x38, 0xBE, 0x59, 0xB6, 0x76, 0xA5, 0x7D, 0xE7, 0xB6, 0xA5, 0xD7, 0xA5, 0x82, 0x5D, 0xE7, 0x05,
    0x75, 0xA5, 0x34, 0x95, 0x3C, 0xDF, 0x96, 0xA5, 0xF8, 0xAD, 0xBA, 0xCE, 0x81, 0x38, 0xBE, 0x04,
    0xBA, 0xCE, 0xF8, 0xAD, 0x96, 0xA5, 0x3C, 0xDF, 0x76, 0x9D, 0x82, 0x9A, 0xBE, 0x81, 0xBA, 0xBE,
    0x81, 0xBA, 0xC6, 0x00, 0xBA, 0xBE, 0x81, 0x9A, 0xBE, 0x02, 0x18, 0xAE, 0x5D, 0xE7, 0x59, 0xBE,
    0x82, 0x9A, 0xBE, 0x0A, 0xBA, 0xBE, 0x38, 0xBE, 0xFB, 0xD6, 0x96, 0x9D, 0xB6, 0xA5, 0x38, 0xBE,
    0x1C, 0xDF, 0xF3, 0x94, 0xFB, 0xDE, 0x38, 0xBE, 0x59, 0xB6, 0x81, 0xF3, 0x94, 0x06, 0x38, 0xC6,
    0x9E, 0xEF, 0x96, 0x9D, 0xD7, 0xAD, 0x9E, 0xEF, 0xF4, 0x8C, 0x55, 0x9D, 0x81, 0xDB, 0xD6, 0x17,
    0xF3, 0x94, 0x5D, 0xE7, 0x39, 0xBE, 0xB6, 0xAD, 0x7D, 0xEF, 0x75, 0xA5, 0x34, 0x95, 0x9E, 0xEF,
    0x18, 0xB6, 0x9A, 0xBE, 0xBA, 0xBE, 0xBA, 0xC6, 0x96, 0xA5, 0x9E, 0xEF, 0xB7, 0xAD, 0x75, 0xA5,
    0x9E, 0xEF, 0x18, 0xB6, 0xF7, 0xB5, 0x5D, 0xE7, 0xB2, 0x8C, 0x1C, 0xDF, 0xBA, 0xCE, 0x79, 0xBE,
    0x81, 0xBA, 0xBE, 0x38, 0x9A, 0xBE, 0xD7, 0xAD, 0xDB, 0xD6, 0x79, 0xC6, 0x9A, 0xCE, 0x3C, 0xE7,
    0x96, 0xAD, 0x3C, 0xDF, 0xD7, 0xA5, 0x79, 0xBE, 0xBB, 0xCE, 0x39, 0xC6, 0x59, 0xB6, 0xDB, 0xD6,
    0x38, 0xBE, 0x59, 0xB6, 0xFB, 0xDE, 0x58, 0xBE, 0xB6, 0xA5, 0x5D, 0xE7, 0xD7, 0xAD, 0xB6, 0xAD,
    0x9E, 0xEF, 0x96, 0xA5, 0x18, 0xB6, 0x9E, 0xEF, 0xD3, 0x8C, 0xFB, 0xD6, 0x38, 0xBE, 0xB6, 0xA5,
    0x9E, 0xEF, 0xD6, 0xA5, 0x18, 0xB6, 0x9E, 0xEF, 0xD7, 0xB5, 0xF3, 0x94, 0x14, 0x95, 0x9A, 0xBE,
    0xBA, 0xBE, 0xBA, 0xC6, 0x79, 0xBE, 0xFB, 0xD6, 0x38, 0xBE, 0xBA, 0xBE, 0xD7, 0xA5, 0x7D, 0xE7,
    0x38, 0xBE, 0xD7, 0xA5, 0x34, 0x9D, 0xF3, 0x94, 0xDB, 0xD6, 0x3C, 0xE7, 0x55, 0x9D, 0x1C, 0xDF,
    0x59, 0xC6, 0x55, 0x9D, 0x7D, 0xE7, 0x81, 0xF8, 0xB5, 0x04, 0x9D, 0xEF, 0x14, 0x9D, 0x9A, 0xCE,
    0x1C, 0xDF, 0xF8, 0xAD, 0x84, 0xBA, 0xBE, 0x02, 0xBA, 0xC6, 0xDA, 0xC6, 0xBA, 0xC6, 0x81, 0x9A,
    0xBE, 0x0C, 0x18, 0xAE, 0xFB, 0xD6, 0x79, 0xC6, 0xF7, 0xAD, 0x39, 0xB6, 0x75, 0xA5, 0x79, 0xBE,
    0x38, 0xBE, 0xFB, 0xD6, 0x59, 0xB6, 0x79, 0xBE, 0xDA, 0xD6, 0x3C, 0xDF, 0x81, 0xBA, 0xCE, 0x01,
    0x96, 0xAD, 0xD7, 0xA5, 0x81, 0xBA, 0xCE, 0x08, 0xDB, 0xD6, 0x9E, 0xEF, 0x76, 0x9D, 0x18, 0xB6,
    0x9E, 0xEF, 0xB6, 0xA5, 0x18, 0xAE, 0x3D, 0xE7, 0x1C, 0xDF, 0x81, 0x9A, 0xCE, 0x06, 0xD7, 0xAD,
    0x38, 0xBE, 0x7D, 0xEF, 0xB6, 0xA5, 0xF7, 0xAD, 0x9E, 0xEF, 0x18, 0xB6, 0x81, 0xBA, 0xBE, 0x10,
    0xBA, 0xC6, 0xB6, 0xA5, 0x9E, 0xEF, 0x18, 0xB6, 0x55, 0x9D, 0x9E, 0xEF, 0x18, 0xB6, 0x75, 0x9D,
    0x3C, 0xE7, 0x18, 0xBE, 0x7D, 0xEF, 0xB6, 0xAD, 0xBA, 0xBE, 0xBA, 0xC6, 0xBA, 0xBE, 0x9A, 0xBE,
    0xF8, 0xAD, 0x81, 0x9E, 0xEF, 0x0F, 0x35, 0x9D, 0x9A, 0xCE, 0x5D, 0xE7, 0xFB, 0xD6, 0x59, 0xB6,
    0x79, 0xBE, 0xBB, 0xCE, 0x59, 0xC6, 0x59, 0xB6, 0xDB, 0xD6, 0x38, 0xBE, 0x59, 0xB6, 0xFB, 0xDE,
    0x58, 0xC6, 0x18, 0xB6, 0x9E, 0xEF, 0x82, 0xBA, 0xCE, 0x0D, 0xB6, 0xA5, 0x18, 0xB6, 0x9E, 0xEF,
    0x55, 0x9D, 0xFB, 0xD6, 0x38, 0xBE, 0xF8, 0xB5, 0x9E, 0xEF, 0xD6, 0xA5, 0x95, 0xA5, 0x79, 0xC6,
    0xBA, 0xD6, 0x9E, 0xEF, 0x18, 0xBE, 0x81, 0x9A, 0xBE, 0x1B, 0xBA, 0xBE, 0x59, 0xB6, 0xDB, 0xD6,
    0x38, 0xBE, 0x9A, 0xBE, 0x75, 0xA5, 0x7D, 0xEF, 0xD7, 0xAD, 0x96, 0xA5, 0xDB, 0xD6, 0x9A, 0xCE,
    0x1C, 0xDF, 0x3C, 0xE7, 0xF7, 0xAD, 0xD6, 0xAD, 0x5D, 0xE7, 0x79, 0xC6, 0x1C, 0xDF, 0x96, 0x9D,
    0xB6, 0xA5, 0x1C, 0xDF, 0x79, 0xC6, 0x5D, 0xE7, 0xB6, 0xAD, 0x7A, 0xBE, 0xBA, 0xC6, 0xBA, 0xBE,
    0x9A, 0xBE, 0x81, 0xBA, 0xBE, 0x02, 0xBA, 0xC6, 0xDA, 0xC6, 0xBA, 0xC6, 0x82, 0x9A, 0xBE, 0x0B,
    0x96, 0xA5, 0x7D, 0xEF, 0x9A, 0xCE, 0x39, 0xBE, 0xFB, 0xD6, 0x58, 0xB6, 0x38, 0xBE, 0xFB, 0xD6,
    0x59, 0xB6, 0x7A, 0xBE, 0xD7, 0xAD, 0x7D, 0xEF, 0x81, 0x38, 0xBE, 0x0C, 0xF7, 0xB5, 0xF8, 0xAD,
    0x7E, 0xEF, 0x39, 0xBE, 0x79, 0xC6, 0x9E, 0xEF, 0x76, 0x9D, 0x18, 0xB6, 0x9E, 0xEF, 0x58, 0xC6,
    0x75, 0xA5, 0x38, 0xBE, 0x5D, 0xE7, 0x82, 0x38, 0xBE, 0x06, 0xB6, 0xA5, 0x7D, 0xEF, 0xBA, 0xCE,
    0x38, 0xBE, 0x9E, 0xEF, 0x18, 0xB6, 0x9A, 0xBE, 0x81, 0xBA, 0xC6, 0x0A, 0xB6, 0xA5, 0x9E, 0xEF,
    0x9A, 0xCE, 0xDB, 0xD6, 0x1C, 0xDF, 0xD7, 0xA5, 0x7A, 0xB6, 0xF8, 0xB5, 0x9E, 0xEF, 0xDB, 0xD6,
    0x17, 0xAE, 0x81, 0xBA, 0xC6, 0x26, 0x9A, 0xBE, 0x7A, 0xBE, 0xD7, 0xA5, 0xFB, 0xD6, 0x7D, 0xE7,
    0x97, 0xA5, 0x18, 0xBE, 0x9E, 0xEF, 0x17, 0xBE, 0x99, 0xBE, 0x79, 0xBE, 0xBB, 0xD6, 0x59, 0xC6,
    0x79, 0xBE, 0xDB, 0xD6, 0x38, 0xBE, 0x59, 0xB6, 0xFB, 0xDE, 0x58, 0xC6, 0xD7, 0xA5, 0xFC, 0xDE,
    0xDB, 0xD6, 0x38, 0xBE, 0xBA, 0xCE, 0xB6, 0xA5, 0x18, 0xB6, 0x9E, 0xEF, 0x55, 0x9D, 0xFB, 0xD6,
    0x38, 0xBE, 0xF8, 0xAD, 0x9E, 0xEF, 0xB7, 0xA5, 0x17, 0xB6, 0x79, 0xC6, 0x38, 0xBE, 0x3C, 0xDF,
    0xB6, 0xAD, 0x7A, 0xBE, 0x81, 0x9A, 0xBE, 0x00, 0x39, 0xB6, 0x81, 0xDB, 0xD6, 0x0A, 0x59, 0xC6,
    0x3C, 0xE7, 0xDB, 0xD6, 0xF7, 0xAD, 0x38, 0xBE, 0x7D, 0xE7, 0x38, 0xBE, 0xDB, 0xD6, 0x3C, 0xE7,
    0x18, 0xB6, 0xB6, 0xA5, 0x81, 0x9E, 0xEF, 0x00, 0x18, 0xBE, 0x81, 0x9A, 0xBE, 0x06, 0x95, 0xA5,
    0x9E, 0xEF, 0x1C, 0xDF, 0x96, 0x9D, 0xBA, 0xBE, 0xBA, 0xC6, 0xBA, 0xBE, 0x82, 0x9A, 0xBE, 0x81,
    0xBA, 0xC6, 0x00, 0xBA, 0xBE, 0x82, 0x9A, 0xBE, 0x0B, 0x59, 0xB6, 0x96, 0xA5, 0x38, 0xBE, 0x39,
    0xBE, 0x96, 0xA5, 0x99, 0xBE, 0xB6, 0xA5, 0xF7, 0xB5, 0x59, 0xB6, 0x9A, 0xBE, 0x18, 0xAE, 0xB6,
    0xA5, 0x81, 0x38, 0xBE, 0x09, 0x76, 0x9D, 0xD8, 0xA5, 0xD7, 0xAD, 0x39, 0xBE, 0xB6, 0xAD, 0x38,
    0xBE, 0xD7, 0xA5, 0xF7, 0xAD, 0x18, 0xB6, 0x58, 0xBE, 0x81, 0xF7, 0xAD, 0x0A, 0xB6, 0xAD, 0x38,
    0xBE, 0x58, 0xBE, 0xB6, 0xA5, 0x79, 0xBE, 0xB6, 0xA5, 0x58, 0xBE, 0xB6, 0xAD, 0x38, 0xBE, 0xD7,
    0xAD, 0x9A, 0xBE, 0x81, 0xBA, 0xBE, 0x00, 0xD7, 0xA5, 0x81, 0x39, 0xBE, 0x09, 0x38, 0xBE, 0xB6,
    0xA5, 0x79, 0xBE, 0x9A, 0xBE, 0xD7, 0xAD, 0x9E, 0xEF, 0x18, 0xB6, 0xBA, 0xC6, 0xBA, 0xBE, 0x9A,
    0xBE, 0x81, 0x7B, 0xB6, 0x12, 0x59, 0xB6, 0xF7, 0xB5, 0x96, 0xA5, 0x59, 0xB6, 0xB6, 0xA5, 0x38,
    0xBE, 0xF7, 0xAD, 0xBA, 0xC6, 0x99, 0xBE, 0xD7, 0xAD, 0x96, 0xA5, 0x99, 0xBE, 0xF7, 0xB5, 0x96,
    0xA5, 0x79, 0xBE, 0xF7, 0xB5, 0xB6, 0xAD, 0x7A, 0xBE, 0x75, 0x9D, 0x81, 0x38, 0xBE, 0x0F, 0xB6,
    0xAD, 0x59, 0xB6, 0xD7, 0xA5, 0x39, 0xBE, 0xB6, 0xA5, 0xF7, 0xB5, 0x96, 0xA5, 0xF7, 0xAD, 0x39,
    0xBE, 0xD7, 0xA5, 0xF7, 0xAD, 0xF7, 0xB5, 0x38, 0xBE, 0xD7, 0xAD, 0xF8, 0xAD, 0x7B, 0xB6, 0x81,
    0x9A, 0xBE, 0x15, 0x59, 0xB6, 0xF7, 0xB5, 0x38, 0xBE, 0x58, 0xBE, 0xD6, 0xAD, 0xF7, 0xAD, 0xBA,
    0xC6, 0x96, 0xA5, 0x38, 0xBE, 0x58, 0xBE, 0xD6, 0xAD, 0x18, 0xBE, 0x38, 0xB6, 0x58, 0xB6, 0xB6,
    0xAD, 0x38, 0xBE, 0x76, 0x9D, 0x9A, 0xBE, 0xBA, 0xBE, 0x96, 0xA5, 0x9E, 0xEF, 0x18, 0xBE, 0x81,
    0x9A, 0xBE, 0x00, 0xBA, 0xC6, 0x81, 0xBA, 0xBE, 0x81, 0x9A, 0xBE, 0x01, 0xBA, 0xC6, 0xBA, 0xBE,
    0x83, 0x9A, 0xBE, 0x00, 0xBA, 0xBE, 0x83, 0x9A, 0xBE, 0x83, 0xBA, 0xBE, 0x84, 0x9A, 0xBE, 0x02,
    0x7A, 0xBE, 0x7A, 0xB6, 0x7A, 0xBE, 0x81, 0x9A, 0xBE, 0x00, 0xBA, 0xBE, 0x81, 0xBA, 0xC6, 0x81,
    0xBA, 0xBE, 0x00, 0xBA, 0xC6, 0x82, 0xBA, 0xBE, 0x01, 0xBA, 0xC6, 0xDA, 0xC6, 0x81, 0xBA, 0xC6,
    0x00, 0xBA, 0xBE, 0x84, 0x9A, 0xBE, 0x00, 0xBA, 0xBE, 0x82, 0x9A, 0xBE, 0x82, 0xBA, 0xBE, 0x03,
    0x9A, 0xBE, 0x59, 0xC6, 0x1C, 0xDF, 0x55, 0x95, 0x81, 0x9A, 0xBE, 0x82, 0x7A, 0xBE, 0x81, 0x9A,
    0xBE, 0x00, 0xBA, 0xBE, 0x82, 0xBA, 0xC6, 0x01, 0xBA, 0xBE, 0xBA, 0xC6, 0x82, 0xBA, 0xBE, 0x00,
    0xBA, 0xC6, 0x81, 0xDA, 0xC6, 0x81, 0xBA, 0xC6, 0x00, 0xBA, 0xBE, 0x83, 0x9A, 0xBE, 0x00, 0xBA,
    0xBE, 0x83, 0x9A, 0xBE, 0x82, 0xBA, 0xBE, 0x84, 0x9A, 0xBE, 0x82, 0x7A, 0xBE, 0x81, 0x9A, 0xBE,
    0x81, 0xBA, 0xBE, 0x81, 0xBA, 0xC6, 0x01, 0xBA, 0xBE, 0xBA, 0xC6, 0x82, 0xBA, 0xBE, 0x00, 0xBA,
    0xC6, 0x81, 0xDA, 0xC6, 0x81, 0xBA, 0xC6, 0x00, 0xBA, 0xBE, 0x83, 0x9A, 0xBE, 0x02, 0xF7, 0xB5,
    0x5D, 0xE7, 0x76, 0xA5, 0x81, 0x9A, 0xBE, 0x82, 0xBA, 0xBE, 0x81, 0x9A, 0xBE, 0x00, 0xBA, 0xBE,
    0x83, 0x9A, 0xBE, 0x00, 0x7A, 0xBE, 0x84, 0x9A, 0xBE, 0x02, 0xBA, 0xBE, 0x9A, 0xBE, 0xBA, 0xBE,
    0x8B, 0x9A, 0xBE, 0x00, 0xBA, 0xBE, 0x82, 0x9A, 0xBE, 0x00, 0xBA, 0xBE, 0x81, 0x9A, 0xBE, 0x00,
    0xBA, 0xBE, 0x83, 0xBA, 0xC6, 0x84, 0x9A, 0xBE, 0x00, 0x7A, 0xBE, 0x83, 0x9A, 0xBE, 0x03, 0xBA,
    0xBE, 0x9A, 0xBE, 0xBA, 0xBE, 0x9A, 0xBE, 0x81, 0x96, 0xA5, 0x88, 0x9A, 0xBE, 0x81, 0xBA, 0xBE,
    0x84, 0x9A, 0xBE, 0x81, 0xBA, 0xBE, 0x82, 0xBA, 0xC6, 0x84, 0x9A, 0xBE, 0x00, 0x7A, 0xBE, 0x83,
    0x9A, 0xBE, 0x81, 0xBA, 0xBE, 0x01, 0x9A, 0xBE, 0xBA, 0xBE, 0x8A, 0x9A, 0xBE, 0x81, 0xBA, 0xBE,
    0x84, 0x9A, 0xBE, 0x81, 0xBA, 0xBE, 0x82, 0xBA, 0xC6, 0x00, 0xBA, 0xBE, 0x83, 0x9A, 0xBE, 0x04,
    0x7A, 0xBE, 0x96, 0x9D, 0x96, 0xA5, 0x5A, 0xB6, 0x9A, 0xBE, 0x81, 0xBA, 0xBE, 0x01, 0x9A, 0xBE,
    0xBA, 0xBE, 0x81, 0x9A, 0xBE, 0x01, 0xBA, 0xC6, 0xBA, 0xBE, 0x82, 0x9A, 0xBE, 0x01, 0x7A, 0xB6,
    0x7A, 0xBE, 0x81, 0x9A, 0xBE, 0x82, 0xBA, 0xBE, 0x04, 0x9A, 0xBE, 0xBA, 0xBE, 0x39, 0xB6, 0x18,
    0xAE, 0x7A, 0xBE, 0x81, 0xBA, 0xBE, 0x81, 0xBA, 0xC6, 0x84, 0x9A, 0xBE, 0x00, 0xBA, 0xBE, 0x83,
    0x9A, 0xBE, 0x02, 0x79, 0xBE, 0x38, 0xB6, 0x79, 0xBE, 0x83, 0xBA, 0xC6, 0x00, 0xBA, 0xBE, 0x82,
    0x9A, 0xBE, 0x81, 0x7A, 0xBE, 0x81, 0x9A, 0xBE, 0x82, 0xBA, 0xBE, 0x83, 0x9A, 0xBE, 0x82, 0xBA,
    0xBE, 0x81, 0xBA, 0xC6, 0x00, 0xBA, 0xBE, 0x83, 0x9A, 0xBE, 0x00, 0xBA, 0xBE, 0x83, 0x9A, 0xBE,
    0x81, 0xBA, 0xBE, 0x82, 0xBA, 0xC6, 0x00, 0xBA, 0xBE, 0x81, 0x38, 0xB6, 0x82, 0x9A, 0xBE, 0x01,
    0x7A, 0xBE, 0x7A, 0xB6, 0x82, 0x9A, 0xBE, 0x81, 0xBA, 0xBE, 0x84, 0x9A, 0xBE, 0x82, 0xBA, 0xBE,
    0x01, 0xBA, 0xC6, 0xBA, 0xBE, 0x83, 0x9A, 0xBE, 0x00, 0xBA, 0xBE, 0x83, 0x9A, 0xBE, 0x82, 0xBA,
    0xBE, 0x81, 0xBA, 0xC6, 0x00, 0xBA, 0xBE, 0x81, 0xBA, 0xC6, 0x00, 0xBA, 0xBE, 0x81, 0x9A, 0xBE,
    0x01, 0x7A, 0xBE, 0x7A, 0xB6, 0x82, 0x9A, 0xBE, 0x82, 0xBA, 0xBE, 0x01, 0x9A, 0xBE, 0xBA, 0xBE,
    0x81, 0x9A, 0xBE, 0x00, 0xBA, 0xBE, 0x85, 0x9A, 0xBE, 0x01, 0x59, 0xB6, 0xF7, 0xB5, 0x82, 0x59,
    0xBE, 0x04, 0x38, 0xBE, 0x18, 0xAE, 0xF8, 0xB5, 0xFB, 0xD6, 0x18, 0xAE, 0x81, 0xBA, 0xC6, 0x02,
    0xDA, 0xC6, 0xBA, 0xC6, 0xBA, 0xBE, 0x81, 0x9A, 0xBE, 0x82, 0xBA, 0xC6, 0x82, 0x9A, 0xBE, 0x04,
    0xBA, 0xC6, 0xB6, 0xA5, 0x3C, 0xDF, 0x17, 0xB6, 0xBA, 0xC6, 0x82, 0xBA, 0xBE, 0x86, 0x9A, 0xBE,
    0x03, 0xB6, 0xAD, 0x18, 0xB6, 0x58, 0xB6, 0xBA, 0xBE, 0x83, 0x9A, 0xBE, 0x83, 0xBA, 0xC6, 0x00,
    0xF7, 0xAD, 0x81, 0x59, 0xBE, 0x04, 0x39, 0xBE, 0xD7, 0xAD, 0xBA, 0xBE, 0xBA, 0xC6, 0xBA, 0xBE,
    0x81, 0x9A, 0xBE, 0x00, 0xBA, 0xBE, 0x81, 0xBA, 0xC6, 0x01, 0xDA, 0xC6, 0xBA, 0xC6, 0x81, 0xBA,
    0xBE, 0x01, 0x18, 0xBE, 0x59, 0xC6, 0x85, 0x9A, 0xBE, 0x83, 0xBA, 0xBE, 0x83, 0x9A, 0xBE, 0x02,
    0xBA, 0xBE, 0xF7, 0xAD, 0x59, 0xBE, 0x81, 0x58, 0xBE, 0x03, 0x75, 0x9D, 0xBA, 0xBE, 0x9A, 0xBE,
    0xBA, 0xBE, 0x82, 0xBA, 0xC6, 0x81, 0x9A, 0xBE, 0x00, 0xBA, 0xBE, 0x82, 0xBA, 0xC6, 0x01, 0xDA,
    0xC6, 0xBA, 0xC6, 0x82, 0xBA, 0xBE, 0x85, 0x9A, 0xBE, 0x85, 0xBA, 0xBE, 0x81, 0x9A, 0xBE, 0x01,
    0xBA, 0xBE, 0x7A, 0xBE, 0x81, 0x9A, 0xBE, 0x00, 0xBA, 0xBE, 0x82, 0x9A, 0xBE, 0x09, 0x59, 0xB6,
    0xF7, 0xB5, 0x59, 0xC6, 0x9E, 0xEF, 0x9A, 0xC6, 0x38, 0xBE, 0xF8, 0xAD, 0x39, 0xBE, 0x5D, 0xE7,
    0x95, 0xA5, 0x81, 0xF7, 0xAD, 0x00, 0xBA, 0xC6, 0x82, 0xF7, 0xAD, 0x04, 0xB7, 0xA5, 0x9A, 0xBE,
    0x58, 0xB6, 0xF7, 0xAD, 0xD7, 0xA5, 0x81, 0xD7, 0xAD, 0x03, 0x78, 0xBE, 0xD6, 0xA5, 0x9E, 0xEF,
    0x38, 0xB6, 0x81, 0xF7, 0xAD, 0x02, 0x18, 0xAE, 0xF8, 0xAD, 0xD7, 0xA5, 0x81, 0xD7, 0xAD, 0x00,
    0x59, 0xB6, 0x81, 0x9A, 0xBE, 0x09, 0x59, 0xB6, 0x59, 0xC6, 0x3C, 0xDF, 0x96, 0xA5, 0x18, 0xAE,
    0x39, 0xB6, 0xD7, 0xA5, 0xD7, 0xAD, 0xF7, 0xAD, 0xBA, 0xC6, 0x82, 0xDA, 0xC6, 0x0C, 0x17, 0xB6,
    0x9E, 0xEF, 0x79, 0xC6, 0x59, 0xC6, 0xD7, 0xAD, 0x99, 0xBE, 0xD6, 0xAD, 0xD7, 0xAD, 0x7A, 0xBE,
    0xD7, 0xA5, 0xD6, 0xAD, 0xBA, 0xC6, 0x17, 0xAE, 0x81, 0xF7, 0xAD, 0x05, 0xD7, 0xAD, 0x9A, 0xBE,
    0x51, 0x7C, 0x52, 0x7C, 0x7A, 0xB6, 0x39, 0xB6, 0x81, 0xD7, 0xAD, 0x07, 0xD7, 0xA5, 0x9A, 0xBE,
    0x18, 0xAE, 0xF7, 0xAD, 0xB7, 0xA5, 0xD7, 0xAD, 0xB7, 0xA5, 0x7A, 0xB6, 0x81, 0x9A, 0xBE, 0x0B,
    0xBA, 0xC6, 0x18, 0xB6, 0x9E, 0xEF, 0x58, 0xC6, 0x1C, 0xDF, 0x1B, 0xDF, 0xB6, 0xA5, 0x7A, 0xBE,
    0xD7, 0xAD, 0xF7, 0xAD, 0xD7, 0xAD, 0x99, 0xBE, 0x81, 0xB7, 0xA5, 0x00, 0x99, 0xBE, 0x81, 0xF7,
    0xAD, 0x0E, 0x38, 0xB6, 0x17, 0xAE, 0xF7, 0xAD, 0x38, 0xB6, 0x39, 0xAE, 0xB7, 0xA5, 0xD7, 0xAD,
    0xF7, 0xAD, 0xBA, 0xBE, 0x18, 0xAE, 0xD7, 0xAD, 0xB7, 0xA5, 0xD7, 0xA5, 0x79, 0xBE, 0xBA, 0xBE,
    0x84, 0x9A, 0xBE, 0x00, 0xBA, 0xC6, 0x81, 0x7A, 0xBE, 0x03, 0x9A, 0xBE, 0xBA, 0xC6, 0x9A, 0xBE,
    0x7A, 0xBE, 0x82, 0x9A, 0xBE, 0x2C, 0xB6, 0xA5, 0x9E, 0xEF, 0xF8, 0xB5, 0x9A, 0xBE, 0x7A, 0xBE,
    0x39, 0xBE, 0x7D, 0xE7, 0x9A, 0xCE, 0x3C, 0xE7, 0xFB, 0xD6, 0x38, 0xB6, 0x79, 0xC6, 0xFB, 0xD6,
    0x3C, 0xDF, 0x1C, 0xDF, 0x96, 0xA5, 0xD7, 0xA5, 0x9E, 0xEF, 0xBA, 0xD6, 0xDB, 0xD6, 0x7D, 0xEF,
    0xD7, 0xAD, 0xB6, 0xA5, 0x9E, 0xEF, 0x96, 0xAD, 0x9A, 0xCE, 0xFB, 0xD6, 0x14, 0x95, 0x18, 0xBE,
    0x1C, 0xDF, 0xDB, 0xD6, 0xFB, 0xDE, 0xF8, 0xAD, 0x7A, 0xBE, 0x9A, 0xBE, 0xF8, 0xAD, 0xFB, 0xD6,
    0x7D, 0xE7, 0xDB, 0xD6, 0x55, 0x9D, 0xD7, 0xB5, 0x1C, 0xDF, 0x3C, 0xDF, 0x9A, 0xCE, 0x38, 0xB6,
    0x82, 0xDA, 0xC6, 0x05, 0x17, 0xB6, 0x9E, 0xEF, 0x17, 0xB6, 0x18, 0xB6, 0xB7, 0xAD, 0x9A, 0xBE,
    0x81, 0x9A, 0xCE, 0x0C, 0x79, 0xBE, 0xBA, 0xCE, 0x79, 0xC6, 0x17, 0xAE, 0xBA, 0xCE, 0xFB, 0xD6,
    0xDB, 0xD6, 0x79, 0xCE, 0x79, 0xB6, 0x59, 0xC6, 0x9A, 0xCE, 0x19, 0xAE, 0xF7, 0xB5, 0x81, 0x3C,
    0xDF, 0x0F, 0x7A, 0xCE, 0x18, 0xAE, 0xD7, 0xAD, 0x9E, 0xEF, 0x9A, 0xCE, 0xFB, 0xD6, 0x5D, 0xE7,
    0xB7, 0xA5, 0x9A, 0xBE, 0xBA, 0xBE, 0xBA, 0xC6, 0x18, 0xB6, 0x9E, 0xEF, 0x95, 0xA5, 0xB6, 0xAD,
    0x9E, 0xEF, 0x81, 0xB6, 0xA5, 0x16, 0x1C, 0xDF, 0xFB, 0xD6, 0x5D, 0xE7, 0x75, 0x9D, 0x38, 0xBE,
    0x5D, 0xE7, 0x54, 0x9D, 0x9A, 0xCE, 0x9E, 0xEF, 0x14, 0x95, 0x59, 0xC6, 0x5C, 0xE7, 0x14, 0x8D,
    0x18, 0xBE, 0x1C, 0xDF, 0xFB, 0xD6, 0x9A, 0xCE, 0x17, 0xAE, 0xF8, 0xAD, 0x9E, 0xEF, 0x79, 0xC6,
    0x59, 0xC6, 0x39, 0xB6, 0x83, 0x9A, 0xBE, 0x06, 0x7A, 0xBE, 0x9A, 0xBE, 0xBA, 0xC6, 0x7A, 0xBE,
    0x9A, 0xBE, 0xBA, 0xBE, 0xBA, 0xC6, 0x84, 0x9A, 0xBE, 0x02, 0xB6, 0xA5, 0x9E, 0xEF, 0x17, 0xB6,
    0x81, 0x9A, 0xBE, 0x1B, 0x59, 0xBE, 0x5D, 0xE7, 0xD7, 0xAD, 0x58, 0xC6, 0x3C, 0xE7, 0x38, 0xB6,
    0xD2, 0x8C, 0x75, 0xA5, 0x38, 0xBE, 0x9E, 0xEF, 0x38, 0xBE, 0xD7, 0xA5, 0x9E, 0xEF, 0x18, 0xBE,
    0x96, 0x9D, 0x9E, 0xEF, 0x38, 0xB6, 0xB6, 0xA5, 0x9E, 0xEF, 0xDB, 0xD6, 0xFB, 0xD6, 0x55, 0x9D,
    0xB7, 0xA5, 0x7D, 0xE7, 0x1C, 0xDF, 0x18, 0xBE, 0x75, 0xA5, 0xF7, 0xAD, 0x81, 0x9A, 0xBE, 0x09,
    0x7A, 0xBE, 0x59, 0xBE, 0x3C, 0xDF, 0xF7, 0xAD, 0x95, 0x9D, 0x7D, 0xE7, 0xB7, 0xAD, 0x55, 0x9D,
    0x7D, 0xEF, 0xF7, 0xAD, 0x82, 0xDA, 0xC6, 0x05, 0x17, 0xB6, 0x9E, 0xEF, 0x79, 0xCE, 0x59, 0xC6,
    0xB6, 0xAD, 0x79, 0xBE, 0x81, 0x9A, 0xCE, 0x0F, 0x99, 0xBE, 0xBA, 0xCE, 0x79, 0xC6, 0xF7, 0xAD,
    0x9E, 0xEF, 0xDA, 0xD6, 0x18, 0xBE, 0xF4, 0x94, 0x5A, 0xB6, 0x59, 0xC6, 0x9A, 0xCE, 0x96, 0x9D,
    0x7D, 0xE7, 0xB6, 0xAD, 0x55, 0x9D, 0x7D, 0xE7, 0x81, 0xD7, 0xAD, 0x1C, 0x9E, 0xEF, 0xD7, 0xAD,
    0xF7, 0xAD, 0x9E, 0xEF, 0xD7, 0xAD, 0x9A, 0xBE, 0xBA, 0xBE, 0xBA, 0xC6, 0x18, 0xB6, 0x9E, 0xEF,
    0x38, 0xBE, 0xFB, 0xDE, 0x99, 0xCE, 0xF7, 0xAD, 0xBA, 0xCE, 0x79, 0xC6, 0x75, 0x9D, 0xFB, 0xDE,
    0x18, 0xB6, 0xF7, 0xAD, 0x9E, 0xEF, 0x92, 0x84, 0x7D, 0xEF, 0x9E, 0xEF, 0xF7, 0xB5, 0xBA, 0xCE,
    0x59, 0xC6, 0x97, 0xA5, 0x7D, 0xE7, 0x81, 0x59, 0xC6, 0x07, 0x9E, 0xEF, 0xD7, 0xAD, 0xF8, 0xB5,
    0x9E, 0xEF, 0x76, 0x9D, 0x59, 0xB6, 0x9A, 0xBE, 0xBA, 0xBE, 0x81, 0xBA, 0xC6, 0x81, 0x9A, 0xBE,
    0x03, 0xBA, 0xBE, 0xBA, 0xC6, 0x7A, 0xBE, 0xBA, 0xBE, 0x82, 0xBA, 0xC6, 0x00, 0xBA, 0xBE, 0x81,
    0x9A, 0xBE, 0x03, 0xBA, 0xBE, 0xB6, 0xA5, 0x9E, 0xEF, 0x17, 0xB6, 0x81, 0xBA, 0xBE, 0x1C, 0x59,
    0xBE, 0x5D, 0xE7, 0x17, 0xB6, 0x79, 0xC6, 0x3C, 0xE7, 0x75, 0x9D, 0xDB, 0xD6, 0xBA, 0xD6, 0x18,
    0xBE, 0x9D, 0xEF, 0x38, 0xBE, 0xD7, 0xA5, 0x9E, 0xEF, 0x38, 0xBE, 0xB7, 0xA5, 0x9E, 0xEF, 0x18,
    0xB6, 0xB6, 0xA5, 0x9E, 0xEF, 0xDB, 0xD6, 0x7E, 0xEF, 0x76, 0xA5, 0x97, 0x9D, 0x55, 0xA5, 0xF8,
    0xB5, 0x3C, 0xDF, 0x5D, 0xE7, 0x17, 0xAE, 0xBA, 0xBE, 0x81, 0x9A, 0xBE, 0x08, 0x59, 0xC6, 0x3C,
    0xDF, 0xF7, 0xAD, 0x95, 0xA5, 0x7D, 0xE7, 0xD7, 0xAD, 0x55, 0x9D, 0x7D, 0xEF, 0xF7, 0xAD, 0x82,
    0xDA, 0xC6, 0x05, 0x17, 0xB6, 0x9E, 0xEF, 0xF7, 0xAD, 0xBA, 0xC6, 0xBA, 0xBE, 0x9A, 0xBE, 0x81,
    0x9A, 0xCE, 0x0F, 0x38, 0xB6, 0x9A, 0xCE, 0x59, 0xC6, 0x96, 0xA5, 0xB6, 0xAD, 0x18, 0xBE, 0x5D,
    0xE7, 0xBA, 0xCE, 0x3A, 0xB6, 0x59, 0xC6, 0x9A, 0xCE, 0x96, 0xA5, 0x7D, 0xEF, 0xD6, 0xAD, 0x75,
    0x9D, 0x7D, 0xEF, 0x81, 0xD7, 0xAD, 0x05, 0x9E, 0xEF, 0xF7, 0xAD, 0x17, 0xB6, 0x9E, 0xEF, 0xD7,
    0xAD, 0xBA, 0xBE, 0x81, 0xBA, 0xC6, 0x0F, 0x38, 0xB6, 0x9E, 0xEF, 0x38, 0xBE, 0xF7, 0xB5, 0x96,
    0xA5, 0x99, 0xBE, 0xBA, 0xCE, 0x79, 0xC6, 0x55, 0x9D, 0xFB, 0xD6, 0x18, 0xB6, 0xD7, 0xAD, 0xFC,
    0xD6, 0xFC, 0xDE, 0xDB, 0xD6, 0xB6, 0xAD, 0x81, 0x9E, 0xEF, 0x0B, 0x56, 0x9D, 0xB7, 0xA5, 0x7E,
    0xE7, 0x59, 0xC6, 0x18, 0xBE, 0x38, 0xBE, 0xD6, 0xAD, 0x18, 0xB6, 0x9E, 0xEF, 0x96, 0xA5, 0x9A,
    0xBE, 0xBA, 0xBE, 0x82, 0xBA, 0xC6, 0x81, 0xBA, 0xBE, 0x81, 0xBA, 0xC6, 0x02, 0x7A, 0xBE, 0xBA,
    0xC6, 0xDA, 0xC6, 0x82, 0xBA, 0xC6, 0x81, 0xBA, 0xBE, 0x03, 0xBA, 0xC6, 0xB6, 0xA5, 0x9E, 0xEF,
    0x17, 0xB6, 0x81, 0xBA, 0xC6, 0x1C, 0x59, 0xBE, 0x5D, 0xE7, 0x37, 0xB6, 0x59, 0xC6, 0x3C, 0xE7,
    0x75, 0x9D, 0x1B, 0xDF, 0x3C, 0xDF, 0x99, 0xCE, 0x7D, 0xEF, 0x38, 0xBE, 0xB7, 0xA5, 0x9E, 0xEF,
    0x38, 0xBE, 0x97, 0xA5, 0x7E, 0xEF, 0x18, 0xB6, 0xB6, 0xA5, 0x9E, 0xEF, 0x96, 0xA5, 0x9A, 0xCE,
    0xDB, 0xD6, 0xB3, 0x84, 0xBA, 0xCE, 0xDB, 0xD6, 0x3C, 0xDF, 0x38, 0xBE, 0x58, 0xB6, 0xBA, 0xC6,
    0x81, 0xBA, 0xBE, 0x08, 0xD7, 0xB5, 0x7D, 0xEF, 0xDB, 0xD6, 0x95, 0xA5, 0x38, 0xBE, 0x5D, 0xE7,
    0x3C, 0xE7, 0x9A, 0xCE, 0x38, 0xB6, 0x81, 0xDA, 0xC6, 0x0C, 0xBA, 0xC6, 0x17, 0xB6, 0x9E, 0xEF,
    0xF7, 0xAD, 0xBA, 0xC6, 0x9A, 0xBE, 0x7A, 0xBE, 0x18, 0xBE, 0x5D, 0xE7, 0xBB, 0xD6, 0xFC, 0xDE,
    0x59, 0xC6, 0xD7, 0xAD, 0x81, 0xDB, 0xD6, 0x10, 0x1C, 0xDF, 0x96, 0xAD, 0x5A, 0xB6, 0x59, 0xC6,
    0x9A, 0xCE, 0x58, 0xB6, 0x38, 0xBE, 0x5D, 0xE7, 0x3C, 0xE7, 0x9A, 0xCE, 0x18, 0xAE, 0xF7, 0xAD,
    0x9E, 0xEF, 0xF7, 0xB5, 0x17, 0xB6, 0x9E, 0xEF, 0xF7, 0xAD, 0x81, 0xBA, 0xC6, 0x03, 0xDA, 0xC6,
    0x38, 0xB6, 0x9E, 0xEF, 0xB6, 0xA5, 0x81, 0xBA, 0xC6, 0x10, 0xBA, 0xBE, 0xB6, 0xAD, 0x7D, 0xEF,
    0xFB, 0xD6, 0x5D, 0xE7, 0x75, 0x9D, 0x59, 0xB6, 0x39, 0xBE, 0x9E, 0xEF, 0x18, 0xB6, 0x75, 0x9D,
    0x9E, 0xEF, 0x1C, 0xDF, 0xD7, 0xA5, 0xF8, 0xAD, 0x18, 0xBE, 0x1C, 0xDF, 0x81, 0xDB, 0xD6, 0x04,
    0xD6, 0xAD, 0x17, 0xB6, 0x9E, 0xEF, 0xB6, 0xA5, 0xBA, 0xBE, 0x81, 0xBA, 0xC6, 0x81, 0xDA, 0xC6,
    0x83, 0xBA, 0xC6, 0x01, 0x9A, 0xBE, 0xBA, 0xC6, 0x81, 0xDA, 0xC6, 0x81, 0xBA, 0xC6, 0x81, 0x9A,
    0xBE, 0x05, 0xBA, 0xC6, 0x38, 0xB6, 0x17, 0xB6, 0x38, 0xB6, 0xBA, 0xC6, 0xBA, 0xBE, 0x81, 0xF7,
    0xAD, 0x03, 0x79, 0xBE, 0xF7, 0xAD, 0xD7, 0xAD, 0x59, 0xB6, 0x81, 0xF7, 0xAD, 0x00, 0xD7, 0xAD,
    0x81, 0xF7, 0xAD, 0x03, 0x19, 0xAE, 0xD7, 0xAD, 0xF7, 0xAD, 0x38, 0xB6, 0x81, 0xF7, 0xAD, 0x0A,
    0x38, 0xB6, 0xD7, 0xAD, 0xD8, 0xA5, 0x97, 0xA5, 0xD7, 0xA5, 0xD8, 0xA5, 0xB7, 0xA5, 0xF7, 0xAD,
    0x17, 0xB6, 0x37, 0xB6, 0xBA, 0xC6, 0x81, 0xBA, 0xBE, 0x05, 0x9A, 0xBE, 0x18, 0xAE, 0xF7, 0xAD,
    0x17, 0xB6, 0x58, 0xB6, 0x17, 0xB6, 0x82, 0xF7, 0xAD, 0x07, 0xBA, 0xC6, 0xDA, 0xC6, 0x9A, 0xBE,
    0xBA, 0xBE, 0x38, 0xB6, 0xF7, 0xAD, 0x38, 0xB6, 0xBA, 0xC6, 0x81, 0x9A, 0xBE, 0x00, 0xF8, 0xAD,
    0x81, 0xF7, 0xAD, 0x81, 0xD7, 0xA5, 0x09, 0x79, 0xBE, 0xB7, 0xA5, 0xD7, 0xA5, 0xB7, 0xA5, 0x19,
    0xAE, 0x7A, 0xBE, 0xB7, 0xA5, 0xD7, 0xAD, 0xBA, 0xC6, 0x17, 0xB6, 0x82, 0xF7, 0xAD, 0x07, 0x9A,
    0xBE, 0x38, 0xB6, 0xF7, 0xAD, 0x38, 0xB6, 0x58, 0xB6, 0x17, 0xB6, 0x38, 0xB6, 0xBA, 0xBE, 0x81,
    0xBA, 0xC6, 0x06, 0x38, 0xB6, 0xF7, 0xAD, 0x38, 0xAE, 0xBA, 0xC6, 0xDA, 0xC6, 0xBA, 0xC6, 0x59,
    0xB6, 0x81, 0xD7, 0xAD, 0x02, 0xB7, 0xA5, 0x99, 0xBE, 0xBA, 0xBE, 0x82, 0xF7, 0xAD, 0x0D, 0x39,
    0xB6, 0xD7, 0xA5, 0x97, 0xA5, 0x5A, 0xB6, 0x7A, 0xBE, 0x19, 0xAE, 0xD7, 0xAD, 0xF7, 0xAD, 0xF6,
    0xAD, 0x99, 0xBE, 0x38, 0xB6, 0xF7, 0xAD, 0x18, 0xAE, 0x9A, 0xBE, 0x81, 0xBA, 0xC6, 0x81, 0xDA,
    0xC6, 0x01, 0xBA, 0xC6, 0xBA, 0xBE, 0x83, 0xBA, 0xC6, 0x81, 0xDA, 0xC6, 0x00, 0xBA, 0xC6, 0x83,
    0xBA, 0xBE, 0x81, 0x9A, 0xBE, 0x00, 0xBA, 0xBE, 0x81, 0xBA, 0xC6, 0x00, 0xBA, 0xBE, 0x82, 0xBA,
    0xC6, 0x01, 0x9A, 0xBE, 0xBA, 0xBE, 0x81, 0xDA, 0xC6, 0x81, 0xBA, 0xC6, 0x83, 0xBA, 0xBE, 0x02,
    0xBA, 0xC6, 0xBA, 0xBE, 0x9A, 0xBE, 0x81, 0x7A, 0xBE, 0x81, 0x5B, 0xB6, 0x02, 0x7B, 0xB6, 0x9A,
    0xBE, 0xBA, 0xBE, 0x81, 0xBA, 0xC6, 0x01, 0xDA, 0xC6, 0xBA, 0xC6, 0x83, 0xBA, 0xBE, 0x82, 0x9A,
    0xBE, 0x81, 0xBA, 0xC6, 0x81, 0xBA, 0xBE, 0x81, 0xBA, 0xC6, 0x81, 0x9A, 0xBE, 0x82, 0xDA, 0xC6,
    0x00, 0xBA, 0xC6, 0x83, 0xBA, 0xBE, 0x81, 0xBA, 0xC6, 0x81, 0x9A, 0xBE, 0x05, 0x7A, 0xBE, 0x7B,
    0xB6, 0x5B, 0xB6, 0x7B, 0xB6, 0x9A, 0xBE, 0xBA, 0xBE, 0x81, 0xBA, 0xC6, 0x01, 0xDA, 0xC6, 0xBA,
    0xC6, 0x82, 0xBA, 0xBE, 0x83, 0x9A, 0xBE, 0x81, 0xBA, 0xC6, 0x81, 0xBA, 0xBE, 0x01, 0xBA, 0xC6,
    0xDA, 0xC6, 0x81, 0x9A, 0xBE, 0x00, 0xBA, 0xC6, 0x81, 0xDA, 0xC6, 0x00, 0xBA, 0xC6, 0x83, 0xBA,
    0xBE, 0x81, 0xBA, 0xC6, 0x81, 0x9A, 0xBE, 0x01, 0x7A, 0xBE, 0x7A, 0xB6, 0x81, 0x5B, 0xB6, 0x81,
    0x9A, 0xBE, 0x81, 0xBA, 0xC6, 0x81, 0xDA, 0xC6, 0x00, 0xBA, 0xC6, 0x81, 0xBA, 0xBE, 0x01, 0x9A,
    0xBE, 0xBA, 0xBE, 0x81, 0x9A, 0xBE, 0x82, 0xBA, 0xC6, 0x01, 0xBA, 0xBE, 0xBA, 0xC6, 0x81, 0xBA,
    0xBE, 0x81, 0xBA, 0xC6, 0x81, 0xBA, 0xBE, 0x82, 0xBA, 0xC6, 0x02, 0x7A, 0xB6, 0x7B, 0xB6, 0x9A,
    0xBE, 0x81, 0xBA, 0xC6, 0x81, 0xBA, 0xBE, 0x03, 0xBA, 0xC6, 0xBA, 0xBE, 0x9A, 0xBE, 0xBA, 0xC6,
    0x81, 0xDA, 0xC6, 0x81, 0xBA, 0xC6, 0x00, 0xBA, 0xBE, 0x83, 0xBA, 0xC6, 0x07, 0x9A, 0xBE, 0x7A,
    0xBE, 0x7A, 0xB6, 0x7A, 0xBE, 0x7A, 0xB6, 0x5B, 0xB6, 0x7A, 0xBE, 0x9A, 0xBE, 0x81, 0xBA, 0xBE,
    0x82, 0xBA, 0xC6, 0x00, 0xBA, 0xBE, 0x81, 0xBA, 0xC6, 0x04, 0xDA, 0xC6, 0x7A, 0xBE, 0x7B, 0xB6,
    0x7A, 0xBE, 0xBA, 0xBE, 0x81, 0xBA, 0xC6, 0x00, 0x9A, 0xBE, 0x81, 0xBA, 0xC6, 0x01, 0x9A, 0xBE,
    0xBA, 0xC6, 0x82, 0xDA, 0xC6, 0x01, 0xBA, 0xC6, 0xBA, 0xBE, 0x83, 0xBA, 0xC6, 0x81, 0x9A, 0xBE,
    0x00, 0x7A, 0xB6, 0x81, 0x7A, 0xBE, 0x02, 0x5B, 0xB6, 0x7A, 0xB6, 0x9A, 0xBE, 0x81, 0xBA, 0xBE,
    0x82, 0xBA, 0xC6, 0x81, 0xBA, 0xBE, 0x05, 0xBA, 0xC6, 0xDA, 0xC6, 0x9A, 0xBE, 0x7B, 0xB6, 0x7A,
    0xBE, 0xBA, 0xBE, 0x81, 0xBA, 0xC6, 0x04, 0x9A, 0xBE, 0xBA, 0xBE, 0xBA, 0xC6, 0x9A, 0xBE, 0xBA,
    0xBE, 0x82, 0xDA, 0xC6, 0x01, 0xBA, 0xC6, 0xBA, 0xBE, 0x83, 0xBA, 0xC6, 0x07, 0xBA, 0xBE, 0x9A,
    0xBE, 0x7A, 0xBE, 0x7A, 0xB6, 0x7A, 0xBE, 0x5B, 0xB6, 0x7B, 0xB6, 0x9A, 0xBE, 0x82, 0xBA, 0xBE,
    0x81, 0xBA, 0xC6, 0x81, 0xBA, 0xBE, 0x02, 0xBA, 0xC6, 0xDA, 0xC6, 0xBA, 0xBE, 0x81, 0x7B, 0xB6,
    0x00, 0x9A, 0xBE, 0x81, 0xBA, 0xC6, 0x01, 0x9A, 0xBE, 0xBA, 0xBE, 0x81, 0x9A, 0xBE, 0x09, 0xBA,
    0xBE, 0xBA, 0xC6, 0x9A, 0xBE, 0xD7, 0xA5, 0xB6, 0xA5, 0xD7, 0xAD, 0x9A, 0xBE, 0x7A, 0xB6, 0x7B,
    0xB6, 0x9A, 0xBE, 0x82, 0xBA, 0xC6, 0x00, 0xBA, 0xBE, 0x81, 0xBA, 0xC6, 0x02, 0xBA, 0xBE, 0xBA,
    0xC6, 0xDA, 0xC6, 0x82, 0xBA, 0xC6, 0x00, 0x79, 0xBE, 0x81, 0xB6, 0xA5, 0x81, 0xBA, 0xC6, 0x83,
    0x9A, 0xBE, 0x03, 0x7A, 0xBE, 0x7A, 0xB6, 0x9A, 0xBE, 0xBA, 0xBE, 0x82, 0x9A, 0xBE, 0x08, 0xBA,
    0xC6, 0xBA, 0xBE, 0x9A, 0xBE, 0xBA, 0xBE, 0xBA, 0xC6, 0xBA, 0xBE, 0x7A, 0xBE, 0x7B, 0xB6, 0x9A,
    0xBE, 0x82, 0xBA, 0xC6, 0x81, 0xBA, 0xBE, 0x08, 0xBA, 0xC6, 0xBA, 0xBE, 0xD7, 0xAD, 0xD6, 0xA5,
    0x79, 0xBE, 0xD6, 0xAD, 0xB6, 0xA5, 0x79, 0xBE, 0x9A, 0xBE, 0x81, 0xB6, 0xA5, 0x02, 0x38, 0xB6,
    0x96, 0xA5, 0x96, 0x9D, 0x82, 0x9A, 0xBE, 0x03, 0x7A, 0xB6, 0x7A, 0xBE, 0x9A, 0xBE, 0xBA, 0xBE,
    0x81, 0x9A, 0xBE, 0x03, 0x18, 0xAE, 0xB6, 0xA5, 0x18, 0xAE, 0x9A, 0xBE, 0x81, 0xBA, 0xC6, 0x05,
    0x9A, 0xBE, 0x5A, 0xB6, 0x7A, 0xBE, 0x9A, 0xBE, 0xBA, 0xBE, 0xBA, 0xC6, 0x81, 0xBA, 0xBE, 0x02,
    0xBA, 0xC6, 0xBA, 0xBE, 0xBA, 0xC6, 0x82, 0xDA, 0xC6, 0x81, 0xBA, 0xC6, 0x00, 0xBA, 0xBE, 0x82,
    0xBA, 0xC6, 0x04, 0xBA, 0xBE, 0x9A, 0xBE, 0x59, 0xB6, 0x96, 0x9D, 0xB7, 0xA5, 0x81, 0x7A, 0xBE,
    0x05, 0x9A, 0xBE, 0x59, 0xB6, 0xB6, 0xA5, 0xB7, 0xA5, 0xBA, 0xBE, 0xBA, 0xC6, 0x81, 0x9A, 0xBE,
    0x81, 0xBA, 0xC6, 0x03, 0x9A, 0xBE, 0x7B, 0xB6, 0x7A, 0xB6, 0x9A, 0xBE, 0x82, 0xBA, 0xC6, 0x02,
    0xBA, 0xBE, 0x9A, 0xBE, 0xBA, 0xBE, 0x81, 0x9A, 0xBE, 0x07, 0xB7, 0xA5, 0xDB, 0xD6, 0x1C, 0xDF,
    0x17, 0xB6, 0xBA, 0xBE, 0x7A, 0xBE, 0x7A, 0xB6, 0x9A, 0xBE, 0x86, 0xBA, 0xC6, 0x07, 0xDA, 0xC6,
    0xBA, 0xC6, 0xB6, 0xAD, 0xD7, 0xB5, 0xBA, 0xBE, 0x38, 0xB6, 0x1C, 0xDF, 0x59, 0xC6, 0x88, 0x9A,
    0xBE, 0x01, 0xBA, 0xBE, 0x9A, 0xBE, 0x82, 0xBA, 0xBE, 0x02, 0x9A, 0xBE, 0x7A, 0xBE, 0x9A, 0xBE,
    0x81, 0xBA, 0xC6, 0x03, 0x9A, 0xBE, 0x7A, 0xB6, 0x9A, 0xBE, 0xBA, 0xBE, 0x85, 0xBA, 0xC6, 0x0B,
    0x59, 0xC6, 0x5C, 0xE7, 0x38, 0xB6, 0x18, 0xB6, 0xBA, 0xCE, 0x38, 0xB6, 0x96, 0xAD, 0x1C, 0xDF,
    0xFC, 0xDE, 0x76, 0x9D, 0x38, 0xBE, 0xF8, 0xB5, 0x84, 0x9A, 0xBE, 0x82, 0xBA, 0xBE, 0x04, 0xBA,
    0xC6, 0x18, 0xB6, 0x9E, 0xEF, 0x96, 0x9D, 0x9A, 0xBE, 0x81, 0xBA, 0xC6, 0x06, 0x18, 0xAE, 0x76,
    0x9D, 0x7A, 0xC6, 0x7A, 0xCE, 0x9A, 0xCE, 0x96, 0xA5, 0x79, 0xBE, 0x82, 0xBA, 0xC6, 0x81, 0xDA,
    0xC6, 0x83, 0xBA, 0xC6, 0x85, 0x9A, 0xBE, 0x02, 0x18, 0xAE, 0x1C, 0xDF, 0x59, 0xC6, 0x81, 0x9A,
    0xBE, 0x03, 0xBA, 0xBE, 0x18, 0xAE, 0xDB, 0xD6, 0x17, 0xB6, 0x81, 0x9A, 0xBE, 0x01, 0x7A, 0xBE,
    0x9A, 0xBE, 0x81, 0xBA, 0xC6, 0x00, 0xBA, 0xBE, 0x81, 0x7A, 0xBE, 0x00, 0x9A, 0xBE, 0x83, 0xBA,
    0xC6, 0x00, 0xBA, 0xBE, 0x82, 0x9A, 0xBE, 0x0D, 0x96, 0xAD, 0x9E, 0xEF, 0xF7, 0xB5, 0xB6, 0xA5,
    0x18, 0xAE, 0x96, 0xA5, 0x39, 0xBE, 0xB7, 0xAD, 0x39, 0xB6, 0x59, 0xB6, 0x18, 0xB6, 0xB6, 0xAD,
    0x58, 0xBE, 0xF7, 0xAD, 0x81, 0xDA, 0xC6, 0x06, 0xD7, 0xAD, 0xFB, 0xD6, 0xFB, 0xDE, 0x38, 0xBE,
    0x96, 0xA5, 0x1C, 0xDF, 0x59, 0xC6, 0x81, 0x39, 0xBE, 0x02, 0x56, 0x95, 0x5A, 0xB6, 0x55, 0x9D,
    0x81, 0x38, 0xBE, 0x0B, 0x76, 0x9D, 0xBA, 0xBE, 0xBA, 0xC6, 0xBA, 0xBE, 0x9A, 0xBE, 0xB7, 0xAD,
    0x18, 0xB6, 0xB7, 0xAD, 0x39, 0xBE, 0xF4, 0x8C, 0x58, 0xBE, 0xB6, 0xA5, 0x81, 0x39, 0xB6, 0x00,
    0x55, 0x95, 0x81, 0x38, 0xBE, 0x1D, 0x95, 0x9D, 0xBA, 0xC6, 0x17, 0xAE, 0x96, 0xA5, 0x58, 0xBE,
    0xBA, 0xD6, 0x5C, 0xE7, 0x38, 0xB6, 0x55, 0x9D, 0x96, 0xAD, 0xB6, 0xA5, 0xBA, 0xCE, 0x3C, 0xE7,
    0x34, 0x9D, 0x19, 0xAE, 0x35, 0x9D, 0x14, 0x95, 0x7A, 0xBE, 0x96, 0x9D, 0x18, 0xB6, 0x39, 0xBE,
    0x96, 0xA5, 0x9A, 0xBE, 0x38, 0xB6, 0x96, 0xA5, 0x38, 0xBE, 0x59, 0xC6, 0x9E, 0xEF, 0x96, 0x9D,
    0x9A, 0xBE, 0x81, 0xBA, 0xBE, 0x18, 0x96, 0xA5, 0x7E, 0xE7, 0xD7, 0xB5, 0xF8, 0xB5, 0xF7, 0xB5,
    0xBA, 0xCE, 0x38, 0xB6, 0xB6, 0xAD, 0xF7, 0xB5, 0x17, 0xB6, 0xD6, 0xAD, 0xF7, 0xAD, 0x58, 0xBE,
    0x38, 0xBE, 0xF7, 0xAD, 0x58, 0xB6, 0x79, 0xBE, 0xF7, 0xB5, 0x96, 0xA5, 0x39, 0xBE, 0xB7, 0xAD,
    0x19, 0xAE, 0x18, 0xAE, 0x1C, 0xDF, 0x59, 0xC6, 0x81, 0x38, 0xBE, 0x05, 0x96, 0x9D, 0x18, 0xAE,
    0x96, 0xAD, 0x55, 0x9D, 0x59, 0xB6, 0x55, 0x9D, 0x81, 0x39, 0xBE, 0x02, 0xB6, 0xAD, 0x99, 0xBE,
    0x96, 0xA5, 0x81, 0x39, 0xBE, 0x01, 0x96, 0xA5, 0x9A, 0xBE, 0x85, 0xBA, 0xC6, 0x0E, 0xBA, 0xBE,
    0xB6, 0xAD, 0x9E, 0xEF, 0x59, 0xC6, 0xB6, 0xA5, 0xF7, 0xB5, 0x7D, 0xE7, 0x79, 0xC6, 0x7D, 0xEF,
    0x34, 0x95, 0x38, 0xB6, 0x3C, 0xDF, 0xFB, 0xD6, 0x59, 0xC6, 0xD7, 0xA5, 0x81, 0xBA, 0xC6, 0x00,
    0xB6, 0xA5, 0x81, 0x1C, 0xDF, 0x0D, 0x58, 0xBE, 0x95, 0x9D, 0x1C, 0xDF, 0xDB, 0xD6, 0x39, 0xBE,
    0x5D, 0xE7, 0x39, 0xBE, 0x96, 0x9D, 0x3C, 0xE7, 0xDA, 0xD6, 0xBA, 0xCE, 0xDB, 0xD6, 0xD7, 0xA5,
    0xBA, 0xBE, 0x81, 0xBA, 0xC6, 0x28, 0x58, 0xBE, 0x7D, 0xEF, 0x38, 0xBE, 0x5D, 0xE7, 0xDB, 0xD6,
    0xBA, 0xCE, 0x9E, 0xEF, 0xB7, 0xA5, 0x76, 0x9D, 0x5D, 0xE7, 0xBA, 0xCE, 0x3C, 0xE7, 0x59, 0xC6,
    0x18, 0xAE, 0x18, 0xBE, 0x5D, 0xE7, 0x58, 0xBE, 0xFB, 0xD6, 0x5C, 0xE7, 0x18, 0xAE, 0x59, 0xC6,
    0x3C, 0xDF, 0x95, 0x9D, 0xDB, 0xD6, 0x5D, 0xE7, 0x96, 0xA5, 0x5A, 0xB6, 0x9A, 0xCE, 0x59, 0xC6,
    0x18, 0xAE, 0xDA, 0xD6, 0xFB, 0xD6, 0x59, 0xC6, 0x1C, 0xDF, 0xD7, 0xAD, 0x96, 0xA5, 0x7D, 0xEF,
    0x59, 0xC6, 0x9A, 0xCE, 0x9E, 0xEF, 0x96, 0x9D, 0x81, 0x9A, 0xBE, 0x0C, 0x79, 0xBE, 0xBA, 0xCE,
    0x59, 0xC6, 0xF8, 0xAD, 0xB7, 0xA5, 0xD6, 0xA5, 0x71, 0x84, 0x38, 0xB6, 0x59, 0xC6, 0x3D, 0xE7,
    0x58, 0xBE, 0xB6, 0xAD, 0x18, 0xB6, 0x81, 0x59, 0xC6, 0x1B, 0x9D, 0xEF, 0x96, 0xAD, 0x79, 0xBE,
    0xFB, 0xD6, 0xDB, 0xD6, 0x5A, 0xC6, 0x7E, 0xE7, 0x76, 0xA5, 0x38, 0xB6, 0x1C, 0xDF, 0xFB, 0xD6,
    0x39, 0xBE, 0x7D, 0xE7, 0x59, 0xBE, 0x18, 0xAE, 0x5D, 0xE7, 0x59, 0xBE, 0x96, 0xA5, 0x5D, 0xE7,
    0xBA, 0xCE, 0x39, 0xBE, 0x38, 0xBE, 0xB6, 0xA5, 0x5D, 0xE7, 0x39, 0xBE, 0x38, 0xBE, 0xF8, 0xB5,
    0xBA, 0xBE, 0x84, 0xBA, 0xC6, 0x0D, 0xDA, 0xC6, 0xBA, 0xC6, 0xF7, 0xAD, 0x9E, 0xEF, 0xD7, 0xAD,
    0x39, 0xB6, 0xFB, 0xD6, 0x38, 0xBE, 0x96, 0xA5, 0x1C, 0xDF, 0x59, 0xC6, 0x38, 0xB6, 0x3C, 0xDF,
    0x59, 0xC6, 0x81, 0xBA, 0xBE, 0x82, 0xBA, 0xC6, 0x0F, 0x79, 0xC6, 0x9A, 0xCE, 0x9A, 0xBE, 0x38,
    0xB6, 0x1C, 0xDF, 0x59, 0xBE, 0xF8, 0xA5, 0x1C, 0xDF, 0x59, 0xBE, 0x18, 0xB6, 0x9E, 0xEF, 0x9A,
    0xCE, 0xFB, 0xD6, 0x9E, 0xEF, 0xD7, 0xA5, 0xBA, 0xBE, 0x81, 0xBA, 0xC6, 0x28, 0x58, 0xBE, 0x5D,
    0xE7, 0x55, 0x9D, 0x3C, 0xDF, 0x59, 0xBE, 0x18, 0xB6, 0x9E, 0xEF, 0xB7, 0xA5, 0x38, 0xBE, 0x9E,
    0xEF, 0x55, 0x9D, 0x18, 0xBE, 0x7D, 0xE7, 0x75, 0x9D, 0x1C, 0xDF, 0x59, 0xC6, 0x79, 0xBE, 0x59,
    0xC6, 0x5C, 0xE7, 0x38, 0xB6, 0x59, 0xC6, 0x3C, 0xDF, 0x38, 0xB6, 0x59, 0xC6, 0xFC, 0xDE, 0xF9,
    0xAD, 0x5A, 0xB6, 0x9A, 0xCE, 0x79, 0xC6, 0xF7, 0xAD, 0x9E, 0xEF, 0xBB, 0xD6, 0xDB, 0xD6, 0x9E,
    0xEF, 0xF7, 0xAD, 0x79, 0xC6, 0x9A, 0xCE, 0x58, 0xB6, 0x37, 0xB6, 0x9E, 0xEF, 0x96, 0x9D, 0x81,
    0x9A, 0xBE, 0x1E, 0x59, 0xB6, 0xBB, 0xD6, 0x59, 0xC6, 0x38, 0xB6, 0x59, 0xC6, 0x5C, 0xE7, 0x1C,
    0xDF, 0x38, 0xB6, 0x59, 0xC6, 0xFB, 0xDE, 0x59, 0xB6, 0xBA, 0xC6, 0x54, 0x9D, 0xF7, 0xB5, 0xBA,
    0xCE, 0x5D, 0xE7, 0x38, 0xC6, 0x59, 0xB6, 0xDB, 0xD6, 0x18, 0xBE, 0xB8, 0xA5, 0xFC, 0xD6, 0x39,
    0xBE, 0x38, 0xB6, 0x1C, 0xDF, 0x59, 0xC6, 0x18, 0xAE, 0x3C, 0xDF, 0x59, 0xC6, 0x18, 0xAE, 0x5D,
    0xE7, 0x81, 0x58, 0xBE, 0x08, 0x9E, 0xEF, 0x76, 0x9D, 0x59, 0xB6, 0xD8, 0xA5, 0xD7, 0xAD, 0x7D,
    0xE7, 0x1C, 0xDF, 0x9A, 0xCE, 0x14, 0x95, 0x81, 0xBA, 0xC6, 0x81, 0xBA, 0xBE, 0x81, 0xBA, 0xC6,
    0x0F, 0xDA, 0xC6, 0xBA, 0xBE, 0xD7, 0xAD, 0x7E, 0xEF, 0xD7, 0xA5, 0x39, 0xB6, 0x79, 0xC6, 0xDB,
    0xD6, 0xF3, 0x94, 0x5C, 0xE7, 0xB6, 0xAD, 0x38, 0xB6, 0x3C, 0xDF, 0x59, 0xBE, 0x9A, 0xBE, 0xBA,
    0xBE, 0x82, 0xBA, 0xC6, 0x0F, 0x79, 0xC6, 0x9A, 0xCE, 0xB6, 0xA5, 0xD7, 0xAD, 0x1C, 0xDF, 0x39,
    0xBE, 0xF8, 0xAD, 0x1C, 0xDF, 0x59, 0xBE, 0xB6, 0xAD, 0x7D, 0xE7, 0x96, 0xAD, 0xF3, 0x94, 0xD6,
    0xAD, 0xD7, 0xA5, 0xBA, 0xBE, 0x81, 0xBA, 0xC6, 0x4E, 0x58, 0xBE, 0x5D, 0xE7, 0x55, 0x95, 0x1C,
    0xDF, 0x39, 0xBE, 0x18, 0xB6, 0x9E, 0xEF, 0xB7, 0xA5, 0xB6, 0xAD, 0x7D, 0xEF, 0x54, 0x9D, 0x79,
    0xC6, 0xFB, 0xD6, 0x55, 0x95, 0x1C, 0xDF, 0xBA, 0xCE, 0x95, 0x9D, 0x38, 0xBE, 0x3C, 0xE7, 0x38,
    0xB6, 0x59, 0xC6, 0x3C, 0xDF, 0x38, 0xB6, 0x59, 0xBE, 0xFC, 0xDE, 0x19, 0xAE, 0x5A, 0xB6, 0x9A,
    0xCE, 0x79, 0xC6, 0xB7, 0xA5, 0x3C, 0xDF, 0xF7, 0xB5, 0xF3, 0x94, 0x75, 0xA5, 0xD7, 0xA5, 0x79,
    0xC6, 0x1C, 0xDF, 0x75, 0x9D, 0xB6, 0xAD, 0x9E, 0xEF, 0x96, 0x9D, 0x7A, 0xBE, 0x9A, 0xBE, 0x7A,
    0xBE, 0xF7, 0xB5, 0x5D, 0xE7, 0xD7, 0xB5, 0x34, 0x95, 0x58, 0xC6, 0x1C, 0xDF, 0x38, 0xAE, 0x39,
    0xBE, 0xFB, 0xDE, 0x59, 0xB6, 0x99, 0xBE, 0x79, 0xCE, 0x9A, 0xCE, 0xF3, 0x94, 0xFB, 0xD6, 0x38,
    0xBE, 0x59, 0xB6, 0xDB, 0xD6, 0x18, 0xBE, 0x35, 0x95, 0x3D, 0xDF, 0x96, 0xAD, 0x38, 0xB6, 0x1C,
    0xDF, 0x59, 0xC6, 0x38, 0xB6, 0x3C, 0xDF, 0x59, 0xC6, 0x18, 0xAE, 0x5D, 0xE7, 0x58, 0xBE, 0xB6,
    0xAD, 0x7D, 0xE7, 0x55, 0x9D, 0x35, 0x95, 0x81, 0x96, 0xA5, 0x81, 0x14, 0x9D, 0x01, 0x3C, 0xE7,
    0x59, 0xC6, 0x81, 0xBA, 0xC6, 0x81, 0x9A, 0xBE, 0x82, 0xBA, 0xBE, 0x0C, 0x9A, 0xBE, 0xD7, 0xAD,
    0x5D, 0xE7, 0xD7, 0xAD, 0x9A, 0xBE, 0x96, 0xA5, 0x3D, 0xE7, 0x5D, 0xE7, 0xDB, 0xD6, 0xB6, 0xA5,
    0x38, 0xB6, 0xFB, 0xD6, 0x38, 0xBE, 0x84, 0xBA, 0xBE, 0x0A, 0xD7, 0xB5, 0x5D, 0xE7, 0x3C, 0xDF,
    0x55, 0x95, 0xDB, 0xD6, 0x18, 0xBE, 0x18, 0xAE, 0xFB, 0xD6, 0x38, 0xBE, 0x18, 0xB6, 0x18, 0xBE,
    0x81, 0x5D, 0xE7, 0x01, 0xDA, 0xD6, 0xF7, 0xAD, 0x82, 0xBA, 0xBE, 0x09, 0x18, 0xBE, 0x1C, 0xDF,
    0x55, 0x9D, 0xFB, 0xD6, 0x38, 0xBE, 0xF8, 0xB5, 0x5D, 0xE7, 0xB7, 0xA5, 0xF8, 0xAD, 0x9A, 0xCE,
    0x81, 0x5D, 0xE7, 0x02, 0x96, 0xA5, 0x59, 0xB6, 0x75, 0xA5, 0x81, 0x5D, 0xE7, 0x17, 0xDB, 0xD6,
    0xFB, 0xDE, 0x18, 0xAE, 0x38, 0xBE, 0xFB, 0xD6, 0x18, 0xAE, 0x18, 0xBE, 0xDB, 0xD6, 0x39, 0xB6,
    0x7A, 0xBE, 0x79, 0xC6, 0x38, 0xBE, 0x79, 0xBE, 0xB7, 0xAD, 0x3C, 0xDF, 0x5D, 0xE7, 0xFB, 0xD6,
    0xD7, 0xAD, 0x55, 0x9D, 0x1C, 0xDF, 0x5D, 0xE7, 0xDB, 0xD6, 0x5D, 0xE7, 0x96, 0xA5, 0x82, 0x9A,
    0xBE, 0x01, 0x96, 0x9D, 0x18, 0xBE, 0x82, 0x5D, 0xE7, 0x1B, 0xF7, 0xB5, 0x39, 0xAE, 0x18, 0xBE,
    0xDB, 0xD6, 0x59, 0xB6, 0x9A, 0xBE, 0x18, 0xB6, 0x5D, 0xE7, 0x3C, 0xDF, 0xFC, 0xDE, 0x18, 0xBE,
    0x59, 0xB6, 0xDB, 0xD6, 0x7D, 0xE7, 0x5D, 0xE7, 0xDB, 0xD6, 0xB6, 0xA5, 0x38, 0xB6, 0xDB, 0xD6,
    0x38, 0xBE, 0x38, 0xAE, 0xFB, 0xDE, 0x38, 0xBE, 0x18, 0xAE, 0x1C, 0xDF, 0x38, 0xBE, 0x18, 0xAE,
    0x38, 0xBE, 0x81, 0x5D, 0xE7, 0x07, 0x18, 0xBE, 0xB7, 0xA5, 0x1C, 0xDF, 0x5D, 0xE7, 0xFC, 0xDE,
    0x35, 0x95, 0xBA, 0xBE, 0xBA, 0xC6, 0x85, 0x9A, 0xBE, 0x0D, 0x59, 0xB6, 0x18, 0xAE, 0x59, 0xB6,
    0x9A, 0xBE, 0x79, 0xBE, 0x17, 0xAE, 0x18, 0xAE, 0xF8, 0xAD, 0xBA, 0xBE, 0x79, 0xBE, 0x18, 0xAE,
    0x18, 0xB6, 0xBA, 0xC6, 0xBA, 0xBE, 0x82, 0x9A, 0xBE, 0x00, 0x39, 0xB6, 0x81, 0xD8, 0xA5, 0x00,
    0x39, 0xB6, 0x81, 0x18, 0xAE, 0x05, 0x7A, 0xBE, 0xF8, 0xAD, 0x18, 0xAE, 0xBA, 0xBE, 0x59, 0xB6,
    0xF8, 0xAD, 0x81, 0x18, 0xAE, 0x81, 0xBA, 0xC6, 0x81, 0x9A, 0xBE, 0x02, 0x18, 0xAE, 0xF8, 0xAD,
    0x39, 0xB6, 0x81, 0x18, 0xAE, 0x0A, 0x38, 0xB6, 0x18, 0xAE, 0x79, 0xBE, 0xBA, 0xBE, 0x18, 0xAE,
    0xF8, 0xAD, 0x18, 0xAE, 0x59, 0xB6, 0xBA, 0xC6, 0x79, 0xBE, 0x18, 0xAE, 0x82, 0xF8, 0xAD, 0x03,
    0x7A, 0xB6, 0xF8, 0xAD, 0xD8, 0xA5, 0x5A, 0xB6, 0x81, 0x18, 0xAE, 0x01, 0x7A, 0xBE, 0x9A, 0xBE,
    0x81, 0x18, 0xAE, 0x01, 0x9A, 0xBE, 0x7A, 0xB6, 0x82, 0x18, 0xAE, 0x01, 0xBA, 0xBE, 0x9A, 0xBE,
    0x83, 0xF8, 0xAD, 0x00, 0x59, 0xB6, 0x81, 0xBA, 0xBE, 0x07, 0x9A, 0xBE, 0xBA, 0xC6, 0x79, 0xB6,
    0x18, 0xAE, 0xF8, 0xAD, 0x18, 0xAE, 0x79, 0xBE, 0xBA, 0xBE, 0x81, 0x18, 0xAE, 0x81, 0x9A, 0xBE,
    0x00, 0x39, 0xB6, 0x81, 0xF8, 0xAD, 0x81, 0xD8, 0xA5, 0x02, 0x59, 0xB6, 0xFB, 0xD6, 0x38, 0xBE,
    0x81, 0xF8, 0xAD, 0x07, 0xBA, 0xBE, 0x7A, 0xBE, 0xF8, 0xAD, 0x18, 0xAE, 0x79, 0xBE, 0x18, 0xAE,
    0x38, 0xB6, 0x79, 0xBE, 0x81, 0xF8, 0xAD, 0x01, 0x9A, 0xBE, 0x59, 0xB6, 0x82, 0x18, 0xAE, 0x00,
    0x7A, 0xBE, 0x82, 0x18, 0xAE, 0x00, 0x9A, 0xBE, 0x82, 0xBA, 0xBE, 0x02, 0xBA, 0xC6, 0x7A, 0xBE,
    0x7A, 0xB6, 0x8A, 0x9A, 0xBE, 0x83, 0xBA, 0xC6, 0x00, 0xBA, 0xBE, 0x83, 0x9A, 0xBE, 0x81, 0x7A,
    0xBE, 0x81, 0x9A, 0xBE, 0x81, 0xBA, 0xBE, 0x01, 0x9A, 0xBE, 0xBA, 0xC6, 0x81, 0x9A, 0xBE, 0x82,
    0xBA, 0xBE, 0x04, 0xBA, 0xC6, 0xBA, 0xBE, 0x9A, 0xBE, 0x7A, 0xB6, 0x7A, 0xBE, 0x88, 0x9A, 0xBE,
    0x00, 0xBA, 0xBE, 0x83, 0xBA, 0xC6, 0x00, 0xBA, 0xBE, 0x83, 0x9A, 0xBE, 0x82, 0x7A, 0xBE, 0x00,
    0x9A, 0xBE, 0x84, 0xBA, 0xBE, 0x00, 0x9A, 0xBE, 0x82, 0xBA, 0xBE, 0x81, 0xBA, 0xC6, 0x00, 0x9A,
    0xBE, 0x81, 0x7A, 0xBE, 0x88, 0x9A, 0xBE, 0x81, 0xBA, 0xBE, 0x82, 0xBA, 0xC6, 0x00, 0xBA, 0xBE,
    0x83, 0x9A, 0xBE, 0x82, 0x7A, 0xBE, 0x02, 0x39, 0xB6, 0xD7, 0xB5, 0x75, 0xA5, 0x81, 0xBA, 0xBE,
    0x00, 0xBA, 0xC6, 0x81, 0x9A, 0xBE, 0x81, 0xBA, 0xBE, 0x81, 0xBA, 0xC6, 0x00, 0x9A, 0xBE, 0x81,
    0x7A, 0xBE, 0x89, 0x9A, 0xBE, 0x00, 0xBA, 0xBE, 0x82, 0xBA, 0xC6, 0x82, 0x9A, 0xBE, 0x00, 0x7A,
    0xBE, 0x83, 0x9A, 0xBE, 0x82, 0xBA, 0xBE, 0x81, 0xBA, 0xC6, 0x82, 0xBA, 0xBE, 0x89, 0x9A, 0xBE,
    0x83, 0xBA, 0xBE, 0x02, 0x9A, 0xBE, 0xBA, 0xBE, 0xBA, 0xC6, 0x81, 0x9A, 0xBE, 0x00, 0xBA, 0xBE,
    0x83, 0x9A, 0xBE, 0x00, 0x7A, 0xBE, 0x83, 0x9A, 0xBE, 0x82, 0xBA, 0xBE, 0x81, 0xBA, 0xC6, 0x82,
    0xBA, 0xBE, 0x89, 0x9A, 0xBE, 0x01, 0xBA, 0xBE, 0xBA, 0xC6, 0x82, 0xBA, 0xBE, 0x01, 0x9A, 0xBE,
    0xBA, 0xC6, 0x81, 0x9A, 0xBE, 0x81, 0xBA, 0xBE, 0x87, 0x9A, 0xBE, 0x82, 0xBA, 0xBE, 0x81, 0xBA,
    0xC6, 0x83, 0xBA, 0xBE, 0x89, 0x9A, 0xBE, 0x00, 0xBA, 0xC6, 0x82, 0xBA, 0xBE, 0x03, 0x9A, 0xBE,
    0xBA, 0xC6, 0xBA, 0xBE, 0x9A, 0xBE, 0x81, 0xBA, 0xBE, 0x83, 0x9A, 0xBE, 0x00, 0x7A, 0xBE, 0x82,
    0x9A, 0xBE, 0x82, 0xBA, 0xBE, 0x82, 0xBA, 0xC6, 0x82, 0xBA, 0xBE, 0x84, 0x9A, 0xBE, 0x00, 0xBA,
    0xBE, 0x81, 0x9A, 0xBE, 0x82, 0xBA, 0xC6, 0x82, 0xBA, 0xBE, 0x84, 0x9A, 0xBE, 0x01, 0xBA, 0xBE,
    0x9A, 0xBE, 0x81, 0xBA, 0xBE, 0x82, 0x9A, 0xBE, 0x07, 0xBA, 0xBE, 0x9A, 0xBE, 0xBA, 0xBE, 0xBA,
    0xC6, 0xBA, 0xBE, 0x9A, 0xBE, 0xBA, 0xBE, 0x9A, 0xBE, 0x81, 0xBA, 0xBE, 0x85, 0x9A, 0xBE, 0x00,
    0xBA, 0xBE, 0x81, 0x9A, 0xBE, 0x84, 0xBA, 0xC6, 0x00, 0xBA, 0xBE, 0x84, 0x9A, 0xBE, 0x01, 0xBA,
    0xBE, 0x9A, 0xBE, 0x81, 0xBA, 0xBE, 0x82, 0x9A, 0xBE, 0x03, 0xBA, 0xBE, 0x9A, 0xBE, 0xBA, 0xBE,
    0xBA, 0xC6, 0x81, 0xBA, 0xBE, 0x00, 0x9A, 0xBE, 0x82, 0xBA, 0xBE, 0x88, 0x9A, 0xBE, 0x00, 0xBA,
    0xBE, 0x83, 0xBA, 0xC6, 0x00, 0xBA, 0xBE, 0x84, 0x9A, 0xBE, 0x81, 0xBA, 0xBE, 0x00, 0x9A, 0xBE,
    0x81, 0xBA, 0xBE, 0x81, 0x9A, 0xBE, 0x81, 0xBA, 0xBE, 0x00, 0x9A, 0xBE, 0x82, 0xBA, 0xBE, 0x03,
    0x9A, 0xBE, 0xBA, 0xBE, 0x9A, 0xBE, 0xBA, 0xBE, 0x86, 0x9A, 0xBE, 0x02, 0xBA, 0xBE, 0x9A, 0xBE,
    0xBA, 0xBE, 0x82, 0xBA, 0xC6, 0x81, 0xBA, 0xBE, 0x83, 0x9A, 0xBE, 0x81, 0xBA, 0xBE, 0x00, 0x9A,
    0xBE, 0x81, 0xBA, 0xBE, 0x01, 0x9A, 0xBE, 0xBA, 0xBE, 0x81, 0xBA, 0xC6, 0x82, 0xBA, 0xBE, 0x81,
    0x9A, 0xBE, 0x00, 0x7A, 0xBE, 0x81, 0x9A, 0xBE, 0x00, 0xBA, 0xBE, 0x83, 0xBA, 0xC6, 0x05, 0xBA,
    0xBE, 0x9A, 0xBE, 0xBA, 0xBE, 0xBA, 0xC6, 0x9A, 0xBE, 0xBA, 0xBE, 0x83, 0xBA, 0xC6, 0x81, 0xBA,
    0xBE, 0x82, 0x9A, 0xBE, 0x81, 0xBA, 0xBE, 0x81, 0x9A, 0xBE, 0x02, 0xBA, 0xBE, 0x9A, 0xBE, 0xBA,
    0xBE, 0x81, 0xBA, 0xC6, 0x82, 0xBA, 0xBE, 0x81, 0x9A, 0xBE, 0x00, 0x7A, 0xBE, 0x82, 0x9A, 0xBE,
    0x84, 0xBA, 0xC6, 0x04, 0x9A, 0xBE, 0xBA, 0xBE, 0xBA, 0xC6, 0xBA, 0xBE, 0x9A, 0xBE, 0x83, 0xBA,
    0xC6, 0x81, 0xBA, 0xBE, 0x82, 0x9A, 0xBE, 0x81, 0xBA, 0xBE, 0x81, 0x9A, 0xBE, 0x81, 0xBA, 0xBE,
    0x00, 0x9A, 0xBE, 0x81, 0xBA, 0xC6, 0x82, 0xBA, 0xBE, 0x81, 0x9A, 0xBE, 0x00, 0x7A, 0xBE, 0x82,
    0x9A, 0xBE, 0x84, 0xBA, 0xC6, 0x05, 0x9A, 0xBE, 0xBA, 0xBE, 0xBA, 0xC6, 0xBA, 0xBE, 0x9A, 0xBE,
    0xBA, 0xBE, 0x82, 0xBA, 0xC6, 0x81, 0xBA, 0xBE, 0x83, 0x9A, 0xBE, 0x00, 0xBA, 0xBE, 0x81, 0x9A,
    0xBE, 0x81, 0xBA, 0xBE, 0x02, 0x9A, 0xBE, 0xBA, 0xBE, 0xBA, 0xC6, 0x83, 0xBA, 0xBE, 0x81, 0x9A,
    0xBE, 0x00, 0x7A, 0xBE,
};
